date,open,high,low,close,volume
13-09-1999,3.952,3.952,3.952,3.952,0
14-09-1999,3.952,3.952,3.952,3.952,0
15-09-1999,3.952,3.952,3.952,3.952,0
16-09-1999,3.952,3.952,3.952,3.952,0
17-09-1999,3.952,3.952,3.952,3.952,0
20-09-1999,3.952,3.952,3.952,3.952,0
21-09-1999,3.952,3.952,3.952,3.952,0
22-09-1999,3.952,3.952,3.952,3.952,0
23-09-1999,3.952,3.952,3.952,3.952,0
24-09-1999,3.7827,3.7827,3.7827,3.7827,815
27-09-1999,3.7827,3.7827,3.7827,3.7827,0
28-09-1999,3.7827,3.7827,3.7827,3.7827,0
29-09-1999,3.7827,3.7827,3.7827,3.7827,0
30-09-1999,3.7827,3.7827,3.7827,3.7827,0
01-10-1999,3.7827,3.7827,3.7827,3.7827,0
04-10-1999,3.7827,3.7827,3.7827,3.7827,0
05-10-1999,3.7827,3.7827,3.7827,3.7827,0
06-10-1999,3.7827,3.7827,3.7827,3.7827,0
07-10-1999,4.0918,4.0918,4.0918,4.0918,3667
08-10-1999,4.0918,4.0918,4.0918,4.0918,3667
11-10-1999,4.0918,4.0918,4.0918,4.0918,0
12-10-1999,4.0918,4.0918,4.0918,4.0918,0
13-10-1999,4.0771,4.0771,4.0771,4.0771,0
14-10-1999,4.0771,4.0771,4.0771,4.0771,0
15-10-1999,3.8784,3.8784,3.8784,3.8784,11204
18-10-1999,3.8784,3.8784,3.8784,3.8784,11204
19-10-1999,3.8784,3.8784,3.8784,3.8784,11204
20-10-1999,3.8784,3.8784,3.8784,3.8784,11204
21-10-1999,3.8784,3.8784,3.8784,3.8784,0
22-10-1999,4.0255,4.0255,4.0255,4.0255,2037
25-10-1999,4.0255,4.0255,4.0255,4.0255,2037
26-10-1999,4.0623,4.0623,4.0623,4.0623,1019
27-10-1999,4.0623,4.0623,4.0623,4.0623,1019
28-10-1999,4.0623,4.0623,4.0623,4.0623,1019
29-10-1999,4.0623,4.0623,4.0623,4.0623,1019
01-11-1999,4.0623,4.0623,4.0623,4.0623,1019
02-11-1999,4.0623,4.0623,4.0623,4.0623,1019
03-11-1999,4.1654,4.1654,4.1654,4.1654,204
04-11-1999,4.1212,4.1212,4.1212,4.1212,2037
05-11-1999,4.1359,4.1507,4.1359,4.1507,815
08-11-1999,4.1359,4.1359,4.1359,4.1359,815
09-11-1999,4.0255,4.0255,4.0255,4.0255,611
10-11-1999,4.0255,4.0255,4.0255,4.0255,204
11-11-1999,3.9961,3.9961,3.9961,3.9961,3056
12-11-1999,3.9961,3.9961,3.9961,3.9961,3056
15-11-1999,3.9961,3.9961,3.9961,3.9961,3056
16-11-1999,4.1654,4.1654,4.1654,4.1654,41761
17-11-1999,4.1507,4.1507,4.1507,4.1507,3056
18-11-1999,4.1507,4.1507,4.1507,4.1507,3056
19-11-1999,4.1507,4.1507,4.1507,4.1507,3056
22-11-1999,4.1507,4.1507,4.1507,4.1507,3056
23-11-1999,4.1507,4.1507,4.1507,4.1507,3056
24-11-1999,4.1507,4.1507,4.1507,4.1507,3056
26-11-1999,4.1507,4.1507,4.1507,4.1507,3056
29-11-1999,4.1507,4.1507,4.1507,4.1507,3056
30-11-1999,4.1507,4.1507,4.1507,4.1507,3056
01-12-1999,4.1507,4.1507,4.1507,4.1507,3056
02-12-1999,3.9372,3.9372,3.9372,3.9372,3259
03-12-1999,3.9078,3.9078,3.8931,3.9078,611
06-12-1999,3.9225,3.9225,3.9225,3.9225,35446
07-12-1999,3.9225,3.9225,3.9225,3.9225,35446
08-12-1999,3.9225,3.9225,3.9225,3.9225,0
09-12-1999,3.9225,3.9225,3.9225,3.9225,0
10-12-1999,3.9372,3.9372,3.9372,3.9372,1833
13-12-1999,3.9372,3.9372,3.9372,3.9372,1833
14-12-1999,3.9372,3.9372,3.9372,3.9372,5093
15-12-1999,3.9372,3.9372,3.9372,3.9372,5093
16-12-1999,3.8784,3.8784,3.8784,3.8784,611
17-12-1999,3.8784,3.8784,3.8784,3.8784,611
20-12-1999,3.8784,3.8784,3.8784,3.8784,204
21-12-1999,3.8416,3.8416,3.7974,3.8416,1630
22-12-1999,3.8416,3.9814,3.8121,3.8268,4278
23-12-1999,3.8636,3.8636,3.8636,3.8636,8149
27-12-1999,3.9225,3.9225,3.9225,3.9225,204
28-12-1999,3.9225,3.9225,3.9225,3.9225,204
29-12-1999,3.9225,3.9225,3.9225,3.9225,204
30-12-1999,3.9814,4.0108,3.9814,4.0108,1833
31-12-1999,4.0108,4.0108,3.9814,4.0108,1833
03-01-2000,4.0108,4.0108,3.9814,4.0108,1833
04-01-2000,4.0108,4.0108,3.9814,4.0108,1833
05-01-2000,4.0108,4.0108,3.9814,4.0108,1833
06-01-2000,3.9667,3.9667,3.952,3.952,2241
07-01-2000,3.952,3.952,3.952,3.952,0
10-01-2000,3.952,3.952,3.952,3.952,0
11-01-2000,3.8563,3.8563,3.7827,3.7827,2037
12-01-2000,3.7827,3.7827,3.7827,3.7827,0
13-01-2000,3.7827,3.7827,3.7827,3.7827,0
14-01-2000,3.7827,3.7827,3.7827,3.7827,0
18-01-2000,3.768,3.768,3.768,3.768,407
19-01-2000,3.768,3.768,3.768,3.768,407
20-01-2000,4.0108,4.0108,4.0108,4.0108,407
21-01-2000,4.0108,4.0108,4.0108,4.0108,0
24-01-2000,3.6429,3.6429,3.6429,3.6429,204
25-01-2000,3.4736,3.4736,3.4736,3.4736,40743
26-01-2000,3.6429,3.6429,3.6429,3.6429,5500
27-01-2000,3.768,3.768,3.768,3.768,204
28-01-2000,3.768,3.768,3.768,3.768,0
31-01-2000,3.8268,3.8416,3.8268,3.8268,40946
01-02-2000,3.8268,3.8416,3.8268,3.8268,40946
02-02-2000,3.8563,3.8563,3.8563,3.8563,1833
03-02-2000,3.8563,3.8563,3.8563,3.8563,1833
04-02-2000,3.8563,3.8563,3.8563,3.8563,0
07-02-2000,3.6429,3.6429,3.6429,3.6429,0
08-02-2000,3.7385,3.7385,3.7385,3.7385,2037
09-02-2000,3.7385,3.7385,3.7385,3.7385,0
10-02-2000,3.7091,3.7091,3.6944,3.7091,20371
11-02-2000,3.6576,3.6576,3.6576,3.6576,3056
14-02-2000,3.6576,3.6576,3.6576,3.6576,3056
15-02-2000,3.6576,3.6576,3.6576,3.6576,3056
16-02-2000,3.6576,3.6576,3.6576,3.6576,0
17-02-2000,3.6134,3.6134,3.6134,3.6134,0
18-02-2000,3.6134,3.6134,3.6134,3.6134,0
22-02-2000,3.6134,3.6134,3.6134,3.6134,0
23-02-2000,3.5546,3.5546,3.5546,3.5546,9167
24-02-2000,3.5546,3.5546,3.5546,3.5546,815
25-02-2000,3.5104,3.5104,3.5104,3.5104,6111
28-02-2000,3.5251,3.5251,3.5251,3.5251,204
29-02-2000,3.5251,3.5251,3.5251,3.5251,204
01-03-2000,3.7238,3.7238,3.7238,3.7238,9167
02-03-2000,3.7238,3.7238,3.7238,3.7238,9167
03-03-2000,3.7238,3.7238,3.7238,3.7238,9167
06-03-2000,3.7238,3.7238,3.7238,3.7238,9167
07-03-2000,3.7238,3.7238,3.7238,3.7238,0
08-03-2000,3.7238,3.7238,3.7238,3.7238,9167
09-03-2000,3.2896,3.2896,3.2749,3.2896,2852
10-03-2000,3.2896,3.2896,3.2749,3.2896,2852
13-03-2000,3.2896,3.2896,3.2749,3.2896,2852
14-03-2000,3.2896,3.2896,3.2749,3.2896,2852
15-03-2000,3.3411,3.3411,3.3411,3.3411,1222
16-03-2000,3.3411,3.3411,3.3411,3.3411,0
17-03-2000,3.5251,3.5251,3.5251,3.5251,0
20-03-2000,3.5398,3.5398,3.5398,3.5398,407
21-03-2000,3.5398,3.5398,3.5398,3.5398,407
22-03-2000,3.5398,3.5398,3.5398,3.5398,407
23-03-2000,3.5398,3.5398,3.5398,3.5398,0
24-03-2000,3.5398,3.5398,3.5398,3.5398,0
27-03-2000,3.5398,3.5398,3.5398,3.5398,0
28-03-2000,3.5398,3.5398,3.5398,3.5398,0
29-03-2000,3.5398,3.5398,3.5398,3.5398,0
30-03-2000,3.6797,3.6797,3.6797,3.6797,204
31-03-2000,3.7983,3.7983,3.7983,3.7983,407
03-04-2000,3.7983,3.7983,3.7983,3.7983,0
04-04-2000,3.7983,3.7983,3.7983,3.7983,0
05-04-2000,3.8428,3.8428,3.8428,3.8428,2037
06-04-2000,3.9392,3.9392,3.9392,3.9392,1019
07-04-2000,3.9392,3.9392,3.9392,3.9392,1019
10-04-2000,3.9392,3.9392,3.9392,3.9392,1019
11-04-2000,3.9392,3.9392,3.9392,3.9392,0
12-04-2000,3.9392,3.9392,3.9392,3.9392,0
13-04-2000,3.9392,3.9392,3.9392,3.9392,0
14-04-2000,3.9392,3.9392,3.9392,3.9392,0
17-04-2000,3.9392,3.9392,3.9392,3.9392,0
18-04-2000,3.8947,3.8947,3.828,3.828,5500
19-04-2000,3.828,3.8947,3.828,3.828,5500
20-04-2000,3.828,3.8947,3.828,3.828,5500
24-04-2000,3.828,3.8947,3.828,3.828,5500
25-04-2000,4.3695,4.3695,4.3695,4.3695,407
26-04-2000,4.3695,4.3695,4.3695,4.3695,407
27-04-2000,4.3695,4.3695,4.3695,4.3695,407
28-04-2000,4.3695,4.3695,4.3695,4.3695,0
01-05-2000,4.3695,4.3695,4.3695,4.3695,407
02-05-2000,4.3695,4.3695,4.3695,4.3695,407
03-05-2000,4.1841,4.1841,4.1841,4.1841,204
04-05-2000,4.1841,4.1841,4.1841,4.1841,204
05-05-2000,4.1841,4.1841,4.1841,4.1841,204
08-05-2000,4.1841,4.1841,4.1841,4.1841,204
09-05-2000,4.1841,4.1841,4.1841,4.1841,204
10-05-2000,4.3102,4.3102,4.3102,4.3102,815
11-05-2000,4.3102,4.3102,4.3102,4.3102,815
12-05-2000,4.3102,4.3102,4.3102,4.3102,815
15-05-2000,4.3102,4.3102,4.3102,4.3102,0
16-05-2000,4.3102,4.3102,4.3102,4.3102,0
17-05-2000,4.3695,4.414,4.3695,4.414,20982
18-05-2000,4.3695,4.3695,4.3398,4.3695,20575
19-05-2000,4.4437,4.4437,4.4437,4.4437,20371
22-05-2000,4.4437,4.4437,4.4437,4.4437,24038
23-05-2000,4.4437,4.4437,4.4437,4.4437,24038
24-05-2000,4.4289,4.4289,4.4289,4.4289,815
25-05-2000,4.4289,4.4289,4.4289,4.4289,815
26-05-2000,4.4289,4.4289,4.4289,4.4289,815
30-05-2000,4.4289,4.4289,4.4289,4.4289,815
31-05-2000,4.6514,4.6663,4.6514,4.6663,407
01-06-2000,4.6663,4.6663,4.6514,4.6663,407
02-06-2000,4.6663,4.6663,4.6514,4.6663,407
05-06-2000,4.7404,4.7553,4.7404,4.7553,1630
06-06-2000,4.7108,4.7108,4.7108,4.7108,407
07-06-2000,4.7108,4.7108,4.7108,4.7108,407
08-06-2000,4.5253,4.5253,4.5253,4.5253,1426
09-06-2000,4.5253,4.5253,4.5253,4.5253,0
12-06-2000,4.5401,4.5847,4.5401,4.5847,4278
13-06-2000,4.5847,4.5847,4.5253,4.5847,1426
14-06-2000,4.5847,4.5847,4.5253,4.5847,1426
15-06-2000,4.5847,4.5847,4.5698,4.5847,1222
16-06-2000,4.5253,4.5253,4.5253,4.5253,4074
19-06-2000,4.5253,4.5253,4.5253,4.5253,4074
20-06-2000,4.414,4.414,4.414,4.414,1630
21-06-2000,4.414,4.414,4.414,4.414,1630
22-06-2000,4.414,4.414,4.414,4.414,1630
23-06-2000,4.414,4.414,4.414,4.414,1630
26-06-2000,4.414,4.414,4.414,4.414,0
27-06-2000,4.414,4.414,4.414,4.414,0
28-06-2000,4.414,4.414,4.414,4.414,0
29-06-2000,4.414,4.414,4.414,4.414,0
30-06-2000,4.6143,4.6143,4.6143,4.6143,407
03-07-2000,4.6143,4.6143,4.6143,4.6143,407
05-07-2000,4.6143,4.6143,4.6143,4.6143,407
06-07-2000,4.5847,4.5847,4.5847,4.5847,415167
07-07-2000,4.5847,4.5847,4.5847,4.5847,0
10-07-2000,4.5847,4.5847,4.5847,4.5847,0
11-07-2000,4.5847,4.5847,4.5847,4.5847,0
12-07-2000,4.4808,4.4808,4.466,4.4808,815
13-07-2000,4.4808,4.4808,4.4808,4.4808,0
14-07-2000,4.414,4.414,4.414,4.414,407
17-07-2000,4.414,4.414,4.414,4.414,407
18-07-2000,4.4289,4.4511,4.4289,4.4511,815
19-07-2000,4.4511,4.4511,4.4289,4.4511,815
20-07-2000,4.4511,4.466,4.4511,4.466,4482
21-07-2000,4.466,4.466,4.4511,4.466,4482
24-07-2000,4.466,4.466,4.4511,4.466,4482
25-07-2000,4.466,4.466,4.4511,4.466,4482
26-07-2000,4.6663,4.7256,4.6663,4.7256,2241
27-07-2000,4.7256,4.7256,4.6663,4.7256,2241
28-07-2000,4.7256,4.7256,4.7256,4.7256,0
31-07-2000,4.7256,4.7404,4.7108,4.7108,2852
01-08-2000,4.7108,4.7404,4.7108,4.7108,2852
02-08-2000,4.7108,4.7256,4.6663,4.7256,2445
03-08-2000,4.7553,4.7553,4.7553,4.7553,0
04-08-2000,4.7553,4.7553,4.7553,4.7553,611
07-08-2000,4.7553,4.7553,4.7553,4.7553,0
08-08-2000,4.7553,4.7553,4.7553,4.7553,0
09-08-2000,4.7108,4.7108,4.7108,4.7108,0
10-08-2000,4.7108,4.7108,4.7108,4.7108,1019
11-08-2000,4.7108,4.7108,4.7108,4.7108,1019
14-08-2000,4.7998,4.7998,4.7998,4.7998,611
15-08-2000,4.7998,4.7998,4.7998,4.7998,611
16-08-2000,4.7998,4.7998,4.7998,4.7998,611
17-08-2000,4.7998,4.7998,4.7998,4.7998,611
18-08-2000,4.7998,4.7998,4.7998,4.7998,0
21-08-2000,4.8517,4.8517,4.8517,4.8517,3056
22-08-2000,4.7108,4.7108,4.7108,4.7108,2037
23-08-2000,4.7404,4.7553,4.7404,4.7553,815
24-08-2000,4.7553,4.7553,4.7404,4.7553,815
25-08-2000,4.7553,4.7553,4.7404,4.7553,815
28-08-2000,4.7553,4.7553,4.7404,4.7553,815
29-08-2000,4.7553,4.7553,4.7404,4.7553,815
30-08-2000,4.7553,4.7553,4.7404,4.7553,815
31-08-2000,4.7553,4.7553,4.7553,4.7553,0
01-09-2000,4.8962,4.8962,4.8962,4.8962,0
05-09-2000,4.8962,4.8962,4.8962,4.8962,0
06-09-2000,4.8962,4.8962,4.8962,4.8962,0
07-09-2000,4.822,4.822,4.822,4.822,204
08-09-2000,4.822,4.822,4.822,4.822,204
11-09-2000,4.822,4.822,4.822,4.822,0
12-09-2000,4.822,4.822,4.822,4.822,0
13-09-2000,5.0075,5.0075,5.0075,5.0075,1222
14-09-2000,5.1559,5.1707,5.1559,5.1559,6926
15-09-2000,5.2078,5.2226,5.2078,5.2226,815
18-09-2000,5.2226,5.2523,5.2226,5.2375,3463
19-09-2000,5.2375,5.2523,5.2375,5.2523,815
20-09-2000,5.2523,5.2523,5.2375,5.2523,815
21-09-2000,5.4526,5.4526,5.4526,5.4526,204
22-09-2000,5.4526,5.4526,5.4526,5.4526,204
25-09-2000,5.4526,5.4526,5.4526,5.4526,204
26-09-2000,5.4526,5.4526,5.4526,5.4526,204
27-09-2000,5.4526,5.4526,5.4526,5.4526,204
28-09-2000,5.193,5.193,5.193,5.193,1222
29-09-2000,5.3117,5.3117,5.3117,5.3117,204
02-10-2000,5.3117,5.3117,5.3117,5.3117,6315
03-10-2000,5.3117,5.3117,5.3117,5.3117,6315
04-10-2000,5.3117,5.3117,5.3117,5.3117,6315
05-10-2000,5.3117,5.3117,5.3117,5.3117,6315
06-10-2000,5.3117,5.3117,5.3117,5.3117,0
09-10-2000,5.3117,5.3117,5.3117,5.3117,0
10-10-2000,5.3117,5.3117,5.3117,5.3117,0
11-10-2000,5.3117,5.3117,5.3117,5.3117,0
12-10-2000,5.3117,5.3117,5.3117,5.3117,0
13-10-2000,4.9111,4.9111,4.9111,4.9111,611
16-10-2000,4.9111,4.9111,4.9111,4.9111,611
17-10-2000,4.9111,4.9111,4.9111,4.9111,611
18-10-2000,4.9111,4.9111,4.9111,4.9111,611
19-10-2000,4.822,4.822,4.785,4.785,815
20-10-2000,4.785,4.822,4.785,4.785,815
23-10-2000,4.785,4.822,4.785,4.785,815
24-10-2000,4.785,4.822,4.785,4.785,815
25-10-2000,4.785,4.822,4.785,4.785,815
26-10-2000,4.9259,4.9259,4.9259,4.9259,2037
27-10-2000,4.9259,4.9259,4.9259,4.9259,2037
30-10-2000,4.9259,4.9259,4.9259,4.9259,2037
31-10-2000,4.9259,4.9259,4.9259,4.9259,2037
01-11-2000,5.2672,5.282,5.2672,5.2672,407
02-11-2000,5.2968,5.2968,5.2968,5.2968,407
03-11-2000,5.371,5.3933,5.371,5.371,611
06-11-2000,5.371,5.3933,5.371,5.371,611
07-11-2000,5.371,5.3933,5.371,5.371,611
08-11-2000,5.4378,5.4378,5.4378,5.4378,611
09-11-2000,5.4378,5.4378,5.4378,5.4378,611
10-11-2000,5.423,5.423,5.423,5.423,4278
13-11-2000,5.423,5.423,5.423,5.423,4278
14-11-2000,5.423,5.423,5.423,5.423,4278
15-11-2000,5.282,5.282,5.2375,5.2672,1222
16-11-2000,4.9556,4.9556,4.9556,4.9556,1019
17-11-2000,4.9556,4.9556,4.9556,4.9556,1019
20-11-2000,4.7108,4.7108,4.7108,4.7108,3667
21-11-2000,4.7108,4.7404,4.6663,4.6663,2241
22-11-2000,4.6663,4.7404,4.6663,4.6663,2241
24-11-2000,4.6366,4.6366,4.6143,4.6366,2445
27-11-2000,4.6366,4.6366,4.6143,4.6366,2445
28-11-2000,4.7998,4.7998,4.7998,4.7998,407
29-11-2000,4.822,4.822,4.822,4.822,407
30-11-2000,4.822,4.822,4.822,4.822,407
01-12-2000,4.822,4.822,4.822,4.822,407
04-12-2000,4.822,4.822,4.822,4.822,407
05-12-2000,4.822,4.822,4.822,4.822,407
06-12-2000,4.6811,4.6811,4.6514,4.6663,459780
07-12-2000,4.6663,4.6811,4.6514,4.6663,459780
08-12-2000,4.6663,4.6811,4.6514,4.6663,459780
11-12-2000,4.6663,4.6811,4.6514,4.6663,459780
12-12-2000,5.2226,5.2672,5.2226,5.2375,611
13-12-2000,5.2375,5.2672,5.2226,5.2375,611
14-12-2000,5.2375,5.2672,5.2226,5.2375,611
15-12-2000,5.2375,5.2672,5.2226,5.2375,611
18-12-2000,5.2375,5.2672,5.2226,5.2375,611
19-12-2000,5.2375,5.2672,5.2226,5.2375,611
20-12-2000,5.052,5.052,5.052,5.052,407
21-12-2000,5.0372,5.0372,5.0372,5.0372,407
22-12-2000,5.0372,5.0372,5.0372,5.0372,407
26-12-2000,5.0372,5.0372,5.0372,5.0372,407
27-12-2000,5.0372,5.0372,5.0372,5.0372,407
28-12-2000,5.0372,5.0372,5.0372,5.0372,407
29-12-2000,5.0372,5.0372,5.0372,5.0372,407
02-01-2001,5.0372,5.0372,5.0372,5.0372,407
03-01-2001,5.0372,5.0372,5.0372,5.0372,407
04-01-2001,5.1707,5.2968,5.1707,5.1856,1630
05-01-2001,5.423,5.423,5.423,5.423,204
08-01-2001,5.3562,5.3562,5.3413,5.3413,815
09-01-2001,5.3413,5.3562,5.3413,5.3413,815
10-01-2001,5.3265,5.3265,5.3265,5.3265,12426
11-01-2001,5.3265,5.3265,5.3265,5.3265,12426
12-01-2001,5.371,5.3933,5.371,5.3933,7130
16-01-2001,5.3265,5.3265,5.3265,5.3265,2037
17-01-2001,5.3265,5.3265,5.3265,5.3265,2037
18-01-2001,5.3265,5.3265,5.3265,5.3265,2037
19-01-2001,5.3265,5.3265,5.3265,5.3265,2037
22-01-2001,5.3265,5.3265,5.3265,5.3265,2037
23-01-2001,5.3265,5.3265,5.3265,5.3265,2037
24-01-2001,5.2523,5.2523,5.2523,5.2523,4278
25-01-2001,5.282,5.2968,5.282,5.2968,407
26-01-2001,5.2968,5.2968,5.282,5.2968,407
29-01-2001,5.2968,5.2968,5.282,5.2968,407
30-01-2001,5.512,5.5787,5.512,5.5268,92282
31-01-2001,5.5268,5.5416,5.4823,5.5416,5704
01-02-2001,5.5936,5.5936,5.5936,5.5936,815
02-02-2001,5.5936,5.5936,5.5936,5.5936,815
05-02-2001,5.5936,5.5936,5.5936,5.5936,0
06-02-2001,5.8087,5.8087,5.8087,5.8087,1630
07-02-2001,5.7939,5.7939,5.7939,5.7939,204
08-02-2001,5.6529,5.6529,5.6529,5.6529,407
09-02-2001,5.6529,5.6529,5.6529,5.6529,407
12-02-2001,5.6529,5.6529,5.6529,5.6529,407
13-02-2001,5.6529,5.6529,5.6529,5.6529,407
14-02-2001,5.5416,5.5416,5.5416,5.5416,0
15-02-2001,5.5416,5.5416,5.5416,5.5416,0
16-02-2001,5.6084,5.6084,5.6084,5.6084,407
20-02-2001,5.6678,5.6678,5.6678,5.6678,4482
21-02-2001,5.6678,5.6678,5.6678,5.6678,4482
22-02-2001,5.6678,5.6678,5.6678,5.6678,4482
23-02-2001,5.0223,5.0223,5.0223,5.0223,407
26-02-2001,5.0223,5.0223,5.0223,5.0223,407
27-02-2001,5.1114,5.1114,5.1114,5.1114,407
28-02-2001,5.1114,5.1114,5.1114,5.1114,407
01-03-2001,5.1114,5.1114,5.1114,5.1114,407
02-03-2001,5.1114,5.1114,5.1114,5.1114,407
05-03-2001,5.1114,5.1114,5.1114,5.1114,407
06-03-2001,5.4823,5.4823,5.4823,5.4823,204
07-03-2001,5.2672,5.2672,5.0817,5.1114,3667
08-03-2001,5.1114,5.1114,5.0075,5.0372,18130
09-03-2001,5.0372,5.1114,5.0075,5.0372,18130
12-03-2001,5.0372,5.0372,5.0372,5.0372,0
13-03-2001,5.0372,5.0372,5.0372,5.0372,0
14-03-2001,4.9407,4.9407,4.9259,4.9259,3667
15-03-2001,4.9259,4.9407,4.9259,4.9259,3667
16-03-2001,4.9556,4.9556,4.9556,4.9556,815
19-03-2001,4.9556,4.9556,4.9556,4.9556,815
20-03-2001,4.9556,4.9704,4.9556,4.9704,407
21-03-2001,4.9704,4.9704,4.9556,4.9704,407
22-03-2001,4.8146,4.8146,4.785,4.8146,51132
23-03-2001,4.4289,4.4289,4.4289,4.4289,6111
26-03-2001,4.555,4.5847,4.555,4.5847,815
27-03-2001,4.822,4.822,4.822,4.822,1222
28-03-2001,4.8666,4.8666,4.8666,4.8666,204
29-03-2001,4.8573,4.8573,4.8573,4.8573,1019
30-03-2001,4.8936,4.8936,4.8936,4.8936,1019
02-04-2001,4.8936,4.8936,4.8936,4.8936,1019
03-04-2001,4.8936,4.8936,4.8936,4.8936,1019
04-04-2001,4.8936,4.8936,4.8936,4.8936,1019
05-04-2001,4.8936,4.8936,4.8936,4.8936,1019
06-04-2001,4.8936,4.8936,4.8936,4.8936,1019
09-04-2001,4.8936,4.8936,4.8936,4.8936,1019
10-04-2001,4.8785,4.8785,4.8785,4.8785,611
11-04-2001,4.8785,4.8785,4.8785,4.8785,611
12-04-2001,5.0222,5.0222,5.0222,5.0222,1019
16-04-2001,5.0222,5.0222,5.0222,5.0222,1019
17-04-2001,5.0222,5.0222,5.0222,5.0222,1019
18-04-2001,5.0222,5.0222,5.0222,5.0222,1019
19-04-2001,5.0222,5.0222,5.0222,5.0222,1019
20-04-2001,5.0222,5.0222,5.0222,5.0222,1019
23-04-2001,5.0222,5.0222,5.0222,5.0222,1019
24-04-2001,4.9617,4.9617,4.9617,4.9617,2648
25-04-2001,4.8936,4.8936,4.8936,4.8936,407
26-04-2001,4.8936,4.8936,4.8936,4.8936,407
27-04-2001,4.8936,4.8936,4.8936,4.8936,407
30-04-2001,4.8936,4.8936,4.8936,4.8936,407
01-05-2001,4.7424,4.7424,4.7424,4.7424,815
02-05-2001,4.7197,4.7197,4.7046,4.7197,2445
03-05-2001,4.7272,4.7272,4.7272,4.7272,204
04-05-2001,4.7272,4.7272,4.7272,4.7272,204
07-05-2001,4.6894,4.6894,4.6894,4.6894,1222
08-05-2001,4.6894,4.6894,4.6894,4.6894,1222
09-05-2001,4.7424,4.7575,4.7424,4.7575,407
10-05-2001,4.7575,4.7575,4.7424,4.7575,407
11-05-2001,4.992,4.992,4.992,4.992,815
14-05-2001,4.992,4.992,4.992,4.992,815
15-05-2001,4.7272,4.7272,4.7272,4.7272,1630
16-05-2001,4.7272,4.7272,4.7272,4.7272,1630
17-05-2001,4.7424,4.7424,4.7424,4.7424,3056
18-05-2001,4.7424,4.7424,4.7424,4.7424,3056
21-05-2001,4.7424,4.7424,4.7424,4.7424,3056
22-05-2001,4.7424,4.7424,4.7424,4.7424,3056
23-05-2001,4.8483,4.8483,4.8483,4.8483,0
24-05-2001,4.8483,4.8483,4.8483,4.8483,0
25-05-2001,4.8483,4.8483,4.8483,4.8483,0
29-05-2001,4.8483,4.8483,4.8483,4.8483,0
30-05-2001,4.8483,4.8483,4.8483,4.8483,0
31-05-2001,5.1508,5.1811,5.1508,5.1811,2852
01-06-2001,5.4155,5.4155,5.4155,5.4155,10389
04-06-2001,5.4155,5.5592,5.4155,5.5592,13445
05-06-2001,5.5592,5.5592,5.4155,5.5592,13445
06-06-2001,5.5592,5.5592,5.4155,5.5592,13445
07-06-2001,5.5592,5.5592,5.4155,5.5592,13445
08-06-2001,5.5592,5.5592,5.4155,5.5592,13445
11-06-2001,5.5592,5.5592,5.4155,5.5592,13445
12-06-2001,5.5592,5.5592,5.4155,5.5592,13445
13-06-2001,5.5441,5.5441,5.5441,5.5441,3667
14-06-2001,5.6349,5.65,5.6349,5.65,1222
15-06-2001,5.6651,5.6727,5.6651,5.6651,1426
18-06-2001,5.5744,5.5744,5.5744,5.5744,204
19-06-2001,5.5744,5.5744,5.5744,5.5744,204
20-06-2001,5.5744,5.5744,5.5744,5.5744,204
21-06-2001,5.5744,5.5744,5.5744,5.5744,204
22-06-2001,5.5744,5.5744,5.5744,5.5744,0
25-06-2001,5.5744,5.5744,5.5744,5.5744,0
26-06-2001,5.7635,5.7635,5.7635,5.7635,0
27-06-2001,5.65,5.65,5.65,5.65,204
28-06-2001,5.7086,5.7086,5.7086,5.7086,204
29-06-2001,5.7086,5.7086,5.7086,5.7086,204
02-07-2001,5.678,5.678,5.678,5.678,815
03-07-2001,5.678,5.678,5.678,5.678,815
05-07-2001,5.678,5.678,5.678,5.678,815
06-07-2001,5.8385,5.8385,5.8385,5.8385,407
09-07-2001,5.8232,5.8232,5.8232,5.8232,204
10-07-2001,5.8538,5.8538,5.8538,5.8538,204
11-07-2001,5.8538,5.8538,5.8538,5.8538,204
12-07-2001,5.8538,5.8538,5.8538,5.8538,204
13-07-2001,5.8538,5.8538,5.8538,5.8538,204
16-07-2001,5.8538,5.8538,5.8538,5.8538,204
17-07-2001,5.8538,5.8538,5.8538,5.8538,0
18-07-2001,5.8538,5.8538,5.8538,5.8538,0
19-07-2001,5.8538,5.8538,5.8538,5.8538,0
20-07-2001,5.7239,5.7239,5.7239,5.7239,0
23-07-2001,5.7239,5.7239,5.7239,5.7239,0
24-07-2001,5.7239,5.7239,5.7239,5.7239,0
25-07-2001,5.7239,5.7239,5.7239,5.7239,0
26-07-2001,5.7239,5.7468,5.678,5.678,16297
27-07-2001,5.678,5.678,5.678,5.678,0
30-07-2001,5.678,5.7468,5.678,5.678,16297
31-07-2001,5.678,5.7468,5.678,5.678,16297
01-08-2001,5.6933,5.6933,5.6933,5.6933,1833
02-08-2001,5.6933,5.6933,5.6933,5.6933,1833
03-08-2001,5.7774,5.7774,5.7774,5.7774,204
06-08-2001,5.8385,5.8538,5.8385,5.8385,69670
07-08-2001,5.8385,5.8538,5.8385,5.8385,69670
08-08-2001,5.8385,5.8538,5.8385,5.8385,69670
09-08-2001,5.8385,5.8538,5.8385,5.8385,69670
10-08-2001,5.8538,5.8538,5.8538,5.8538,204
13-08-2001,5.8538,5.8538,5.8538,5.8538,204
14-08-2001,5.8538,5.8538,5.8538,5.8538,204
15-08-2001,5.9226,5.9226,5.9226,5.9226,3056
16-08-2001,5.915,5.915,5.915,5.915,3871
17-08-2001,5.915,5.915,5.915,5.915,3871
20-08-2001,5.915,5.915,5.915,5.915,3871
21-08-2001,5.8538,5.8538,5.8538,5.8538,2037
22-08-2001,5.8538,5.8538,5.8538,5.8538,2037
23-08-2001,5.8538,5.8538,5.8538,5.8538,0
24-08-2001,5.9684,5.9684,5.9684,5.9684,1630
27-08-2001,6.0449,6.0449,6.0449,6.0449,1019
28-08-2001,6.1442,6.1442,6.1442,6.1442,815
29-08-2001,6.1442,6.1901,6.1442,6.1901,2445
30-08-2001,6.1442,6.1442,6.1442,6.1442,407
31-08-2001,6.1442,6.1442,6.1442,6.1442,407
04-09-2001,6.0296,6.0296,6.0296,6.0296,2037
05-09-2001,6.0296,6.0449,6.0296,6.0296,611
06-09-2001,5.9379,5.9379,5.9379,5.9379,1222
07-09-2001,6.0143,6.0296,6.0143,6.0296,407
10-09-2001,6.0296,6.0296,6.0143,6.0296,407
17-09-2001,6.0296,6.0296,6.0296,6.0296,0
18-09-2001,6.0296,6.0296,6.0296,6.0296,0
19-09-2001,6.0296,6.0296,6.0296,6.0296,0
20-09-2001,5.6475,5.6475,5.6475,5.6475,10186
21-09-2001,5.4564,5.4564,5.4411,5.4411,2852
24-09-2001,5.4411,5.4411,5.3953,5.3953,2445
25-09-2001,5.3953,5.4411,5.3953,5.3953,2445
26-09-2001,5.6475,5.6933,5.6475,5.6628,11001
27-09-2001,5.6169,5.6169,5.6169,5.6169,4074
28-09-2001,5.6819,5.6819,5.6819,5.6819,4074
01-10-2001,5.6819,5.6819,5.6819,5.6819,4074
02-10-2001,5.62,5.62,5.62,5.62,1019
03-10-2001,5.7283,5.7283,5.7283,5.7283,1630
04-10-2001,5.7283,5.7283,5.7283,5.7283,1630
05-10-2001,5.7283,5.7283,5.7283,5.7283,1630
08-10-2001,5.7283,5.7283,5.7283,5.7283,1630
09-10-2001,5.7283,5.7283,5.7283,5.7283,1630
10-10-2001,5.6509,5.6509,5.6509,5.6509,50928
11-10-2001,5.6509,5.6509,5.6509,5.6509,50928
12-10-2001,5.6509,5.6509,5.6509,5.6509,50928
15-10-2001,5.6509,5.6509,5.6509,5.6509,50928
16-10-2001,5.5659,5.5659,5.5659,5.5659,4074
17-10-2001,5.5659,5.5659,5.5659,5.5659,4074
18-10-2001,5.5659,5.5659,5.5659,5.5659,4074
19-10-2001,5.5659,5.5659,5.5659,5.5659,4074
22-10-2001,5.5659,5.5659,5.5659,5.5659,4074
23-10-2001,5.5659,5.5659,5.5659,5.5659,4074
24-10-2001,5.5659,5.5659,5.5659,5.5659,4074
25-10-2001,5.5659,5.5659,5.5659,5.5659,4074
26-10-2001,5.5659,5.5659,5.5659,5.5659,4074
29-10-2001,5.5659,5.5659,5.5659,5.5659,4074
30-10-2001,5.5659,5.5659,5.5659,5.5659,4074
31-10-2001,5.5659,5.5659,5.5659,5.5659,4074
01-11-2001,5.5659,5.5659,5.5659,5.5659,4074
02-11-2001,5.5659,5.5659,5.5659,5.5659,4074
05-11-2001,5.5659,5.5659,5.5659,5.5659,4074
06-11-2001,5.5659,5.5659,5.5659,5.5659,4074
07-11-2001,5.5659,5.5659,5.5659,5.5659,4074
08-11-2001,5.7746,5.7746,5.7746,5.7746,204
09-11-2001,5.7437,5.7437,5.7437,5.7437,407
12-11-2001,5.7437,5.7437,5.7437,5.7437,407
13-11-2001,5.7437,5.7437,5.7437,5.7437,407
14-11-2001,5.9524,5.9679,5.9524,5.9679,1630
15-11-2001,5.9679,5.9911,5.937,5.937,7741
16-11-2001,5.937,5.9911,5.937,5.937,7741
19-11-2001,5.937,5.9911,5.937,5.937,7741
20-11-2001,5.937,5.9911,5.937,5.937,7741
21-11-2001,5.937,5.9911,5.937,5.937,7741
23-11-2001,5.8751,5.8751,5.8751,5.8751,1019
26-11-2001,5.8751,5.8751,5.8751,5.8751,1019
27-11-2001,5.8751,5.8751,5.8751,5.8751,1019
28-11-2001,5.8751,5.8751,5.8751,5.8751,1019
29-11-2001,5.8751,5.8751,5.8751,5.8751,1019
30-11-2001,5.8751,5.8751,5.8751,5.8751,1019
03-12-2001,5.8751,5.8751,5.8751,5.8751,1019
04-12-2001,5.8751,5.8751,5.8751,5.8751,1019
05-12-2001,5.9215,6.022,5.9215,6.022,42576
06-12-2001,6.0375,6.0375,6.0375,6.0375,162970
07-12-2001,6.0375,6.0375,6.0375,6.0375,162970
10-12-2001,6.0529,6.0529,6.0529,6.0529,611
11-12-2001,5.9911,5.9911,5.9911,5.9911,204
12-12-2001,6.0839,6.0993,6.0839,6.0839,1222
13-12-2001,6.0839,6.0993,6.0839,6.0839,1222
14-12-2001,6.0839,6.0993,6.0839,6.0839,1222
17-12-2001,6.0839,6.0993,6.0839,6.0839,1222
18-12-2001,6.0839,6.0993,6.0839,6.0839,1222
19-12-2001,6.1998,6.2153,6.1998,6.2153,21594
20-12-2001,6.2153,6.2153,6.1998,6.2153,21594
21-12-2001,6.1148,6.1148,6.1148,6.1148,3259
24-12-2001,5.8442,5.8442,5.8442,5.8442,204
26-12-2001,5.8442,5.8442,5.8442,5.8442,204
27-12-2001,5.8442,5.8442,5.8442,5.8442,204
28-12-2001,5.9099,5.9099,5.9099,5.9099,204
31-12-2001,5.9099,5.9099,5.9099,5.9099,204
02-01-2002,5.9099,5.9099,5.9099,5.9099,204
03-01-2002,5.9099,5.9099,5.9099,5.9099,204
04-01-2002,5.9099,5.9099,5.9099,5.9099,204
07-01-2002,5.9099,5.9099,5.9099,5.9099,204
08-01-2002,5.9099,5.9099,5.9099,5.9099,204
09-01-2002,5.9412,5.9881,5.9412,5.9881,1630
10-01-2002,5.9881,5.9881,5.9412,5.9881,1630
11-01-2002,5.9881,5.9881,5.9412,5.9881,1630
14-01-2002,5.9412,5.9412,5.9099,5.9412,1019
15-01-2002,5.8943,5.8943,5.8083,5.8083,611
16-01-2002,5.8083,5.8943,5.8083,5.8083,611
17-01-2002,5.8083,5.8943,5.8083,5.8083,611
18-01-2002,5.8083,5.8943,5.8083,5.8083,611
22-01-2002,5.8083,5.8943,5.8083,5.8083,611
23-01-2002,5.8083,5.8943,5.8083,5.8083,611
24-01-2002,5.8083,5.8943,5.8083,5.8083,611
25-01-2002,5.8083,5.8943,5.8083,5.8083,611
28-01-2002,5.9099,5.9099,5.9099,5.9099,0
29-01-2002,5.9725,5.9725,5.9725,5.9725,0
30-01-2002,5.9725,5.9725,5.9725,5.9725,0
31-01-2002,5.9725,5.9725,5.9725,5.9725,0
01-02-2002,5.9725,5.9725,5.9725,5.9725,0
04-02-2002,5.9725,5.9725,5.9725,5.9725,0
05-02-2002,5.8239,5.8239,5.7927,5.7927,1019
06-02-2002,5.7927,5.8239,5.7927,5.7927,1019
07-02-2002,5.6441,5.6441,5.6441,5.6441,407
08-02-2002,5.6441,5.6441,5.6441,5.6441,407
11-02-2002,5.6441,5.6598,5.6441,5.6598,41965
12-02-2002,5.6989,5.6989,5.6989,5.6989,204
13-02-2002,5.6676,5.6676,5.6676,5.6676,6111
14-02-2002,5.6285,5.6285,5.6285,5.6285,204
15-02-2002,5.6285,5.6285,5.6285,5.6285,204
19-02-2002,5.6285,5.6285,5.6285,5.6285,204
20-02-2002,5.6285,5.6285,5.6285,5.6285,204
21-02-2002,5.6285,5.6285,5.6285,5.6285,204
22-02-2002,5.6285,5.6285,5.6285,5.6285,204
25-02-2002,5.6598,5.6598,5.6598,5.6598,204
26-02-2002,5.6989,5.7145,5.6989,5.7145,5908
27-02-2002,5.8396,5.8396,5.8396,5.8396,3871
28-02-2002,5.8396,5.8396,5.8396,5.8396,3871
01-03-2002,5.8396,5.8396,5.8396,5.8396,3871
04-03-2002,5.8396,5.8396,5.8396,5.8396,3871
05-03-2002,5.8396,5.8396,5.8396,5.8396,3871
06-03-2002,6.1835,6.2695,6.1835,6.2695,3667
07-03-2002,6.3633,6.379,6.3633,6.379,8352
08-03-2002,6.4102,6.4102,6.4102,6.4102,204
11-03-2002,6.4102,6.4102,6.4102,6.4102,204
12-03-2002,6.2539,6.2539,6.2539,6.2539,1019
13-03-2002,6.1835,6.1835,6.1835,6.1835,407
14-03-2002,6.1835,6.1835,6.1835,6.1835,407
15-03-2002,6.1835,6.1835,6.1835,6.1835,815
18-03-2002,6.1835,6.1835,6.1835,6.1835,815
19-03-2002,6.3164,6.3164,6.3164,6.3164,3463
20-03-2002,6.3164,6.3164,6.3164,6.3164,3463
21-03-2002,6.3321,6.3633,6.3321,6.3633,4074
22-03-2002,6.3633,6.3633,6.3321,6.3633,4074
25-03-2002,6.3633,6.3633,6.3321,6.3633,4074
26-03-2002,6.3633,6.3633,6.3321,6.3633,4074
27-03-2002,6.5099,6.5099,6.5099,6.5099,204
28-03-2002,6.5315,6.5315,6.5315,6.5315,2037
01-04-2002,6.5157,6.5157,6.5157,6.5157,3259
02-04-2002,6.4998,6.4998,6.4998,6.4998,3871
03-04-2002,6.4998,6.4998,6.4998,6.4998,3871
04-04-2002,6.4998,6.4998,6.4998,6.4998,3871
05-04-2002,6.4998,6.4998,6.4998,6.4998,3871
08-04-2002,6.4998,6.4998,6.4998,6.4998,3871
09-04-2002,6.587,6.6029,6.587,6.587,611
10-04-2002,6.587,6.6029,6.587,6.587,611
11-04-2002,6.587,6.6029,6.587,6.587,611
12-04-2002,6.587,6.6029,6.587,6.587,611
15-04-2002,6.8011,6.8011,6.8011,6.8011,204
16-04-2002,6.8011,6.8011,6.8011,6.8011,204
17-04-2002,6.7535,6.7535,6.7535,6.7535,1426
18-04-2002,6.7535,6.7535,6.7535,6.7535,1426
19-04-2002,6.7535,6.7535,6.7535,6.7535,1426
22-04-2002,6.7535,6.7535,6.7535,6.7535,1426
23-04-2002,6.7535,6.7535,6.7535,6.7535,1426
24-04-2002,6.7535,6.7535,6.7535,6.7535,1426
25-04-2002,6.7535,6.7535,6.7535,6.7535,1426
26-04-2002,6.7535,6.7535,6.7535,6.7535,1426
29-04-2002,6.7535,6.7535,6.7535,6.7535,1426
30-04-2002,6.7376,6.7376,6.6822,6.6822,611
01-05-2002,6.6822,6.7376,6.6822,6.6822,611
02-05-2002,6.6822,6.7376,6.6822,6.6822,611
03-05-2002,6.6822,6.7376,6.6822,6.6822,611
06-05-2002,6.6822,6.7376,6.6822,6.6822,611
07-05-2002,6.6822,6.7376,6.6822,6.6822,611
08-05-2002,6.6822,6.7376,6.6822,6.6822,611
09-05-2002,6.6822,6.6822,6.6822,6.6822,0
10-05-2002,6.6822,6.6822,6.6822,6.6822,0
13-05-2002,6.8011,6.8011,6.8011,6.8011,2445
14-05-2002,6.8169,6.8169,6.8169,6.8169,7537
15-05-2002,6.8328,6.8328,6.8328,6.8328,611
16-05-2002,6.9358,6.9358,6.9358,6.9358,815
17-05-2002,6.912,6.912,6.912,6.912,407
20-05-2002,6.912,6.912,6.8962,6.8962,50928
21-05-2002,6.8962,6.912,6.8962,6.8962,0
22-05-2002,6.8486,6.8486,6.8486,6.8486,2037
23-05-2002,6.698,6.698,6.6504,6.6504,20371
24-05-2002,6.7852,6.8328,6.7852,6.7852,1019
28-05-2002,6.7693,6.7693,6.7693,6.7693,12630
29-05-2002,7.0151,7.0151,7.0151,7.0151,1019
30-05-2002,6.9992,6.9992,6.9358,6.9992,4074
31-05-2002,6.9675,6.9675,6.9675,6.9675,407
03-06-2002,6.9675,6.9675,6.9675,6.9675,407
04-06-2002,6.9675,6.9675,6.9675,6.9675,0
05-06-2002,6.9675,6.9675,6.9675,6.9675,0
06-06-2002,6.9358,6.9358,6.9279,6.9279,4074
07-06-2002,6.8645,6.912,6.8486,6.8962,260753
10-06-2002,6.8803,6.8962,6.7852,6.7852,30353
11-06-2002,6.7376,6.8486,6.7139,6.7297,63355
12-06-2002,6.7614,6.8387,6.7594,6.7793,74355
13-06-2002,6.7773,6.7773,6.6128,6.6604,22001
14-06-2002,6.5831,6.6187,6.5652,6.589,24853
17-06-2002,6.6049,6.698,6.5751,6.6425,30150
18-06-2002,6.6623,6.7,6.6187,6.6187,27298
19-06-2002,6.6564,6.6564,6.6187,6.6187,2445
20-06-2002,6.6286,6.6286,6.5197,6.589,11815
21-06-2002,6.591,6.6187,6.5197,6.5197,5093
24-06-2002,6.484,6.4939,6.4245,6.4741,8352
25-06-2002,6.5395,6.5395,6.5197,6.5395,1426
26-06-2002,6.4741,6.5157,6.375,6.375,18945
27-06-2002,6.4206,6.5315,6.4206,6.5177,511931
28-06-2002,6.5486,6.6504,6.5087,6.6504,40335
01-07-2002,6.6704,6.7083,6.6704,6.7083,19149
02-07-2002,6.5486,6.5686,6.4827,6.5147,30761
03-07-2002,6.5247,6.5247,6.4528,6.5047,2037
05-07-2002,6.5187,6.5187,6.4887,6.5067,3056
08-07-2002,6.5187,6.6524,6.5187,6.6445,10186
09-07-2002,6.6884,6.7343,6.6884,6.7343,10186
10-07-2002,6.6984,6.6984,6.6085,6.6385,19353
11-07-2002,6.6085,6.6085,6.4668,6.4748,10797
12-07-2002,6.3909,6.3909,6.311,6.329,9575
15-07-2002,6.345,6.347,6.2611,6.327,32798
16-07-2002,6.309,6.3749,6.2951,6.2951,14260
17-07-2002,6.341,6.361,6.2991,6.345,16908
18-07-2002,6.329,6.3889,6.313,6.327,39928
19-07-2002,6.2891,6.307,6.1294,6.1294,45224
22-07-2002,6.0096,6.0595,5.9077,5.9716,32187
23-07-2002,6.0016,6.0395,5.7899,5.7899,45021
24-07-2002,5.5903,5.8798,5.5903,5.8798,22816
25-07-2002,5.8498,6.0076,5.8498,5.9517,37891
26-07-2002,5.9517,5.9656,5.8698,5.8998,19760
29-07-2002,5.9676,6.0834,5.9656,6.0734,72726
30-07-2002,6.0175,6.1733,6.0175,6.1154,8149
31-07-2002,6.0994,6.1853,6.0894,6.1853,11204
01-08-2002,6.1673,6.2591,6.1154,6.2332,25464
02-08-2002,6.2332,6.2791,6.2172,6.2791,15890
05-08-2002,6.2591,6.2591,6.2292,6.2312,3259
06-08-2002,6.1892,6.2751,6.1892,6.2691,10186
07-08-2002,6.2931,6.2931,6.2152,6.2771,5908
08-08-2002,6.339,6.3629,6.2851,6.357,39113
09-08-2002,6.4428,6.4668,6.4248,6.4248,5908
12-08-2002,6.331,6.349,6.317,6.317,4074
13-08-2002,6.4009,6.4169,6.329,6.329,19760
14-08-2002,6.309,6.3749,6.2771,6.3749,45428
15-08-2002,6.349,6.361,6.2871,6.2871,55410
16-08-2002,6.2971,6.2971,6.2771,6.2771,1019
19-08-2002,6.2571,6.313,6.2531,6.2891,45021
20-08-2002,6.357,6.4488,6.337,6.4308,29131
21-08-2002,6.4588,6.5247,6.4089,6.4787,40131
22-08-2002,6.4648,6.4648,6.3709,6.4069,219399
23-08-2002,6.4089,6.4248,6.3829,6.3829,7130
26-08-2002,6.4029,6.4248,6.4029,6.4248,2037
27-08-2002,6.4248,6.4408,6.1393,6.1393,140358
28-08-2002,5.9537,6.0355,5.9537,6.0116,22001
29-08-2002,5.9517,5.9996,5.9297,5.9716,13852
30-08-2002,5.9876,6.0495,5.9876,6.0215,12019
03-09-2002,5.9956,5.9956,5.9057,5.9337,28112
04-09-2002,5.9377,5.9457,5.8898,5.9397,16908
05-09-2002,5.9037,5.9497,5.8498,5.9497,8352
06-09-2002,6.0096,6.0335,5.9137,5.9477,14056
09-09-2002,5.9497,5.9836,5.9497,5.9836,7537
10-09-2002,5.9716,6.0116,5.9157,5.9437,15278
11-09-2002,5.9896,6.0335,5.9896,6.0156,14260
12-09-2002,5.9557,5.9816,5.8998,5.8998,16297
13-09-2002,5.8598,5.8818,5.8438,5.8578,13649
16-09-2002,5.8918,5.9157,5.8818,5.8898,5500
17-09-2002,5.9377,5.9577,5.8858,5.8858,9982
18-09-2002,5.8239,5.8239,5.74,5.784,12834
19-09-2002,5.75,5.75,5.5703,5.6462,26890
20-09-2002,5.5743,5.6502,5.4865,5.6342,76189
23-09-2002,5.5444,5.5524,5.4026,5.4485,29742
24-09-2002,5.4246,5.5344,5.4066,5.4306,47873
25-09-2002,5.4805,5.5583,5.4386,5.5583,24649
26-09-2002,5.5943,5.6462,5.5923,5.6442,19149
27-09-2002,5.6611,5.6812,5.5523,5.5544,25872
30-09-2002,5.5221,5.7034,5.4939,5.6712,79244
01-10-2002,5.6409,5.8101,5.5523,5.7759,36057
02-10-2002,5.7275,5.7658,5.6047,5.651,31576
03-10-2002,5.5987,5.6128,5.508,5.5161,57651
04-10-2002,5.5483,5.5483,5.4174,5.4859,52558
07-10-2002,5.4959,5.4959,5.4033,5.4396,41150
08-10-2002,5.4698,5.6248,5.4617,5.5825,53577
09-10-2002,5.4738,5.506,5.3147,5.357,48280
10-10-2002,5.3711,5.5564,5.3489,5.5342,50928
11-10-2002,5.6027,5.7114,5.5664,5.653,20371
14-10-2002,5.6389,5.6591,5.6188,5.6389,33613
15-10-2002,5.8222,6.0135,5.8222,6.0135,56836
16-10-2002,5.9511,5.9894,5.8887,5.9471,11001
17-10-2002,6.0498,6.1827,6.0498,6.1263,23427
18-10-2002,6.088,6.2693,6.0699,6.2552,31779
21-10-2002,6.2693,6.3941,6.2351,6.3941,33205
22-10-2002,6.3579,6.3579,6.0357,6.0397,17112
23-10-2002,6.0175,6.0357,5.8967,6.0316,26483
24-10-2002,6.0719,6.3035,6.0175,6.1928,62744
25-10-2002,6.225,6.227,6.1303,6.227,17519
28-10-2002,6.3317,6.37,6.2995,6.3237,17927
29-10-2002,6.2109,6.231,6.0397,6.1082,26686
30-10-2002,6.0659,6.0659,6.0115,6.0457,61929
31-10-2002,6.0437,6.0598,5.935,5.941,24649
01-11-2002,5.9028,6.0236,5.9007,6.0236,60503
04-11-2002,6.0598,6.2673,6.0598,6.1948,37483
05-11-2002,5.9007,6.0014,5.8907,5.9994,78837
06-11-2002,5.9652,5.9652,5.7698,5.9289,55614
07-11-2002,5.8987,5.9209,5.8685,5.9068,12426
08-11-2002,5.8746,5.9128,5.8464,5.9128,39724
11-11-2002,5.9068,5.9068,5.8464,5.8464,31983
12-11-2002,5.8504,5.8947,5.8504,5.8605,16908
13-11-2002,5.8484,5.9128,5.798,5.8564,44206
14-11-2002,5.8887,5.9148,5.8887,5.9007,2648
15-11-2002,5.8605,5.8766,5.8041,5.8363,15278
18-11-2002,5.8484,5.8564,5.7497,5.8202,41965
19-11-2002,5.7719,5.8343,5.7537,5.7759,21594
20-11-2002,5.798,5.8504,5.798,5.8323,61521
21-11-2002,5.8806,6.0075,5.8806,5.9994,35242
22-11-2002,5.9591,6.2048,5.9591,6.2048,27298
25-11-2002,6.2431,6.3438,6.2431,6.3317,14871
26-11-2002,6.3539,6.3539,6.1626,6.1847,11408
27-11-2002,6.2069,6.374,6.2069,6.2773,26075
29-11-2002,6.3035,6.372,6.3035,6.3579,10389
02-12-2002,6.3539,6.4062,6.2894,6.3156,39317
03-12-2002,6.2653,6.4304,6.2431,6.3519,67022
04-12-2002,6.3398,6.372,6.3398,6.366,15890
05-12-2002,6.3539,6.3539,6.3035,6.3136,13241
06-12-2002,6.2834,6.3559,6.2713,6.3398,18945
09-12-2002,6.3962,6.4586,6.3962,6.4244,26483
10-12-2002,6.4445,6.5472,6.4445,6.5432,24446
11-12-2002,6.5633,6.664,6.5633,6.6358,29131
12-12-2002,6.664,6.8271,6.664,6.7869,25464
13-12-2002,6.7224,6.803,6.7204,6.801,32594
16-12-2002,6.8372,6.8594,6.811,6.8594,18538
17-12-2002,6.8714,6.8936,6.8171,6.8171,26075
18-12-2002,6.8473,6.8473,6.7768,6.7768,8760
19-12-2002,6.807,6.8876,6.7969,6.7969,37279
20-12-2002,6.8271,6.8513,6.7949,6.8453,47058
23-12-2002,6.8835,6.948,6.8714,6.9238,13241
24-12-2002,6.9238,6.9238,6.9238,6.9238,0
26-12-2002,6.948,6.9983,6.9379,6.958,18334
27-12-2002,6.8654,6.8654,6.7506,6.7567,15075
30-12-2002,6.7405,6.7728,6.7365,6.7607,18538
31-12-2002,6.7708,6.7728,6.7305,6.7466,6519
02-01-2003,6.7748,6.8735,6.7627,6.8634,11612
03-01-2003,6.9014,6.9379,6.9014,6.9379,15482
06-01-2003,7.015,7.1144,6.9947,7.0556,8556
07-01-2003,7.0617,7.0779,7.015,7.0292,82911
08-01-2003,7.0394,7.0394,6.8608,6.8689,31372
09-01-2003,6.9338,6.9501,6.806,6.8892,11001
10-01-2003,6.8912,6.9663,6.8669,6.9014,23834
13-01-2003,6.9136,6.946,6.8527,6.8527,18334
14-01-2003,6.8486,6.8831,6.7817,6.7817,35242
15-01-2003,6.7938,6.8486,6.7187,6.7532,44409
16-01-2003,6.7796,6.8304,6.7532,6.8304,53169
17-01-2003,6.7877,6.8466,6.7756,6.8263,59484
21-01-2003,6.8385,6.8567,6.7715,6.7715,7130
22-01-2003,6.7898,6.8202,6.7593,6.7756,15890
23-01-2003,6.8588,6.8912,6.8506,6.8608,84745
24-01-2003,6.8486,6.8547,6.7695,6.8141,16093
27-01-2003,6.8182,6.8182,6.6761,6.6903,7334
28-01-2003,6.7167,6.7756,6.6416,6.6457,27094
29-01-2003,6.6538,6.6863,6.5239,6.6619,38502
30-01-2003,6.666,6.7167,6.666,6.6883,132413
31-01-2003,6.67,6.7898,6.6416,6.7735,70485
03-02-2003,6.7654,6.7918,6.737,6.7817,25464
04-02-2003,6.739,6.8101,6.7167,6.8101,16297
05-02-2003,6.806,6.8141,6.7289,6.7857,31576
06-02-2003,6.7614,6.7959,6.7248,6.737,17316
07-02-2003,6.7532,6.7532,6.7045,6.735,12834
10-02-2003,6.737,6.737,6.6234,6.6457,5297
11-02-2003,6.6538,6.733,6.6295,6.7167,5500
12-02-2003,6.7248,6.7411,6.6883,6.7005,8963
13-02-2003,6.7167,6.7614,6.7167,6.7593,3463
14-02-2003,6.7654,6.7979,6.7532,6.7674,10389
18-02-2003,6.8993,7.0292,6.8993,7.011,24038
19-02-2003,7.0089,7.0089,6.9562,6.9683,9778
20-02-2003,7.0414,7.0434,7.0008,7.0414,14464
21-02-2003,7.0617,7.082,7.0576,7.0678,9778
24-02-2003,7.0617,7.1165,7.0312,7.0495,53984
25-02-2003,7.0495,7.086,6.9744,7.086,18742
26-02-2003,7.0617,7.0901,7.0252,7.0252,5704
27-02-2003,7.0759,7.22,7.0759,7.1916,23834
28-02-2003,7.1976,7.3235,7.1834,7.2504,50317
03-03-2003,7.22,7.289,7.1449,7.1631,25260
04-03-2003,7.1591,7.2139,7.0881,7.1023,39520
05-03-2003,7.1226,7.1895,7.1185,7.1185,13038
06-03-2003,7.1023,7.1023,7.0576,7.0698,18130
07-03-2003,7.0475,7.1388,7.0312,7.1266,9371
10-03-2003,7.1388,7.1388,7.0779,7.0962,11408
11-03-2003,7.0962,7.1104,6.9825,6.9825,21594
12-03-2003,6.942,6.9521,6.8506,6.875,36261
13-03-2003,6.8912,6.9318,6.8851,6.9298,16297
14-03-2003,6.9095,6.9663,6.875,6.9663,6926
17-03-2003,6.9278,7.0434,6.9278,7.0211,44206
18-03-2003,7.0495,7.1489,7.0475,7.1287,23834
19-03-2003,7.1489,7.1834,7.1124,7.1388,31168
20-03-2003,7.1266,7.2139,7.1266,7.1936,10389
21-03-2003,7.2139,7.2281,7.1571,7.2261,13241
24-03-2003,7.2058,7.2788,7.1834,7.2078,31983
25-03-2003,7.1895,7.2139,7.1814,7.1916,23631
26-03-2003,7.2139,7.2281,7.1307,7.1956,17112
27-03-2003,7.2579,7.3356,7.2416,7.3356,28724
28-03-2003,7.278,7.3378,7.278,7.3254,9167
31-03-2003,7.3007,7.3027,7.208,7.2451,30557
01-04-2003,7.2615,7.2883,7.2142,7.2224,26279
02-04-2003,7.2739,7.3954,7.2739,7.381,5704
03-04-2003,7.3604,7.3604,7.2636,7.276,14260
04-04-2003,7.2863,7.2863,7.2368,7.276,13852
07-04-2003,7.276,7.3584,7.276,7.3398,16501
08-04-2003,7.346,7.4346,7.346,7.3893,50113
09-04-2003,7.3954,7.4202,7.3851,7.4016,5704
10-04-2003,7.4531,7.5644,7.4366,7.5644,58873
11-04-2003,7.5809,7.6983,7.5809,7.6756,42983
14-04-2003,7.6344,7.6818,7.6344,7.6365,21186
15-04-2003,7.6612,7.6797,7.6324,7.6756,23631
16-04-2003,7.688,7.688,7.6179,7.6179,11408
17-04-2003,7.6303,7.69,7.6303,7.6736,28520
21-04-2003,7.5706,7.6653,7.5706,7.6571,16297
22-04-2003,7.6715,7.7209,7.6715,7.7209,42372
23-04-2003,7.7251,7.7992,7.723,7.791,7130
24-04-2003,7.7251,7.7992,7.7251,7.7436,34631
25-04-2003,7.7395,7.7807,7.7271,7.7724,12223
28-04-2003,7.7972,7.8342,7.793,7.8342,7537
29-04-2003,7.8301,7.9002,7.8281,7.8631,26483
30-04-2003,7.9105,8.0155,7.9105,7.997,27094
01-05-2003,8.0279,8.0629,8.0073,8.0382,24853
02-05-2003,8.0341,8.1062,8.0341,8.102,25057
05-05-2003,8.1165,8.2627,8.1165,8.2442,17112
06-05-2003,8.2565,8.4007,8.2565,8.3904,42576
07-05-2003,8.3513,8.3678,8.3204,8.3575,19760
08-05-2003,8.3575,8.3678,8.3225,8.3678,30761
09-05-2003,8.3389,8.4564,8.3389,8.4316,73744
12-05-2003,8.4275,8.6335,8.4275,8.6294,19556
13-05-2003,8.5964,8.7159,8.58,8.6665,58466
14-05-2003,8.6727,8.786,8.6315,8.7839,17112
15-05-2003,8.7777,8.7777,8.7242,8.7468,47261
16-05-2003,8.7777,8.8993,8.7715,8.8745,31372
19-05-2003,8.8601,8.8787,8.8478,8.8601,15890
20-05-2003,8.9569,9.0599,8.9116,9.0167,31983
21-05-2003,8.9981,9.0229,8.8931,8.9384,37279
22-05-2003,8.8519,8.8931,8.7963,8.8148,31372
23-05-2003,8.7242,8.823,8.7242,8.7901,19556
27-05-2003,8.7427,8.8704,8.7303,8.7798,56632
28-05-2003,8.7345,8.7489,8.6273,8.6933,22612
29-05-2003,8.6891,8.8436,8.6891,8.8086,21594
30-05-2003,8.8086,8.8684,8.7551,8.823,63966
02-06-2003,8.8107,9.0023,8.7942,8.9611,72318
03-06-2003,8.9137,8.9405,8.891,8.9343,45428
04-06-2003,8.9837,9.1712,8.9837,9.0847,60299
05-06-2003,9.0805,9.3051,9.0805,9.235,36465
06-06-2003,9.1938,9.2536,9.0435,9.0847,58058
09-06-2003,9.0146,9.0311,8.9549,8.9899,21390
10-06-2003,8.9405,9.0538,8.8478,9.0538,27094
11-06-2003,9.0867,9.2247,9.0867,9.2206,26279
12-06-2003,9.2227,9.2721,9.1938,9.2721,22408
13-06-2003,9.2453,9.3648,9.2247,9.3545,32187
16-06-2003,9.3174,9.404,9.301,9.404,74966
17-06-2003,9.4143,9.4143,9.3277,9.3895,52151
18-06-2003,9.3875,9.4349,9.3401,9.406,38909
19-06-2003,9.2701,9.3566,9.2659,9.3154,51132
20-06-2003,9.3154,9.3154,9.0991,9.1444,36668
23-06-2003,9.1176,9.1176,9.0496,9.0682,19964
24-06-2003,9.0599,9.1053,9.0373,9.0641,42576
25-06-2003,9.1156,9.2536,9.1156,9.1485,38502
26-06-2003,9.1156,9.13,9.0744,9.1114,26686
27-06-2003,9.2345,9.351,9.2345,9.2927,80059
30-06-2003,9.2815,9.6963,9.2081,9.6963,91875
01-07-2003,9.4805,9.5245,9.4491,9.4847,33205
02-07-2003,9.4072,9.4344,9.3359,9.3862,35242
03-07-2003,9.3506,9.4868,9.3506,9.4868,20982
07-07-2003,9.3045,9.4365,9.3045,9.4365,13852
08-07-2003,9.3757,9.3757,9.2396,9.359,31779
09-07-2003,9.3213,9.3506,9.271,9.3422,16704
10-07-2003,9.2417,9.2773,9.1662,9.2668,11612
11-07-2003,9.2521,9.3443,9.2521,9.3108,31779
14-07-2003,9.3213,9.4973,9.3213,9.4973,24242
15-07-2003,9.4449,9.5329,9.4197,9.4407,41557
16-07-2003,9.4386,9.4826,9.403,9.4805,9778
17-07-2003,9.403,9.403,9.2752,9.3443,31576
18-07-2003,9.294,9.294,9.1139,9.2877,75578
21-07-2003,9.2563,9.3317,9.2396,9.3171,12834
22-07-2003,9.3045,9.4197,9.2542,9.4093,29131
23-07-2003,9.4239,9.5832,9.4239,9.5329,34224
24-07-2003,9.5622,9.6691,9.47,9.4889,28316
25-07-2003,9.5517,9.6104,9.5329,9.5853,29131
28-07-2003,9.5874,9.623,9.535,9.5455,13445
29-07-2003,9.5182,9.5287,9.4281,9.4386,16704
30-07-2003,9.3464,9.3506,9.1159,9.1411,39317
31-07-2003,9.0971,9.1118,9.0007,9.0342,44206
01-08-2003,9.0657,9.0803,8.9567,8.9567,29742
04-08-2003,8.9609,8.9693,8.8939,8.8939,12834
05-08-2003,8.9001,8.9483,8.8687,8.8687,16501
06-08-2003,8.764,8.8939,8.7074,8.8331,37076
07-08-2003,8.8582,8.9232,8.8582,8.8624,28112
08-08-2003,8.9043,9.0573,8.9043,9.0573,16501
11-08-2003,9.0992,9.271,9.0992,9.2521,30761
12-08-2003,9.2521,9.3464,9.25,9.315,21186
13-08-2003,9.3443,9.426,9.3443,9.4218,25260
14-08-2003,9.4093,9.4093,9.2186,9.2375,18945
15-08-2003,9.2228,9.3066,9.2228,9.3066,6519
18-08-2003,9.2186,9.338,9.2186,9.2773,11408
19-08-2003,9.2081,9.3674,9.2018,9.3338,18130
20-08-2003,9.3024,9.3108,9.1641,9.1788,10593
21-08-2003,9.1851,9.1998,9.0929,9.1243,19149
22-08-2003,9.1348,9.1348,9.0573,9.0761,16908
25-08-2003,9.0824,9.1118,9.0447,9.074,28112
26-08-2003,9.1243,9.1998,9.1034,9.1411,25464
27-08-2003,9.1139,9.1243,9.0615,9.1118,17927
28-08-2003,9.1516,9.1977,9.1118,9.1977,45632
29-08-2003,9.2018,9.3024,9.2018,9.2961,12426
02-09-2003,9.2836,9.3716,9.2836,9.3443,15686
03-09-2003,9.4197,9.4596,9.3443,9.3695,98190
04-09-2003,9.4176,9.4176,9.3548,9.3737,4482
05-09-2003,9.3611,9.4051,9.338,9.4051,8963
08-09-2003,9.3757,9.3757,9.3003,9.3003,8556
09-09-2003,9.3213,9.3213,9.2689,9.2919,14871
10-09-2003,9.2961,9.4093,9.2961,9.4009,14871
11-09-2003,9.3359,9.4009,9.3359,9.3883,9778
12-09-2003,9.4093,9.4805,9.4093,9.4742,15075
15-09-2003,9.4763,9.4763,9.4218,9.4491,12019
16-09-2003,9.4302,9.5015,9.4093,9.5015,4889
17-09-2003,9.4994,9.5643,9.4994,9.5538,30761
18-09-2003,9.5978,9.6733,9.5915,9.6586,28927
19-09-2003,9.7361,9.8052,9.7319,9.7654,27094
22-09-2003,9.7822,9.7948,9.734,9.7675,9982
23-09-2003,9.7445,9.7487,9.6837,9.7361,9778
24-09-2003,9.7633,9.8199,9.7361,9.7969,22612
25-09-2003,9.7654,9.7864,9.7424,9.7487,11815
26-09-2003,9.7026,9.7089,9.6544,9.6879,15686
29-09-2003,9.6481,9.7424,9.6209,9.7424,13038
30-09-2003,9.7487,9.7969,9.711,9.7738,34224
01-10-2003,9.8262,10.0022,9.8262,9.954,15278
02-10-2003,9.9351,10.0085,9.9351,9.9624,35446
03-10-2003,9.9418,10.0009,9.8743,9.8849,46243
06-10-2003,9.8764,9.965,9.8406,9.965,13241
07-10-2003,10.0178,10.1739,10.0178,10.1296,78633
08-10-2003,10.1212,10.195,10.0515,10.0515,30557
09-10-2003,10.0537,10.0558,9.9671,9.9925,18945
10-10-2003,10.1043,10.1992,10.1043,10.1992,6111
13-10-2003,10.1908,10.2435,10.1802,10.2435,3667
14-10-2003,10.2035,10.4334,10.2035,10.4334,28112
15-10-2003,10.4208,10.7246,10.4208,10.6297,61521
16-10-2003,10.617,10.6655,10.5621,10.5664,40946
17-10-2003,10.5748,10.5748,10.5094,10.5579,10186
20-10-2003,10.5579,10.6022,10.4756,10.5558,26686
21-10-2003,10.4967,10.6128,10.4777,10.6128,21390
22-10-2003,10.6381,10.6676,10.5832,10.6676,30761
23-10-2003,10.6233,10.6275,10.5769,10.5938,35650
24-10-2003,10.5938,10.5938,10.5094,10.5389,13038
27-10-2003,10.5305,10.598,10.5305,10.5706,13445
28-10-2003,10.6022,10.6782,10.5769,10.6655,14464
29-10-2003,10.6529,10.6845,10.6254,10.6634,19760
30-10-2003,10.6972,10.7162,10.5073,10.5263,35039
31-10-2003,10.5242,10.5242,10.4271,10.4841,39520
03-11-2003,10.4735,10.4967,10.4208,10.4271,23020
04-11-2003,10.425,10.4967,10.3997,10.482,17519
05-11-2003,10.5052,10.541,10.4524,10.4988,44002
06-11-2003,10.4461,10.4566,10.3955,10.3955,15890
07-11-2003,10.444,10.5263,10.4419,10.4925,57243
10-11-2003,10.5389,10.5643,10.4482,10.4545,50928
11-11-2003,10.444,10.4566,10.406,10.4398,9167
12-11-2003,10.4904,10.5579,10.4208,10.4377,30353
13-11-2003,10.4545,10.4904,10.3596,10.3722,23427
14-11-2003,10.3828,10.444,10.3174,10.3596,25464
17-11-2003,10.3469,10.3469,10.2668,10.3026,26890
18-11-2003,10.3279,10.4904,10.3279,10.463,30964
19-11-2003,10.4482,10.5938,10.4482,10.4756,61521
20-11-2003,10.4756,10.5685,10.4503,10.4967,33002
21-11-2003,10.4545,10.5347,10.4545,10.4735,11001
24-11-2003,10.4545,10.4693,10.3279,10.3955,19964
25-11-2003,10.4123,10.4503,10.368,10.3955,11815
26-11-2003,10.4841,10.4841,10.3132,10.3786,27298
28-11-2003,10.4714,10.4904,10.4355,10.4355,24446
01-12-2003,10.4123,10.4187,10.3575,10.3701,18742
02-12-2003,10.3701,10.4651,10.3343,10.4018,41150
03-12-2003,10.3976,10.4334,10.2921,10.3364,25260
04-12-2003,10.2794,10.3068,10.0916,10.1275,31576
05-12-2003,10.1317,10.2077,10.0726,10.1781,33205
08-12-2003,10.2203,10.2921,10.1887,10.2646,14260
09-12-2003,10.2921,10.3258,10.2013,10.2921,29742
10-12-2003,10.29,10.29,10.195,10.2499,41761
11-12-2003,10.0748,10.1296,10.0473,10.098,20982
12-12-2003,10.117,10.1402,10.0811,10.1022,38094
15-12-2003,10.1275,10.1971,10.0642,10.0853,69670
16-12-2003,10.0452,10.2098,10.0452,10.1824,40131
17-12-2003,10.1592,10.3174,10.1592,10.3174,22001
18-12-2003,10.2752,10.2963,10.2583,10.2836,13241
19-12-2003,10.2668,10.3132,10.2224,10.3132,14667
22-12-2003,10.3174,10.4355,10.3174,10.3976,26075
23-12-2003,10.3976,10.4398,10.3976,10.4144,9371
24-12-2003,10.4693,10.6128,10.4693,10.579,18130
26-12-2003,10.5811,10.6339,10.5685,10.6339,3259
29-12-2003,10.5811,10.6423,10.56,10.598,24242
30-12-2003,10.6402,10.7563,10.6128,10.7014,28927
31-12-2003,10.7288,10.7394,10.674,10.6845,57040
02-01-2004,10.8172,10.9044,10.7619,10.8491,36465
05-01-2004,10.9554,10.983,10.9341,10.9341,42169
06-01-2004,10.9511,10.9703,10.8767,10.9384,18945
07-01-2004,10.932,10.9639,10.8895,10.8937,24038
08-01-2004,10.932,10.932,10.83,10.881,40131
09-01-2004,10.9129,10.949,10.8789,10.8831,22612
12-01-2004,10.8214,10.8959,10.8044,10.8257,80874
13-01-2004,10.8789,10.9426,10.7981,10.847,13241
14-01-2004,10.7832,10.8066,10.7258,10.764,13445
15-01-2004,10.747,10.8512,10.73,10.8151,15686
16-01-2004,10.847,10.8937,10.7662,10.8937,13649
20-01-2004,11.0553,11.1829,11.0064,11.1297,37891
21-01-2004,11.0553,11.0872,10.9894,11.0468,43798
22-01-2004,11.0723,11.202,11.0659,11.202,29946
23-01-2004,11.0681,11.1127,10.8789,10.983,32390
26-01-2004,10.9894,10.9894,10.9341,10.9852,13649
27-01-2004,11.0213,11.0213,10.9745,11.0022,8963
28-01-2004,10.9299,10.9703,10.8257,10.8385,21594
29-01-2004,10.8427,10.8427,10.7364,10.7768,105523
30-01-2004,10.7555,10.8172,10.7194,10.8002,48076
02-02-2004,10.8108,10.8703,10.7237,10.8491,56429
03-02-2004,10.8363,10.9426,10.8002,10.8108,26483
04-02-2004,10.8172,10.8385,10.7555,10.7853,17927
05-02-2004,10.8385,10.8852,10.7151,10.7151,16908
06-02-2004,10.8214,10.8661,10.8023,10.8385,14667
09-02-2004,10.8852,10.9107,10.8193,10.9107,20168
10-02-2004,10.915,10.9681,10.8895,10.9129,24242
11-02-2004,10.9129,11.1297,10.9129,11.0638,49299
12-02-2004,11.0426,11.1,11,11.0766,35446
13-02-2004,11.1467,11.1744,11.0681,11.1148,24649
17-02-2004,11.2254,11.2339,11.1616,11.1914,34224
18-02-2004,11.2041,11.2594,11.0341,11.0574,14871
19-02-2004,11.0107,11.1425,11.0107,11.0149,22612
20-02-2004,10.9745,10.9745,10.7725,10.8129,38298
23-02-2004,10.8066,10.8066,10.7045,10.7237,19149
24-02-2004,10.6854,10.8002,10.6429,10.7725,32390
25-02-2004,10.7534,10.7534,10.6726,10.6748,16297
26-02-2004,10.6748,10.8023,10.6577,10.8023,19149
27-02-2004,10.7598,10.9214,10.7215,10.881,60299
01-03-2004,10.932,10.966,10.7492,10.7683,78430
02-03-2004,10.8427,10.8427,10.7577,10.7981,75781
03-03-2004,10.7853,10.983,10.7555,10.9809,107153
04-03-2004,11.0213,11.1106,11.0128,11.0659,38298
05-03-2004,11.1616,11.253,11.1425,11.1829,47465
08-03-2004,11.1956,11.253,11.1892,11.2339,41150
09-03-2004,11.1999,11.2913,11.1914,11.2339,38298
10-03-2004,11.2296,11.2296,11.1276,11.1297,30964
11-03-2004,11.0978,11.151,11.0447,11.1191,45632
12-03-2004,11.0341,11.0341,10.9235,11.0213,45835
15-03-2004,11.0553,11.0553,10.9809,11.0192,31168
16-03-2004,11.1297,11.1807,11.0893,11.1467,21594
17-03-2004,11.1127,11.253,11.1106,11.202,20168
18-03-2004,11.2254,11.3168,11.2254,11.2722,25872
19-03-2004,11.2743,11.3955,11.2743,11.2828,24038
22-03-2004,11.2849,11.3253,11.2318,11.2679,24038
23-03-2004,11.2934,11.2956,11.2169,11.27,199231
24-03-2004,11.2296,11.2296,11.1361,11.1744,32390
25-03-2004,11.2615,11.4125,11.2509,11.3933,40743
26-03-2004,11.4763,11.5443,11.4444,11.5443,25872
29-03-2004,11.5804,11.7293,11.5804,11.6506,29742
30-03-2004,11.6506,11.674,11.6251,11.6485,19964
31-03-2004,11.6081,11.6208,11.4741,11.4741,73948
01-04-2004,11.5544,11.6293,11.5223,11.6293,42372
02-04-2004,11.6713,11.8416,11.4795,11.792,246696
05-04-2004,11.8028,12.2167,11.8028,12.0378,59077
06-04-2004,12.0917,12.1822,11.999,12.1391,47261
07-04-2004,12.1693,12.1952,12.0831,12.1952,34224
08-04-2004,12.0982,12.0982,11.9537,12.0033,33816
12-04-2004,11.999,12.0098,11.9602,11.9796,23834
13-04-2004,12.0723,12.0723,11.8114,11.8567,26483
14-04-2004,11.8028,11.8028,11.5053,11.5118,32798
15-04-2004,11.5334,11.5722,11.3286,11.3911,52762
16-04-2004,11.3652,11.4363,11.3652,11.4105,14667
19-04-2004,11.4105,11.4838,11.404,11.4385,15686
20-04-2004,11.3868,11.3868,11.0914,11.0914,23427
21-04-2004,11.1238,11.2531,11.1087,11.2531,10389
22-04-2004,11.3824,11.404,11.238,11.3954,31576
23-04-2004,11.4299,11.4385,11.3329,11.4083,15482
26-04-2004,11.5161,11.5161,11.2682,11.3286,10593
27-04-2004,11.3738,11.3738,11.1884,11.2121,21186
28-04-2004,10.9815,11.0354,10.85,10.934,30353
29-04-2004,10.9729,11.1022,10.947,10.9513,32187
30-04-2004,11.016,11.0548,10.8996,10.9599,63864
03-05-2004,11.0677,11.141,10.9944,11.0073,15075
04-05-2004,11.1022,11.1496,11.072,11.141,17621
05-05-2004,11.141,11.1971,11.0591,11.1238,8556
06-05-2004,11.072,11.1281,11.0073,11.1281,28214
07-05-2004,11.0591,11.0591,10.8004,10.8435,14056
10-05-2004,10.7659,10.7745,10.6064,10.6064,15991
11-05-2004,10.684,10.7616,10.6279,10.6409,19760
12-05-2004,10.5848,10.5977,10.4425,10.5934,27705
13-05-2004,10.6236,10.6236,10.477,10.546,16093
14-05-2004,10.4598,10.5158,10.4037,10.4684,24344
17-05-2004,10.3261,10.5633,10.2399,10.283,31474
18-05-2004,10.2658,10.3132,10.2399,10.3003,14973
19-05-2004,10.477,10.5805,10.4037,10.408,19047
20-05-2004,10.4512,10.5331,10.4253,10.4986,9269
21-05-2004,10.5201,10.5201,10.4253,10.49,9676
24-05-2004,10.5633,10.5633,10.5589,10.5633,1528
25-05-2004,10.5503,10.7098,10.5503,10.6797,22408
26-05-2004,10.753,10.7875,10.4986,10.4986,36872
27-05-2004,10.6064,10.671,10.4813,10.5762,20982
28-05-2004,10.5977,10.7185,10.5719,10.6581,27094
01-06-2004,10.6624,10.8176,10.6495,10.7918,28520
02-06-2004,10.9513,10.9513,10.7788,10.8263,10593
03-06-2004,10.8608,10.9384,10.8047,10.9082,12528
04-06-2004,11.016,11.1022,10.9901,11.0548,13343
07-06-2004,11.21,11.2876,11.1971,11.2359,10389
08-06-2004,11.2488,11.4342,11.2488,11.3824,23223
09-06-2004,11.3824,11.3824,11.1324,11.1669,20575
10-06-2004,11.1841,11.3005,11.1841,11.2445,13343
14-06-2004,11.1712,11.1712,11.0246,11.0461,10593
15-06-2004,11.0634,11.2488,11.0246,11.2488,14769
16-06-2004,11.1669,11.3048,11.1626,11.2014,12019
17-06-2004,11.2445,11.3264,11.1238,11.2962,10491
18-06-2004,11.404,11.5075,11.2531,11.2747,23325
21-06-2004,11.3307,11.335,11.279,11.279,9065
22-06-2004,11.3307,11.4859,11.3307,11.4385,23121
23-06-2004,11.5463,11.5678,11.4169,11.5549,11713
24-06-2004,11.667,11.7101,11.5894,11.5894,12630
25-06-2004,11.611,11.6411,11.529,11.529,20575
28-06-2004,11.6325,11.6368,11.542,11.5722,8047
29-06-2004,11.5808,11.5808,11.4945,11.5032,10797
30-06-2004,11.5161,11.6196,11.4557,11.6196,25464
01-07-2004,11.7061,11.7322,11.6017,11.6756,4278
02-07-2004,11.7973,11.8676,11.6566,11.8061,10389
06-07-2004,11.8061,11.8369,11.7094,11.8017,18945
07-07-2004,11.8545,11.9072,11.7401,11.7401,8760
08-07-2004,11.6742,11.8413,11.661,11.8325,17010
09-07-2004,11.8413,11.8457,11.7577,11.8281,7130
12-07-2004,11.7445,11.9204,11.7445,11.9072,15075
13-07-2004,11.7885,11.9688,11.7489,11.938,3769
14-07-2004,11.9292,11.9644,11.8896,11.9336,5500
15-07-2004,11.9072,12.0127,11.9072,11.9468,16501
16-07-2004,12.0699,12.0919,11.7797,11.9556,22612
19-07-2004,12.004,12.1227,12.004,12.1183,42983
20-07-2004,12.0875,12.0875,11.9776,12.004,12121
21-07-2004,12.0435,12.1139,11.9776,11.9776,5398
22-07-2004,12.0875,12.1798,12.0611,12.1095,14260
23-07-2004,12.0567,12.1666,12.0567,12.1051,9575
26-07-2004,12.1491,12.2238,11.8237,11.8545,8862
27-07-2004,11.8984,11.938,11.8281,11.9072,12121
28-07-2004,11.9732,12.0127,11.8589,11.8984,17825
29-07-2004,11.9424,12.1271,11.9424,12.0303,13343
30-07-2004,12.0743,12.2062,12.0743,12.1051,11306
02-08-2004,12.2018,12.2018,11.9996,12.0259,12223
03-08-2004,12.1579,12.281,12.1315,12.2282,32696
04-08-2004,12.1183,12.3337,12.1183,12.1886,17417
05-08-2004,12.1754,12.2018,11.9776,11.9776,22714
06-08-2004,12.0523,12.0875,11.9468,11.96,7232
09-08-2004,12.0919,12.0919,11.938,11.9468,9371
10-08-2004,12.0171,12.0611,11.9336,12.0171,10797
11-08-2004,11.9512,11.9512,11.8545,11.872,12834
12-08-2004,11.8325,11.872,11.683,11.8237,15380
13-08-2004,11.9336,12.1491,11.8413,12.1271,9371
16-08-2004,12.0743,12.2854,12.0743,12.2546,9371
17-08-2004,12.2502,12.2898,12.215,12.215,8352
18-08-2004,12.2018,12.2018,12.0611,12.1447,8047
19-08-2004,12.1491,12.3513,12.0391,12.3425,11306
20-08-2004,12.3381,12.4129,12.2194,12.3601,18436
23-08-2004,12.2678,12.3117,12.2678,12.2678,15686
24-08-2004,12.4393,12.5272,12.4085,12.4349,12936
25-08-2004,12.3074,12.7427,12.3074,12.7427,22714
26-08-2004,12.6415,12.6679,12.5272,12.558,15482
27-08-2004,12.602,12.6195,12.2502,12.2766,19149
30-08-2004,12.2282,12.3689,12.1095,12.2326,19556
31-08-2004,12.2326,12.2634,11.9864,12.0523,24955
01-09-2004,12.0831,12.2546,12.0567,12.1798,17621
02-09-2004,12.193,12.2722,12.1271,12.2546,44919
03-09-2004,12.2106,12.2106,12.1051,12.2018,62845
07-09-2004,12.3469,12.3689,12.2678,12.3557,34631
08-09-2004,12.2986,12.6591,12.2062,12.2546,46752
09-09-2004,12.2678,12.3161,12.1622,12.259,19251
10-09-2004,12.237,12.3161,12.1798,12.1886,28724
13-09-2004,12.1622,12.3161,12.0919,12.281,50725
14-09-2004,12.2458,12.4261,12.2458,12.3865,11102
15-09-2004,12.2634,12.3469,12.2238,12.2898,13139
16-09-2004,12.3117,12.5404,12.3117,12.4964,24649
17-09-2004,12.3997,12.4876,12.3337,12.4569,13445
20-09-2004,12.4173,12.5712,12.4173,12.4437,13445
21-09-2004,12.5228,12.6723,12.5228,12.5976,18232
22-09-2004,12.6283,12.6767,12.5712,12.6415,9982
23-09-2004,12.6195,12.7734,12.6195,12.7119,10797
24-09-2004,12.7251,12.835,12.7251,12.7734,17825
27-09-2004,12.7734,12.7822,12.6415,12.6591,16806
28-09-2004,12.6767,12.7339,12.5536,12.6635,21390
29-09-2004,12.6855,12.791,12.6064,12.7515,31168
30-09-2004,12.7515,12.8702,12.7075,12.8614,21594
01-10-2004,12.9231,13.0117,12.8522,12.9054,62438
04-10-2004,12.9142,13.0782,12.8655,13.0029,26075
05-10-2004,13.0117,13.2689,13.0117,13.1935,23631
06-10-2004,13.1802,13.2112,13.1181,13.1802,9982
07-10-2004,13.1935,13.2201,13.1004,13.1359,18436
08-10-2004,13.2068,13.3398,13.1447,13.1935,15075
11-10-2004,13.1669,13.2556,13.1669,13.2112,5806
12-10-2004,13.1359,13.3088,13.1226,13.2423,22918
13-10-2004,13.2556,13.393,13.2556,13.2822,16908
14-10-2004,13.3265,13.6679,13.3265,13.6058,34428
15-10-2004,13.69,14.089,13.6546,13.925,28316
18-10-2004,13.9605,14.1068,13.7964,13.7964,50419
19-10-2004,13.8762,14.027,13.5969,13.6457,38705
20-10-2004,13.7299,13.9117,13.7299,13.8807,19556
21-10-2004,14.0757,14.0846,13.8984,13.9915,66207
22-10-2004,13.9915,14.1289,13.894,13.9117,34428
25-10-2004,13.9959,13.9959,13.7698,13.9693,57854
26-10-2004,14.0225,14.16,14.0181,14.0979,58975
27-10-2004,14.1644,14.2132,14.1068,14.16,31474
28-10-2004,14.2708,14.3063,14.191,14.2664,29335
29-10-2004,14.4082,14.4703,14.355,14.4127,44104
01-11-2004,14.3462,14.3816,14.1334,14.191,39011
02-11-2004,14.1733,14.2442,14.1201,14.2442,29233
03-11-2004,14.5058,14.5058,14.2841,14.2885,36465
04-11-2004,14.3949,14.3949,14.2043,14.2974,28214
05-11-2004,14.4082,14.5324,14.3816,14.4659,19862
08-11-2004,14.4526,14.5856,14.4127,14.4836,2097327
09-11-2004,14.488,14.5235,14.3284,14.3861,23631
10-11-2004,14.3861,14.4127,14.2531,14.3018,41354
11-11-2004,14.3063,14.3772,14.2752,14.3506,20982
12-11-2004,14.3417,14.3816,14.1511,14.222,69772
15-11-2004,14.2398,14.293,14.1023,14.2043,26177
16-11-2004,14.2752,14.2752,14.1201,14.1954,12732
17-11-2004,14.3816,14.3949,14.1954,14.2531,13343
18-11-2004,14.2043,14.2043,13.9782,13.9782,160933
19-11-2004,14.0137,14.089,13.9383,13.9383,31066
22-11-2004,14.0491,14.1289,14.0491,14.1112,16908
23-11-2004,14.0314,14.0536,13.7477,13.9117,72624
24-11-2004,13.9782,14.0048,13.6812,13.761,30557
26-11-2004,13.9915,14.0624,13.9693,14.0624,24344
29-11-2004,14.0447,14.0802,13.9161,13.9383,141275
30-11-2004,13.9117,13.9649,13.7432,13.9605,35446
01-12-2004,14.058,14.4082,14.0447,14.4082,48178
02-12-2004,14.426,14.5989,14.426,14.4925,36363
03-12-2004,14.3462,14.5279,14.3462,14.4747,22612
06-12-2004,14.4127,14.5324,14.3506,14.4836,18029
07-12-2004,14.4437,14.4703,14.2752,14.4703,16806
08-12-2004,14.1866,14.3772,14.1378,14.3728,30048
09-12-2004,14.2841,14.2841,14.0979,14.1821,57549
10-12-2004,13.9871,14.1201,13.9427,14.058,46447
13-12-2004,14.0137,14.16,13.9915,14.0536,26483
14-12-2004,14.0137,14.1777,13.9738,14.1777,9982
15-12-2004,14.1467,14.3595,14.1422,14.293,61114
16-12-2004,14.2531,14.3063,14.1999,14.1999,17519
17-12-2004,14.1733,14.3506,14.1334,14.2353,16908
20-12-2004,14.324,14.4082,14.2797,14.4082,9575
21-12-2004,14.3994,14.5811,14.3595,14.5058,45428
22-12-2004,14.4082,14.5191,14.4082,14.4348,31168
23-12-2004,14.4969,14.5457,14.3683,14.4526,31576
27-12-2004,14.5412,14.6742,14.5412,14.6742,5195
28-12-2004,14.6742,14.8516,14.6742,14.8516,13751
29-12-2004,14.8649,15.0422,14.8294,14.9624,22714
30-12-2004,15.0791,15.455,15.0567,15.4057,33205
31-12-2004,15.4474,15.5151,15.267,15.267,34529
03-01-2005,15.3302,15.3347,15.1768,15.2896,11815
04-01-2005,15.1994,15.249,15.019,15.1949,46752
05-01-2005,15.1904,15.1904,14.9829,15.0235,25159
06-01-2005,14.9739,14.9739,14.7168,14.7709,21594
07-01-2005,14.8791,14.9152,14.5319,14.6672,40641
10-01-2005,14.7574,14.7935,14.6807,14.7168,32085
11-01-2005,14.7529,14.816,14.6852,14.7619,19760
12-01-2005,14.8746,14.9333,14.8295,14.9288,22408
13-01-2005,14.798,14.8115,14.7438,14.7935,22510
14-01-2005,14.6401,14.8476,14.6401,14.7844,22612
18-01-2005,14.6581,14.6987,14.5815,14.6491,557461
19-01-2005,14.6491,14.6491,14.5815,14.6221,17621
20-01-2005,14.5274,14.613,14.5048,14.5995,22816
21-01-2005,14.6852,14.7889,14.595,14.7484,37891
24-01-2005,14.7799,14.7799,14.6085,14.7258,22918
25-01-2005,14.6491,14.7484,14.4777,14.6266,25973
26-01-2005,14.6987,14.816,14.5815,14.6266,23427
27-01-2005,14.5499,14.5544,14.4371,14.4371,20269
28-01-2005,14.4822,14.4822,14.2748,14.3785,31372
31-01-2005,14.4191,14.4597,14.3109,14.383,20677
01-02-2005,14.3244,14.3244,14.1891,14.2838,43493
02-02-2005,14.2612,14.2838,14.1665,14.2026,38502
03-02-2005,14.1485,14.1665,14.0312,14.1259,44511
04-02-2005,14.0493,14.0583,13.9636,13.9816,208500
07-02-2005,13.9636,14.2793,13.9636,14.0899,32187
08-02-2005,14.1485,14.2838,14.1214,14.2342,45530
09-02-2005,14.2342,14.3109,14.2071,14.2748,30659
10-02-2005,14.3064,14.5544,14.3064,14.5003,33613
11-02-2005,14.5048,14.6446,14.4868,14.6176,33409
14-02-2005,14.6852,14.7935,14.5634,14.7709,36159
15-02-2005,14.816,14.834,14.7438,14.7484,59688
16-02-2005,14.7484,14.8115,14.6311,14.7032,42067
17-02-2005,14.7348,14.8746,14.6987,14.7664,43798
18-02-2005,14.7078,14.9062,14.7078,14.8791,49808
22-02-2005,14.9423,14.9784,14.7664,14.7664,87800
23-02-2005,14.6762,14.8386,14.5995,14.8386,27909
24-02-2005,14.6581,14.7258,14.4552,14.6987,35955
25-02-2005,14.7799,14.9378,14.5905,14.613,59993
28-02-2005,14.7258,14.8611,14.6581,14.6672,43493
01-03-2005,14.7168,14.7303,14.5725,14.6221,100838
02-03-2005,14.5048,14.7664,14.5048,14.7664,58873
03-03-2005,14.7303,14.8386,14.6717,14.8386,31474
04-03-2005,14.9333,15.1317,14.9333,15.0054,46752
07-03-2005,15.0099,15.1362,14.9739,15.0641,33205
08-03-2005,15.1949,15.3527,15.1723,15.2535,31372
09-03-2005,15.3662,15.3708,15.2264,15.3257,24446
10-03-2005,15.3753,15.3753,15.2039,15.2039,35853
11-03-2005,15.1768,15.2264,15.0235,15.0956,28214
14-03-2005,15.019,15.1452,15.0099,15.1317,19455
15-03-2005,15.2355,15.276,15.1949,15.1994,24446
16-03-2005,15.2445,15.2625,15.0731,15.0731,14769
17-03-2005,15.0641,15.1723,15.019,15.1407,39928
18-03-2005,15.0596,15.1678,15.0054,15.028,24344
21-03-2005,14.8521,14.9964,14.8476,14.9197,20779
22-03-2005,15.0054,15.1317,14.9242,14.9694,55512
23-03-2005,14.8611,14.8656,14.7303,14.7348,42983
24-03-2005,14.7664,14.8205,14.7303,14.7574,31576
28-03-2005,14.7529,14.7529,14.5679,14.7078,29946
29-03-2005,14.798,14.8115,14.7484,14.7844,22816
30-03-2005,14.816,14.816,14.6356,14.6987,32289
31-03-2005,14.9385,14.9567,14.8112,14.8476,27909
01-04-2005,14.8553,14.8553,14.6811,14.7178,35853
04-04-2005,14.6995,14.7178,14.5574,14.6536,25362
05-04-2005,14.6628,14.837,14.6628,14.837,22918
06-04-2005,14.8049,14.8828,14.7865,14.8782,20677
07-04-2005,14.8782,14.8782,14.6719,14.6995,31270
08-04-2005,14.6536,14.8003,14.6536,14.782,15177
11-04-2005,14.8324,14.8461,14.7315,14.7911,65596
12-04-2005,14.8324,14.8324,14.5849,14.8049,18742
13-04-2005,14.759,14.8828,14.759,14.8186,16908
14-04-2005,14.7957,14.7957,14.6628,14.6765,16195
15-04-2005,14.6811,14.6811,14.4932,14.5299,16195
18-04-2005,14.429,14.5711,14.4015,14.4657,32798
19-04-2005,14.5069,14.6536,14.4153,14.6124,15075
20-04-2005,14.5619,14.6536,14.4794,14.6215,30150
21-04-2005,14.6765,14.6995,14.4749,14.5161,46956
22-04-2005,14.5986,14.6582,14.5574,14.5619,9880
25-04-2005,14.5069,14.6628,14.5024,14.5207,18945
26-04-2005,14.5253,14.5482,14.429,14.4703,19964
27-04-2005,14.4061,14.4932,14.4061,14.4474,21390
28-04-2005,14.429,14.5528,14.4015,14.5528,46854
29-04-2005,14.6124,14.6169,14.5161,14.5757,28011
02-05-2005,14.6032,14.7682,14.6032,14.7086,19353
03-05-2005,14.6811,14.6811,14.5894,14.6536,15177
04-05-2005,14.6811,14.8232,14.6582,14.8232,14056
05-05-2005,14.782,14.8049,14.6674,14.6811,22001
06-05-2005,14.7453,14.7957,14.6995,14.7682,15482
09-05-2005,14.814,14.8553,14.7407,14.8095,26177
10-05-2005,14.8003,14.837,14.782,14.8095,13139
11-05-2005,14.7911,14.7911,14.6261,14.6353,23733
12-05-2005,14.6444,14.6674,14.5207,14.6444,19251
13-05-2005,14.5574,14.5574,14.209,14.2503,27298
16-05-2005,14.2411,14.3969,14.2273,14.3419,14260
17-05-2005,14.3419,14.4199,14.3282,14.3924,14769
18-05-2005,14.3878,14.5299,14.3878,14.5115,38298
19-05-2005,14.4886,14.5299,14.4657,14.5161,16297
20-05-2005,14.4978,14.4978,14.3924,14.3924,13547
23-05-2005,14.4611,14.6215,14.3465,14.5986,16501
24-05-2005,14.5344,14.5894,14.4382,14.5757,25770
25-05-2005,14.5619,14.5757,14.3786,14.3786,26483
26-05-2005,14.4107,14.4107,14.2411,14.3053,19047
27-05-2005,14.3236,14.4611,14.2411,14.4474,34224
31-05-2005,14.4932,14.7315,14.4932,14.5665,135164
01-06-2005,14.6124,14.7086,14.5528,14.6032,36261
02-06-2005,14.5665,14.5894,14.429,14.4382,22001
03-06-2005,14.5528,14.5528,14.4244,14.5161,17927
06-06-2005,14.5253,14.6078,14.4932,14.5619,15788
07-06-2005,14.6582,14.7361,14.6307,14.6949,16195
08-06-2005,14.727,14.8049,14.6032,14.6582,237937
09-06-2005,14.6261,14.6949,14.5619,14.5986,130886
10-06-2005,14.704,14.7407,14.5986,14.6536,117339
13-06-2005,14.5757,14.5757,14.4611,14.5711,33409
14-06-2005,14.5574,14.5757,14.4749,14.5619,21492
15-06-2005,14.649,14.7545,14.6078,14.7224,26788
16-06-2005,14.7453,14.8736,14.7453,14.8736,21899
17-06-2005,14.9607,14.979,14.8645,14.979,22714
20-06-2005,14.8278,14.9653,14.8278,14.9195,22001
21-06-2005,14.9103,15.0707,14.9103,15.0203,25260
22-06-2005,15.002,15.167,15.002,15.1486,20881
23-06-2005,15.2036,15.3228,15.1395,15.1441,23834
24-06-2005,15.2082,15.3503,15.2036,15.332,32900
27-06-2005,15.3595,15.4145,15.2311,15.3366,44511
28-06-2005,15.3824,15.5291,15.3503,15.4832,22001
29-06-2005,15.5841,15.5887,15.4328,15.552,31779
30-06-2005,15.6968,15.6968,15.3039,15.3686,41150
01-07-2005,15.438,15.438,15.2623,15.267,25872
05-07-2005,15.022,15.2854,15.022,15.1098,21594
06-07-2005,15.156,15.2346,15.156,15.2254,44919
07-07-2005,15.2161,15.4981,15.1468,15.4981,21084
08-07-2005,15.5304,15.7477,15.5304,15.6691,100227
11-07-2005,15.7615,15.8216,15.7384,15.7708,11408
12-07-2005,15.8817,15.8817,15.7754,15.8078,33613
13-07-2005,15.8262,15.8309,15.6645,15.7477,28112
14-07-2005,15.7985,15.8355,15.6182,15.6506,31881
15-07-2005,15.5998,15.5998,15.438,15.4565,21186
18-07-2005,15.5166,15.6922,15.5073,15.6367,16501
19-07-2005,15.6414,15.7199,15.6414,15.6783,20066
20-07-2005,15.7384,15.7477,15.5998,15.7384,44104
21-07-2005,15.854,16.0481,15.8309,15.9094,23733
22-07-2005,15.9464,16.025,15.8725,15.9464,328691
25-07-2005,16.0204,16.0989,15.8863,15.9695,27196
26-07-2005,15.8817,15.8817,15.7477,15.8632,16501
27-07-2005,15.8771,15.9649,15.7615,15.8262,331441
28-07-2005,15.854,15.9141,15.7199,15.8494,24344
29-07-2005,15.9048,15.9048,15.7199,15.7846,338265
01-08-2005,15.817,16.025,15.817,15.854,16501
02-08-2005,16.1359,16.233,16.1128,16.1221,350386
03-08-2005,16.062,16.1498,16.0342,16.0943,337552
04-08-2005,16.1544,16.1544,15.7384,15.9048,404981
05-08-2005,15.7153,15.7662,15.6044,15.7338,32085
08-08-2005,15.8031,15.9094,15.6229,15.7107,32390
09-08-2005,15.7477,15.8447,15.6968,15.8216,47669
10-08-2005,15.8956,15.9788,15.8956,15.9649,17519
11-08-2005,16.062,16.196,16.0019,16.0019,24242
12-08-2005,16.0989,16.1637,16.0296,16.1174,30353
15-08-2005,16.0989,16.1313,16.0296,16.1128,17621
16-08-2005,16.1174,16.196,16.0666,16.1405,20168
17-08-2005,16.0389,16.1313,15.9695,15.9973,22103
18-08-2005,16.0065,16.0065,15.5813,15.6691,47974
19-08-2005,15.6691,15.8771,15.6691,15.8262,80365
22-08-2005,15.9418,15.9649,15.743,15.8262,66309
23-08-2005,15.8725,15.8725,15.6229,15.6229,72624
24-08-2005,15.6783,15.7846,15.6552,15.7754,97375
25-08-2005,15.7939,16.0111,15.7338,15.9603,329608
26-08-2005,15.9695,15.9788,15.7014,15.7384,404370
29-08-2005,15.743,15.9788,15.743,15.9002,25872
30-08-2005,15.8586,15.9834,15.6506,15.9094,353544
31-08-2005,15.8401,16.0342,15.8401,15.9603,360979
01-09-2005,15.8216,16.0851,15.7708,16.0666,198009
02-09-2005,15.891,15.9187,15.8262,15.8863,333784
06-09-2005,15.8262,15.9788,15.7708,15.9742,369535
07-09-2005,15.9834,16.0435,15.8956,15.951,500115
08-09-2005,15.988,16.0758,15.9695,16.0342,492578
09-09-2005,16.1498,16.4086,16.1498,16.3023,670929
12-09-2005,16.2469,16.3208,16.1036,16.3069,655956
13-09-2005,16.4086,16.478,16.3116,16.3948,510810
14-09-2005,16.3855,16.4733,16.3717,16.4549,523644
15-09-2005,16.3855,16.5011,16.2376,16.4918,536988
16-09-2005,16.5427,16.5704,16.4225,16.5288,57040
19-09-2005,16.5473,16.7368,16.5057,16.7045,50317
20-09-2005,16.6952,16.9078,16.6721,16.6813,62132
21-09-2005,16.7229,16.7876,16.649,16.7229,125691
22-09-2005,16.7553,16.8477,16.7183,16.7322,54391
23-09-2005,16.6998,16.8339,16.6259,16.7692,33002
26-09-2005,16.6721,17.0049,16.6721,16.8893,47669
27-09-2005,16.8477,17.273,16.8246,17.2545,72929
28-09-2005,17.3192,17.3839,17.0557,17.1389,56021
29-09-2005,17.1482,17.2776,17.0973,17.1759,41965
30-09-2005,17.2765,17.5793,17.1973,17.4209,79448
03-10-2005,17.4116,17.6771,17.3464,17.5932,42882
04-10-2005,17.6119,17.6119,17.1414,17.2206,45835
05-10-2005,17.1694,17.188,16.8666,16.9271,357414
06-10-2005,16.9597,16.9597,16.6197,16.7688,132413
07-10-2005,16.8526,16.9551,16.7641,16.82,47567
10-10-2005,16.9085,16.997,16.7921,16.7921,30048
11-10-2005,16.8014,16.8014,16.5405,16.6337,45428
12-10-2005,16.7036,16.806,16.6104,16.7082,45530
13-10-2005,16.5918,16.6989,16.3822,16.6337,39113
14-10-2005,16.5871,16.5918,16.4194,16.5219,31677
17-10-2005,16.4846,16.6477,16.4846,16.6057,22408
18-10-2005,16.5545,16.5592,16.4054,16.5592,26890
19-10-2005,16.5452,16.8386,16.5079,16.8293,30251
20-10-2005,16.8014,16.8759,16.6663,16.6942,225307
21-10-2005,16.6523,16.6709,16.466,16.5592,213084
24-10-2005,16.629,16.6896,16.5219,16.6663,69466
25-10-2005,16.7408,16.8014,16.5824,16.629,21797
26-10-2005,16.6989,16.9365,16.6989,16.7362,26177
27-10-2005,16.7455,16.7967,16.6523,16.7036,21084
28-10-2005,16.7222,16.7734,16.6477,16.7501,20371
31-10-2005,16.7129,17.0622,16.7129,16.9458,31576
01-11-2005,16.8992,17.188,16.8992,17.16,37076
02-11-2005,17.1554,17.1554,17.0156,17.1228,35344
03-11-2005,17.0995,17.0995,16.983,17.0529,37891
04-11-2005,17.0389,17.1694,16.9644,17.0808,16908
07-11-2005,17.0482,17.1926,16.9877,17.1135,31881
08-11-2005,17.1088,17.1088,16.8293,17.025,21186
09-11-2005,16.9458,17.2346,16.9038,17.188,161646
10-11-2005,17.2066,17.3417,17.2066,17.2579,20371
11-11-2005,17.2159,17.2951,17.1461,17.2951,15177
14-11-2005,17.1787,17.3184,17.1088,17.2392,27807
15-11-2005,17.2252,17.2811,17.1321,17.1833,22103
16-11-2005,17.1367,17.2905,17.1367,17.2532,17825
17-11-2005,17.2811,17.6025,17.2811,17.6025,49197
18-11-2005,17.6398,17.6631,17.5094,17.5373,24038
21-11-2005,17.6584,17.8075,17.6072,17.8075,18742
22-11-2005,17.8541,18.2127,17.8494,18.1895,37992
23-11-2005,18.2127,18.3525,18.1009,18.3525,25362
25-11-2005,18.6459,18.809,18.632,18.7624,21594
28-11-2005,18.8043,19.1397,18.7251,18.7344,69161
29-11-2005,19.0046,19.0279,18.1662,18.3292,117746
30-11-2005,18.4224,18.4224,17.8494,17.882,68142
01-12-2005,17.8727,18.0916,17.6398,18.0124,70383
02-12-2005,18.0311,18.2034,17.9752,18.1196,34631
05-12-2005,18.1336,18.4317,18.1336,18.3571,42372
06-12-2005,18.3804,18.6087,18.3618,18.6087,286624
07-12-2005,18.6087,18.7018,18.4922,18.7018,34937
08-12-2005,18.7717,18.7717,18.4829,18.5248,104912
09-12-2005,18.5015,18.6087,18.4317,18.4689,21084
12-12-2005,18.6366,18.6366,18.3991,18.4969,38196
13-12-2005,18.4969,18.5062,18.2919,18.3665,27399
14-12-2005,18.3991,18.427,18.2547,18.2873,43595
15-12-2005,18.2453,18.2733,18.0404,18.073,37381
16-12-2005,18.2593,18.4177,18.2174,18.2919,61216
19-12-2005,18.3711,18.5015,18.3012,18.3338,21186
20-12-2005,18.3338,18.4456,18.264,18.3804,28112
21-12-2005,18.3804,18.6739,18.3804,18.6506,27807
22-12-2005,18.7018,18.7158,18.4782,18.5621,142497
23-12-2005,18.5202,18.6692,18.5202,18.5667,27705
27-12-2005,18.5994,18.6506,18.5295,18.5295,11612
28-12-2005,18.5761,18.809,18.5761,18.7298,32900
29-12-2005,18.6586,18.837,18.6445,18.8276,30761
30-12-2005,18.7947,18.7947,18.5882,18.5976,46650
03-01-2006,18.7056,19.006,18.6398,18.9731,48586
04-01-2006,19.067,19.236,19.0247,19.2172,31881
05-01-2006,19.0576,19.0576,18.8417,18.9121,84337
06-01-2006,18.9121,18.9121,18.7056,18.7431,90347
09-01-2006,18.5835,18.6211,18.4098,18.5319,64068
10-01-2006,18.5272,18.6258,18.4239,18.56,29335
11-01-2006,18.5976,18.8933,18.5976,18.7431,61929
12-01-2006,18.7619,18.7666,18.5413,18.6211,37789
13-01-2006,18.6586,18.6727,18.5178,18.5225,27399
17-01-2006,18.6117,18.6117,18.4568,18.56,31677
18-01-2006,18.4286,18.4286,18.2831,18.3535,39826
19-01-2006,18.3957,18.56,18.3394,18.5507,36363
20-01-2006,18.6351,18.837,18.6351,18.7431,47465
23-01-2006,18.8464,18.9778,18.8229,18.9027,62336
24-01-2006,18.8839,18.9168,18.7102,18.8558,43085
25-01-2006,18.959,19.0388,18.9121,18.9684,41048
26-01-2006,19.006,19.067,18.9684,19.067,32289
27-01-2006,19.0764,19.1374,18.9496,19.0294,54290
30-01-2006,19.0998,19.0998,18.9731,19.0341,23733
31-01-2006,19.0717,19.189,18.4474,18.4474,78531
01-02-2006,18.9872,19.1374,18.9872,19.1045,45632
02-02-2006,19.0623,19.189,18.9872,19.1233,48687
03-02-2006,19.067,19.2454,19.0388,19.2313,47669
06-02-2006,19.1515,19.3627,19.128,19.2501,22103
07-02-2006,19.1984,19.2641,19.0388,19.2172,33002
08-02-2006,19.1984,19.1984,19.0154,19.0388,32085
09-02-2006,19.1984,19.3017,19.1562,19.2407,34937
10-02-2006,19.2078,19.2454,19.0388,19.1327,27603
13-02-2006,19.0998,19.0998,18.9778,18.9919,17010
14-02-2006,19.02,19.1045,18.9825,19.0294,24547
15-02-2006,19.0623,19.0905,18.9168,19.0811,14158
16-02-2006,19.0811,19.1656,19.0154,19.128,21084
17-02-2006,19.2125,19.2313,19.128,19.2266,28214
21-02-2006,19.2688,19.3533,19.2031,19.2313,19658
22-02-2006,19.2454,19.4097,19.175,19.4097,15177
23-02-2006,19.3862,19.6115,19.3815,19.5223,60197
24-02-2006,19.5223,19.635,19.4425,19.5786,32187
27-02-2006,19.696,20.0152,19.696,19.9823,508570
28-02-2006,20.0809,20.0809,19.6631,19.6913,50725
01-03-2006,19.9025,19.9025,19.6115,19.6866,42067
02-03-2006,19.8039,19.8791,19.7382,19.8274,22918
03-03-2006,19.8415,19.8415,19.4566,19.5458,38094
06-03-2006,19.5974,19.5974,19.1515,19.2407,45734
07-03-2006,19.128,19.175,18.9637,19.0107,46956
08-03-2006,18.9309,18.9778,18.8464,18.9121,37891
09-03-2006,18.9778,19.128,18.9074,19.067,29131
10-03-2006,19.0811,19.3205,19.0811,19.2876,29131
13-03-2006,19.3111,19.405,19.1984,19.3252,53882
14-03-2006,19.2923,19.5692,19.2688,19.5505,24547
15-03-2006,19.5035,19.5927,19.4425,19.5129,11102
16-03-2006,19.4941,19.5599,19.3956,19.4425,23121
17-03-2006,19.4894,19.4894,19.1327,19.1468,57243
20-03-2006,19.1186,19.2594,19.0247,19.1468,45021
21-03-2006,19.175,19.2829,19.0811,19.2547,42576
22-03-2006,19.1656,19.1656,19.0482,19.1092,31881
23-03-2006,19.0623,19.1139,18.8605,18.9778,49299
24-03-2006,18.9543,19.0717,18.898,19.0388,47873
27-03-2006,19.0154,19.0717,18.8933,19.0435,58567
28-03-2006,19.0247,19.0717,18.9637,19.0388,50215
29-03-2006,19.0388,19.1092,18.9825,19.1045,38502
30-03-2006,19.4231,19.5224,19.4089,19.5035,51336
31-03-2006,19.3866,19.3866,19.0864,19.1293,55919
03-04-2006,19.0673,19.1722,18.9291,19.0006,57040
04-04-2006,19.034,19.177,18.9434,19.0864,37789
05-04-2006,19.0149,19.1055,18.9673,19.1055,21797
06-04-2006,19.0769,19.258,19.0292,19.2056,28825
07-04-2006,19.2484,19.3009,19.1913,19.2437,22816
10-04-2006,19.2627,19.2818,19.1055,19.1055,43085
11-04-2006,19.1674,19.1865,18.8291,19.1007,47974
12-04-2006,19.1055,19.1055,18.7862,18.8243,58262
13-04-2006,18.7623,18.9148,18.6241,18.8958,21492
17-04-2006,18.9434,19.2103,18.9434,19.1388,35344
18-04-2006,19.258,19.2961,19.1817,19.2675,44104
19-04-2006,19.2675,19.4438,19.2151,19.3009,36465
20-04-2006,19.1865,19.3676,19.1865,19.2627,45937
21-04-2006,19.3819,19.4295,19.2818,19.3581,23529
24-04-2006,19.3962,19.3962,19.2723,19.3485,40539
25-04-2006,19.4105,19.5963,19.4105,19.5344,31372
26-04-2006,19.6488,19.8203,19.6488,19.6964,43085
27-04-2006,19.6869,19.8727,19.6297,19.8727,34529
28-04-2006,19.8727,19.9681,19.7965,19.9013,59586
01-05-2006,19.9109,19.9538,19.725,19.7965,24242
02-05-2006,19.7774,19.8584,19.7727,19.8394,29437
03-05-2006,19.8489,19.8489,19.501,19.6011,39826
04-05-2006,19.5868,19.5868,19.3866,19.4343,57854
05-05-2006,19.4343,19.7298,19.4343,19.7202,43900
08-05-2006,19.7012,19.7202,19.3152,19.4486,44104
09-05-2006,19.4152,19.5868,19.3104,19.3628,54391
10-05-2006,19.3247,19.5391,19.2532,19.4009,49604
11-05-2006,19.3962,19.3962,18.7909,18.8434,135673
12-05-2006,18.8434,19.0816,18.3954,18.9101,583842
15-05-2006,18.6813,18.9768,18.6384,18.9577,73744
16-05-2006,19.0769,19.1341,18.6766,18.7719,61623
17-05-2006,18.7528,18.7528,18.4192,18.5574,128441
18-05-2006,18.5431,18.5431,18.1047,18.2715,383693
19-05-2006,18.2429,18.3859,17.9998,18.2572,66818
22-05-2006,18.138,18.3334,18.1095,18.2524,21492
23-05-2006,18.2048,18.2048,17.7949,17.8188,378703
24-05-2006,17.8235,18.0856,17.6281,17.9617,101755
25-05-2006,18.281,18.4335,18.2191,18.4335,459373
26-05-2006,18.6146,18.6432,18.4431,18.5002,312801
30-05-2006,19.0197,19.2532,19.0054,19.1293,110718
31-05-2006,19.3485,19.3485,19.1198,19.1817,126608
01-06-2006,19.1341,19.3771,18.8624,19.3533,47465
02-06-2006,19.42,19.5106,19.3581,19.4391,36261
05-06-2006,19.4152,19.4343,19.2008,19.2008,43289
06-06-2006,19.177,19.4486,19.0102,19.3104,83522
07-06-2006,19.3104,19.5487,19.2913,19.3676,54799
08-06-2006,19.1198,19.2008,18.8481,19.0245,85865
09-06-2006,19.1913,19.3771,19.1579,19.258,41252
12-06-2006,19.3771,19.6821,19.3771,19.5439,67735
13-06-2006,19.4724,19.6297,18.9577,19.0149,76698
14-06-2006,19.0531,19.2532,18.9196,19.177,61929
15-06-2006,19.1674,19.2627,18.9577,19.2103,72522
16-06-2006,19.2008,19.3056,19.0054,19.0102,35548
19-06-2006,18.9577,19.2389,18.9148,19.1865,84133
20-06-2006,19.196,19.2675,19.0149,19.1198,65799
21-06-2006,19.3581,19.4915,19.1579,19.2246,60605
22-06-2006,19.0864,19.2913,19.0531,19.2199,37483
23-06-2006,19.0769,19.0769,18.9053,18.953,443687
26-06-2006,18.9768,19.0769,18.8481,19.0769,445317
27-06-2006,19.0626,19.1388,18.9768,18.9959,445215
28-06-2006,19.0006,19.0578,18.7623,19.0006,69466
29-06-2006,19.1905,19.3203,19.0607,19.2818,459678
30-06-2006,19.3347,19.3587,19.0462,19.1087,77207
03-07-2006,19.1809,19.4597,19.0751,19.4452,33613
05-07-2006,19.301,19.301,19.1136,19.1712,451428
06-07-2006,19.1616,19.4693,19.152,19.3731,34529
07-07-2006,19.277,19.4212,19.2289,19.3828,43493
10-07-2006,19.2722,19.4645,19.1376,19.4501,26177
11-07-2006,19.4212,19.6375,19.4116,19.5558,55104
12-07-2006,19.5174,19.5174,19.2818,19.3683,24140
13-07-2006,19.3299,19.4549,19.1857,19.2626,88106
14-07-2006,19.277,19.3731,19.176,19.3491,70077
17-07-2006,19.2962,19.3155,19.0751,19.1184,45734
18-07-2006,19.1184,19.152,18.9501,19.0126,28011
19-07-2006,19.0366,19.4837,19.0366,19.3491,27399
20-07-2006,19.4597,19.5654,19.402,19.4212,43696
21-07-2006,19.4501,19.4837,19.3876,19.4164,28011
24-07-2006,19.4164,19.5895,19.4116,19.575,27705
25-07-2006,19.5895,19.6664,19.4452,19.5222,46548
26-07-2006,19.5318,19.8923,19.5318,19.8731,47261
27-07-2006,19.9164,20.0462,19.6568,19.7096,75374
28-07-2006,19.7962,19.95,19.6135,19.652,41150
31-07-2006,19.7241,19.8106,19.3491,19.3731,54391
01-08-2006,19.3443,19.4404,19.2289,19.4308,24140
02-08-2006,19.5222,19.7096,19.5222,19.5654,19455
03-08-2006,19.4789,19.8875,19.4693,19.7721,25668
04-08-2006,19.8058,19.8683,19.6616,19.7145,15380
07-08-2006,19.7241,19.8394,19.6616,19.8298,18130
08-08-2006,19.8587,19.9404,19.7193,19.8683,41354
09-08-2006,19.95,20.1086,19.8779,19.9116,28724
10-08-2006,19.8394,19.9308,19.6664,19.7769,23020
11-08-2006,19.7914,19.8202,19.6904,19.7096,26483
14-08-2006,19.7577,19.9116,19.6135,19.6616,27196
15-08-2006,19.7433,19.8875,19.7048,19.8827,22714
16-08-2006,20.1086,20.2721,20.1086,20.2481,42067
17-08-2006,20.2769,20.6182,20.1759,20.5461,52049
18-08-2006,20.5509,20.5701,20.2769,20.4452,32289
21-08-2006,20.623,20.8826,20.6134,20.8682,55817
22-08-2006,20.9163,21.123,20.9163,21.0653,48178
23-08-2006,21.2864,21.4306,21.2191,21.3297,40946
24-08-2006,21.3681,21.4018,21.2095,21.2912,220316
25-08-2006,21.2912,21.2912,20.8393,20.897,118765
28-08-2006,20.9451,21.2383,20.9355,21.1807,36566
29-08-2006,21.171,21.171,20.6663,20.7384,56938
30-08-2006,20.6999,20.7432,20.498,20.6374,40335
31-08-2006,20.623,20.7624,20.5365,20.599,35548
01-09-2006,20.6086,20.7624,20.5461,20.6423,26585
05-09-2006,20.5221,20.5509,20.4307,20.4788,34631
06-09-2006,20.4644,20.4692,20.2625,20.3106,56123
07-09-2006,20.1904,20.1904,19.8731,20.0654,862317
08-09-2006,19.8875,19.9933,19.8635,19.9212,39520
11-09-2006,19.9164,20.0846,19.8539,19.974,41965
12-09-2006,20.0942,20.2625,20.0558,20.0942,58364
13-09-2006,20.0846,20.1183,19.8875,20.1183,45835
14-09-2006,20.1856,20.2577,20.051,20.0942,34326
15-09-2006,20.1183,20.3827,20.1086,20.2673,34733
18-09-2006,20.3057,20.599,20.3009,20.599,56836
19-09-2006,20.4788,20.5173,20.2961,20.5173,38807
20-09-2006,20.5269,20.8009,20.5269,20.5749,209723
21-09-2006,20.5749,20.7432,20.5221,20.6086,37992
22-09-2006,20.7096,20.7432,20.5605,20.6374,20779
25-09-2006,20.6663,20.9884,20.6567,20.9211,43493
26-09-2006,20.9643,20.9932,20.772,20.8393,30557
27-09-2006,20.8393,20.9499,20.7192,20.9499,33918
28-09-2006,21.0557,21.1326,20.9547,21.0893,29437
29-09-2006,21.0329,21.0329,20.8294,20.873,47261
02-10-2006,20.8633,21.1977,20.8294,21.1832,33002
03-10-2006,21.1056,21.125,20.9118,20.9602,41557
04-10-2006,20.8051,21.0717,20.8051,21.0717,31168
05-10-2006,21.0572,21.0572,20.8439,20.8972,52965
06-10-2006,20.9166,20.9166,20.6888,20.7421,36261
09-10-2006,20.7518,20.9069,20.7276,20.8875,8149
10-10-2006,20.873,20.873,20.4659,20.5289,66309
11-10-2006,20.4998,20.4998,20.0685,20.1945,32085
12-10-2006,20.1945,20.2527,20.0879,20.2139,47873
13-10-2006,20.1121,20.3351,20.0394,20.3205,37789
16-10-2006,20.3544,20.4174,20.1994,20.3835,32390
17-10-2006,20.3835,20.3835,20.0927,20.1218,27603
18-10-2006,20.1654,20.2672,20.0588,20.1557,15075
19-10-2006,20.1751,20.4611,20.1267,20.4368,24955
20-10-2006,20.5677,20.6501,20.5434,20.6113,38807
23-10-2006,20.5919,20.8875,20.5919,20.8439,76392
24-10-2006,20.8342,20.9699,20.7082,20.9699,51947
25-10-2006,20.936,21.0765,20.8197,21.0378,24751
26-10-2006,21.062,21.2122,21.0184,21.1299,116829
27-10-2006,21.1492,21.2365,20.9408,20.9796,32390
30-10-2006,20.936,21.1638,20.8391,21.0959,21899
31-10-2006,21.1541,21.3722,21.1541,21.2801,51234
01-11-2006,21.2268,21.4642,20.936,21.3673,43595
02-11-2006,21.4497,21.9634,21.4497,21.8083,56123
03-11-2006,22.0797,22.0797,21.6242,21.8956,42882
06-11-2006,21.881,22.0943,21.7793,22.0216,17927
07-11-2006,22.0216,22.1136,21.6775,21.7163,35344
08-11-2006,21.6969,21.915,21.6872,21.9101,35650
09-11-2006,21.8762,22.0458,21.6969,21.9392,43595
10-11-2006,21.9392,21.9731,21.8083,21.8762,23020
13-11-2006,21.8277,22.1233,21.7938,22.0797,34326
14-11-2006,22.1185,22.2542,22.0846,22.1282,28724
15-11-2006,22.1718,22.3608,22.0603,22.3608,42270
16-11-2006,22.4723,22.7194,22.2687,22.3414,35548
17-11-2006,22.3463,22.3463,22.0022,22.1233,35752
20-11-2006,22.1379,22.1863,21.978,22.1088,34224
21-11-2006,22.0943,22.3269,21.9586,22.1767,28520
22-11-2006,22.2833,22.4287,22.2009,22.2784,26686
24-11-2006,22.4384,22.5401,22.3947,22.4432,21390
27-11-2006,22.4529,22.4917,22.0846,22.3996,64068
28-11-2006,22.3027,22.5401,22.2493,22.4965,47363
29-11-2006,22.4868,22.4868,22.0797,22.1233,75679
30-11-2006,22.0894,22.2057,21.9295,22.041,62845
01-12-2006,22.0846,22.0846,21.4449,21.6145,116320
04-12-2006,21.7114,21.8616,21.6969,21.8229,61521
05-12-2006,21.8035,22.0313,21.7308,21.9198,48687
06-12-2006,21.9053,22.0022,21.5999,21.6242,34428
07-12-2006,21.6726,21.8616,21.6436,21.7647,34733
08-12-2006,21.7793,21.7793,21.503,21.755,86782
11-12-2006,21.8471,21.8907,21.7163,21.8423,80772
12-12-2006,21.6872,21.881,21.6339,21.8665,47261
13-12-2006,21.944,21.9973,21.6775,21.7889,38705
14-12-2006,21.7453,21.9731,21.6339,21.9537,26992
15-12-2006,22.0361,22.1136,21.9586,21.9925,35752
18-12-2006,22.1185,22.3366,21.9246,22.1233,453771
19-12-2006,22.0313,22.1524,21.978,22.1088,412519
20-12-2006,22.1573,22.3027,22.1379,22.1767,399889
21-12-2006,22.0991,22.0991,21.9537,22.0313,392351
22-12-2006,22.0216,22.0216,21.8762,21.9634,33613
26-12-2006,21.9973,22.1136,21.9295,22.041,7741
27-12-2006,22.0216,22.0216,21.9053,21.9586,395509
28-12-2006,22.0609,22.0609,21.9388,21.9925,380128
29-12-2006,21.9436,21.9436,21.8313,21.885,34020
03-01-2007,21.8948,21.929,21.5528,21.7043,117237
04-01-2007,21.7189,21.7434,21.631,21.7385,392148
05-01-2007,21.7189,21.7385,21.5577,21.6847,72929
08-01-2007,21.6847,21.6994,21.5773,21.6017,61012
09-01-2007,21.5626,21.5675,21.333,21.3965,208093
10-01-2007,21.3867,21.3867,21.0399,21.0643,60706
11-01-2007,21.0936,21.206,20.9666,21.0008,76698
12-01-2007,21.2207,21.3721,21.162,21.2988,66410
16-01-2007,21.4551,21.6066,21.3428,21.4307,131802
17-01-2007,21.504,21.5138,21.3135,21.4405,58466
18-01-2007,21.4649,21.5675,21.3819,21.3819,46141
19-01-2007,21.3965,21.5138,21.333,21.3623,44817
22-01-2007,21.3867,21.3867,20.9373,20.9666,95440
23-01-2007,20.9617,21.0741,20.8445,20.9715,119376
24-01-2007,21.2011,21.4112,21.0253,21.2744,822593
25-01-2007,21.4209,21.4209,21.162,21.1865,300477
26-01-2007,21.2793,21.4209,21.1865,21.2304,199944
29-01-2007,21.3477,21.3477,20.9959,21.035,189046
30-01-2007,21.0741,21.1425,20.8836,21.0936,201065
31-01-2007,21.0301,21.2304,20.9764,21.0936,147590
01-02-2007,21.1376,21.4454,21.0741,21.4161,123858
02-02-2007,21.3477,21.4307,21.1181,21.1571,150544
05-02-2007,21.1571,21.3867,21.1523,21.3867,82911
06-02-2007,21.3867,21.4747,21.3379,21.3672,177638
07-02-2007,21.4844,21.4942,21.2402,21.289,141275
08-02-2007,21.289,21.3281,21.1913,21.3281,240381
09-02-2007,21.3819,21.4942,21.3037,21.3721,75374
12-02-2007,21.4112,21.4942,21.1962,21.2744,100532
13-02-2007,21.333,21.5235,21.333,21.4844,68957
14-02-2007,21.548,21.5968,21.4698,21.5577,71809
15-02-2007,21.6017,21.6896,21.5235,21.6896,66105
16-02-2007,21.6994,21.6994,21.5138,21.5577,106746
20-02-2007,21.4796,21.6066,21.3819,21.6066,87189
21-02-2007,21.6847,21.7775,21.6652,21.7531,84541
22-02-2007,21.8166,21.9778,21.6017,21.7434,137710
23-02-2007,21.8411,21.8801,21.7043,21.7434,49299
26-02-2007,21.7824,21.8557,21.7531,21.8362,58567
27-02-2007,21.6212,21.7482,21.1718,21.2793,233048
28-02-2007,21.2842,21.3721,21.1718,21.2304,124876
01-03-2007,21.0546,21.0546,20.5416,20.8201,211963
02-03-2007,20.7615,20.9227,20.6051,20.7859,112450
05-03-2007,20.4732,20.7028,20.4732,20.5221,124163
06-03-2007,20.9764,21.1327,20.8543,21.0448,193222
07-03-2007,21.0936,21.4161,20.9569,21.3965,157878
08-03-2007,21.5186,21.6408,21.4942,21.6408,102875
09-03-2007,21.7873,22.0169,21.7482,21.9925,122635
12-03-2007,21.9827,22.183,21.9681,22.1097,118968
13-03-2007,22.1097,22.1586,21.7629,21.8362,107968
14-03-2007,21.714,21.8801,21.5284,21.7238,110514
15-03-2007,21.8264,21.9436,21.7385,21.8704,129052
16-03-2007,21.8704,22.1097,21.8704,21.9778,76392
19-03-2007,22.0951,22.2172,21.9681,22.1732,63457
20-03-2007,22.3247,22.7057,22.3198,22.5836,128237
21-03-2007,22.5885,22.9597,22.5592,22.9597,131395
22-03-2007,22.989,23.0232,22.652,22.7008,106134
23-03-2007,22.7692,22.8865,22.6031,22.7594,120904
26-03-2007,22.8376,22.9158,22.6813,22.7399,92791
27-03-2007,22.7399,22.8523,22.7301,22.8278,66105
28-03-2007,22.7204,22.7204,22.5738,22.5982,43493
29-03-2007,22.735,22.8327,22.6862,22.8132,83726
30-03-2007,22.9519,22.9519,22.6664,22.7008,109801
02-04-2007,22.6959,22.7944,22.6713,22.7402,62438
03-04-2007,22.7944,22.9224,22.7156,22.7599,60706
04-04-2007,22.8288,22.883,22.7402,22.819,62947
05-04-2007,22.9962,23.0356,22.9076,22.9174,54391
09-04-2007,22.9618,23.0602,22.9273,22.9273,45326
10-04-2007,23.0799,23.0799,22.819,22.8682,92588
11-04-2007,22.9174,23.0208,22.8928,22.9913,51438
12-04-2007,23.0258,23.1636,22.9568,23.0356,52354
13-04-2007,23.1045,23.1193,22.8781,22.9421,94727
16-04-2007,23.0553,23.3359,23.0454,23.2719,72624
17-04-2007,23.2621,23.395,23.2079,23.331,89124
18-04-2007,23.331,23.6215,23.2867,23.6215,81180
19-04-2007,23.5033,23.5673,23.3901,23.4245,97273
20-04-2007,23.6313,23.7101,23.523,23.5919,53271
23-04-2007,23.6608,23.715,23.5968,23.6412,94217
24-04-2007,23.6855,24.0104,23.6264,23.7248,135062
25-04-2007,23.7888,23.9119,23.779,23.8775,58058
26-04-2007,23.7888,23.9759,23.7248,23.7298,66410
27-04-2007,23.7741,23.9218,23.6953,23.9021,91976
30-04-2007,23.9858,24.0252,23.6264,23.7199,152377
01-05-2007,23.8332,23.8676,23.3999,23.4245,113977
02-05-2007,23.3556,23.4344,23.2128,23.4098,102366
03-05-2007,23.6215,23.7445,23.4639,23.5624,171832
04-05-2007,23.715,24.0252,23.715,23.8233,106644
07-05-2007,24.0202,24.0842,23.7839,23.9267,80059
08-05-2007,23.8332,23.8578,23.7101,23.8381,58669
09-05-2007,23.779,23.779,23.5181,23.6855,92893
10-05-2007,23.5624,23.5919,23.3605,23.4098,87087
11-05-2007,23.2867,23.4935,23.1784,23.4442,71401
14-05-2007,23.5673,23.8085,23.4836,23.7396,105014
15-05-2007,23.8775,24.099,23.843,24.099,78939
16-05-2007,24.035,24.2172,24.0005,24.1679,77411
17-05-2007,24.2467,24.3944,24.1039,24.3944,89634
18-05-2007,24.4338,24.5569,24.3452,24.3501,71809
21-05-2007,24.4978,24.5224,24.3796,24.4732,35955
22-05-2007,24.5126,24.5421,24.3747,24.4042,57956
23-05-2007,24.4682,24.5667,24.3895,24.5323,56836
24-05-2007,24.6307,24.6799,24.2713,24.2762,98495
25-05-2007,24.3993,24.5815,24.3747,24.4682,94828
29-05-2007,24.6996,25.1083,24.6652,24.9163,151664
30-05-2007,24.7932,24.9261,24.5766,24.9163,126811
31-05-2007,24.9556,25.0492,24.7243,24.8079,127321
01-06-2007,24.7833,25.0344,24.6258,25,104097
04-06-2007,24.7833,24.8079,24.5815,24.6701,155433
05-06-2007,24.7144,24.7636,24.4682,24.4682,142803
06-06-2007,24.4682,24.5076,24.1532,24.163,85152
07-06-2007,24.1975,24.2418,23.6067,23.7298,255252
08-06-2007,23.6067,24.1236,23.6018,24.099,150340
11-06-2007,24.0695,24.1138,23.9809,23.9858,102162
12-06-2007,23.8824,24.2615,23.8676,23.9809,192000
13-06-2007,24.0645,24.4633,24.0202,24.4633,86272
14-06-2007,24.4338,24.4584,24.1729,24.3895,104301
15-06-2007,24.5076,24.5569,24.3649,24.4879,163276
18-06-2007,24.4436,24.5273,24.2762,24.3255,97782
19-06-2007,24.2959,24.3304,24.1138,24.3156,59179
20-06-2007,24.2221,24.3304,24.1089,24.2073,148405
21-06-2007,23.9956,24.1679,23.7692,24.0547,198620
22-06-2007,24.0744,24.1187,23.8282,23.9759,158285
25-06-2007,24.035,24.2172,23.971,24.0153,85559
26-06-2007,24.1827,24.3058,24.1187,24.1975,137812
27-06-2007,24.0744,24.3402,23.9759,24.2959,112551
28-06-2007,24.6756,24.8643,24.4818,24.6159,563776
29-06-2007,24.5771,24.5771,24.2665,24.4669,156146
02-07-2007,24.5521,24.6373,24.3767,24.532,111737
03-07-2007,24.6222,24.8026,24.522,24.6473,68549
05-07-2007,24.4268,24.6623,24.1713,24.5521,182832
06-07-2007,24.6523,24.7926,24.527,24.5922,101144
09-07-2007,24.6673,24.7224,24.512,24.532,115811
10-07-2007,24.3767,24.7976,24.3767,24.6022,168369
11-07-2007,24.4619,24.4819,24.3016,24.4419,185175
12-07-2007,24.5621,24.8477,24.522,24.8177,229585
13-07-2007,24.9129,24.998,24.7726,24.8828,88921
16-07-2007,24.8427,24.8978,24.7475,24.8427,160322
17-07-2007,24.8427,24.8778,24.7174,24.7876,121006
18-07-2007,24.6373,24.9279,24.6373,24.9279,198620
19-07-2007,24.9279,24.963,24.8026,24.9129,152581
20-07-2007,24.8928,25.1433,24.8026,24.8778,149118
23-07-2007,25.003,25.0281,24.6824,24.7625,127728
24-07-2007,24.8477,25.0131,24.6473,24.7024,184360
25-07-2007,24.7475,24.998,24.4018,24.6723,181203
26-07-2007,24.4118,24.4118,23.7404,24.0761,364748
27-07-2007,23.9207,24.0861,23.3646,23.3746,258410
30-07-2007,23.3996,23.4848,22.9687,23.099,300680
31-07-2007,23.3946,23.3946,23.1491,23.3095,400296
01-08-2007,23.1692,23.3245,22.623,23.1842,383592
02-08-2007,23.4397,23.6151,23.2493,23.4648,226834
03-08-2007,23.4948,23.5399,22.9487,22.9788,278883
06-08-2007,22.9537,23.3896,22.9487,23.3896,89736
07-08-2007,23.4047,23.5199,22.9587,23.2243,286522
08-08-2007,23.7203,24.1112,23.6802,24.1061,280513
09-08-2007,23.3796,23.8907,23.1742,23.1992,346007
10-08-2007,22.9637,23.1992,22.623,22.9537,425047
13-08-2007,23.59,23.6452,22.7733,22.7984,248632
14-08-2007,22.7984,23.109,22.0969,22.4176,427695
15-08-2007,22.0468,22.6531,21.8914,22.0869,218584
16-08-2007,21.9215,22.4727,21.7662,22.4727,339488
17-08-2007,23.3295,23.59,23.0238,23.5149,316468
20-08-2007,23.8255,23.9458,23.0689,23.6151,250873
21-08-2007,23.55,23.8005,23.3746,23.7955,139340
22-08-2007,24.021,24.3216,23.8356,24.0911,147692
23-08-2007,24.5521,24.6373,24.0009,24.1262,206056
24-08-2007,24.3316,24.4368,24.1763,24.3617,118357
27-08-2007,24.3667,24.4168,24.1011,24.3116,145859
28-08-2007,24.021,24.1713,23.7354,23.7504,201778
29-08-2007,24.1362,24.3216,23.9608,24.2414,206565
30-08-2007,24.0009,24.4419,24.0009,24.1913,167554
31-08-2007,24.6172,24.7926,24.4519,24.7826,160424
04-09-2007,24.8126,25.0932,24.8126,25.0081,157878
05-09-2007,24.8577,25.1233,24.7525,24.8026,161443
06-09-2007,24.8327,24.8327,24.5822,24.8227,87087
07-09-2007,24.4619,24.8577,24.3617,24.6623,250058
10-09-2007,24.6423,24.7976,24.4419,24.6272,166026
11-09-2007,24.8377,25.0832,24.7726,24.9529,109801
12-09-2007,24.978,25.1684,24.9279,25.1634,68142
13-09-2007,25.1985,25.3989,25.0982,25.1133,142803
14-09-2007,25.0532,25.1634,24.8928,25.003,140460
17-09-2007,25.0331,25.4039,25.0331,25.3488,109598
18-09-2007,25.4791,26.0302,25.3438,25.9801,149525
19-09-2007,26.0954,26.2306,25.93,26.0252,137812
20-09-2007,26.3158,26.3559,25.7246,25.8047,192509
21-09-2007,25.9501,25.9901,25.7546,25.7797,138117
24-09-2007,25.7597,25.9901,25.7597,25.8298,74050
25-09-2007,25.8047,26.0352,25.7997,26.0052,142905
26-09-2007,26.0553,26.2507,25.9901,26.1605,131700
27-09-2007,26.3559,26.5814,26.3359,26.5062,112551
28-09-2007,26.5616,26.7132,26.4706,26.5313,100838
01-10-2007,26.6677,27.0468,26.6677,26.9002,110005
02-10-2007,26.7486,26.9103,26.6223,26.7941,161035
03-10-2007,26.7082,26.9811,26.5363,26.6324,92180
04-10-2007,26.7536,26.7688,26.5717,26.6627,70179
05-10-2007,26.976,27.0872,26.8446,27.0619,152785
08-10-2007,27.1175,27.1428,26.8699,27.0366,26788
09-10-2007,27.0417,27.0417,26.597,26.9457,129154
10-10-2007,26.8446,26.8951,26.6475,26.8497,137812
11-10-2007,27.0417,27.0619,26.784,26.8446,74253
12-10-2007,26.9406,26.9558,26.789,26.8446,103588
15-10-2007,26.9457,26.9457,26.4403,26.5363,93097
16-10-2007,26.5262,26.5616,26.0613,26.0613,118663
17-10-2007,26.3291,26.5869,26.2887,26.5667,145146
18-10-2007,26.5313,26.6981,26.4403,26.6778,89634
19-10-2007,26.7284,26.8092,26.3746,26.3999,112042
22-10-2007,25.8844,26.2028,25.753,26.127,159405
23-10-2007,26.5717,26.789,26.4403,26.6324,152887
24-10-2007,26.5717,26.7486,26.127,26.3039,180999
25-10-2007,26.6121,26.7385,26.1624,26.2382,156859
26-10-2007,26.506,27.0922,26.4049,27.0619,113468
29-10-2007,27.2994,27.8654,27.2691,27.8604,208297
30-10-2007,27.7088,28.0069,27.6734,27.9665,117644
31-10-2007,28.1939,28.5931,28.103,28.4112,225714
01-11-2007,28.391,28.5072,28.0777,28.2394,159813
02-11-2007,28.8357,28.8812,28.4567,28.4971,190879
05-11-2007,28.0575,28.4264,27.7997,28.2394,146673
06-11-2007,28.4769,28.5426,28.2141,28.4971,137914
07-11-2007,28.5729,28.6235,27.5622,27.6077,278170
08-11-2007,27.4864,27.729,26.4706,27.2893,341830
09-11-2007,26.8598,27.3954,26.7739,26.88,435335
12-11-2007,26.6728,26.8446,26.2079,26.2382,230705
13-11-2007,26.1927,27.0215,26.1927,26.9962,160118
14-11-2007,27.0619,27.3298,26.9103,27.0013,182221
15-11-2007,26.5414,26.602,25.6671,25.7076,260142
16-11-2007,25.8844,25.9906,25.6115,25.7581,269003
19-11-2007,25.5559,25.6318,25.0253,25.2881,344173
20-11-2007,25.1618,25.6166,25.0809,25.5458,336941
21-11-2007,25.182,25.3083,25.0304,25.1971,280309
23-11-2007,25.4852,25.5913,25.3033,25.3538,96458
26-11-2007,25.369,25.5509,25.1921,25.2224,202083
27-11-2007,24.9445,25.8794,24.904,25.753,303023
28-11-2007,25.753,26.9962,25.753,26.9457,255558
29-11-2007,26.6526,26.9103,26.319,26.4656,183240
30-11-2007,26.4909,27.0114,26.4909,26.7941,268086
03-12-2007,26.8497,26.9002,26.4605,26.6324,197194
04-12-2007,26.3797,26.5717,25.9855,26.2938,167554
05-12-2007,26.2281,26.2281,25.8743,26.031,260753
06-12-2007,25.8541,26.3089,25.5762,26.2533,302005
07-12-2007,26.5616,26.5616,26.1472,26.2533,157470
10-12-2007,26.0461,26.3999,25.8945,26.3847,186907
11-12-2007,26.4605,26.6374,25.8187,25.9855,216343
12-12-2007,26.4808,26.6121,25.8238,26.1068,419751
13-12-2007,25.8642,25.9602,25.3336,25.5408,227853
14-12-2007,25.5206,25.7328,25.2426,25.5206,196277
17-12-2007,25.6014,25.9754,25.5105,25.6671,277865
18-12-2007,25.5054,25.748,25.1618,25.4599,213186
19-12-2007,25.5357,25.9148,25.4347,25.47,208704
20-12-2007,25.4852,25.6621,25.2831,25.3184,155942
21-12-2007,25.2679,25.5559,25.1365,25.5004,137404
24-12-2007,25.7631,26.127,25.7278,26.127,97171
26-12-2007,26.127,26.1775,25.8945,25.9804,45632
27-12-2007,25.7733,26.1674,24.7524,25.8996,132312
28-12-2007,26.2591,26.3662,26.0959,26.1826,126913
31-12-2007,26.1061,26.1214,25.7236,25.7542,127524
02-01-2008,25.8715,25.897,25.438,25.4992,217566
03-01-2008,25.5145,25.5604,25.0861,25.3156,161341
04-01-2008,25.1269,25.1269,24.4231,24.4741,193629
07-01-2008,24.5455,24.7444,23.9897,24.1019,318403
08-01-2008,24.3007,24.4996,23.6786,23.7449,258206
09-01-2008,23.7551,23.9846,23.6072,23.9234,386749
10-01-2008,23.7194,24.8923,23.6378,24.724,413639
11-01-2008,24.4333,24.8974,24.2498,24.4792,347433
14-01-2008,24.7699,24.8107,24.2141,24.2141,197805
15-01-2008,24.0968,24.1529,23.3777,23.7602,309135
16-01-2008,23.4899,23.9285,23.1278,23.4593,346414
17-01-2008,23.5868,23.7245,22.7912,23.036,426982
18-01-2008,23.0411,23.3675,22.3271,22.6739,426779
22-01-2008,21.5264,23.24,21.5264,22.8473,663493
23-01-2008,22.7351,23.903,22.7351,23.8979,707597
24-01-2008,24.4639,24.6424,23.6786,23.7551,497671
25-01-2008,24.1988,24.1988,23.4083,23.699,347229
28-01-2008,23.8571,23.9489,23.3573,23.9387,316163
29-01-2008,24.2141,24.4384,23.9693,24.3466,329913
30-01-2008,24.4078,24.8974,24.2294,24.4792,297319
31-01-2008,24.2294,24.5659,23.8418,24.4741,532404
01-02-2008,24.6526,24.9841,24.5659,24.9484,324719
04-02-2008,24.9076,25.0912,24.7189,24.7852,277457
05-02-2008,24.4894,24.4996,23.9183,24.2599,395203
06-02-2008,24.4792,24.5659,24.1427,24.2905,310357
07-02-2008,24.1988,24.7597,24.1274,24.2243,414658
08-02-2008,24.4843,24.6526,24.1835,24.4231,272262
11-02-2008,24.4078,24.7903,24.1631,24.571,272670
12-02-2008,24.8923,25.0606,24.5863,24.7087,300273
13-02-2008,24.928,24.928,24.6526,24.8566,206972
14-02-2008,24.8158,24.8515,24.4588,24.469,231724
15-02-2008,24.4792,24.5659,23.8877,24.0458,244048
19-02-2008,24.1937,24.265,23.852,24.0254,261466
20-02-2008,23.8367,24.4231,23.8367,24.3007,292430
21-02-2008,24.3415,24.4537,24.0305,24.1988,268799
22-02-2008,24.2039,24.3619,23.8979,24.3313,268188
25-02-2008,24.6883,24.9637,24.4435,24.9637,392555
26-02-2008,24.7546,25.5553,24.7546,25.4737,335719
27-02-2008,25.4074,25.8766,25.3717,25.6267,255762
28-02-2008,25.5604,25.846,25.4482,25.5349,337451
29-02-2008,25.2952,25.2952,24.5557,24.7291,428103
03-03-2008,24.622,24.6526,23.75,24.0509,495736
04-03-2008,23.6837,23.7092,22.7963,23.3267,744164
05-03-2008,23.5511,23.7806,23.2451,23.7806,600750
06-03-2008,23.6582,23.6633,22.7504,22.7555,839196
07-03-2008,22.6943,23.3216,22.5872,23.0768,893587
10-03-2008,23.1839,23.1839,22.4189,22.5158,851113
11-03-2008,23.3318,23.6072,22.6943,23.1482,782258
12-03-2008,23.2043,23.6633,22.9697,23.3216,1223704
13-03-2008,23.1533,23.6633,22.8116,23.6633,1134682
14-03-2008,23.6021,23.6021,22.7249,22.7963,833390
17-03-2008,21.9803,22.3067,21.5621,21.8783,755368
18-03-2008,21.9599,22.7453,21.8987,22.6841,755164
19-03-2008,22.8677,23.087,21.914,21.9701,859363
20-03-2008,21.8171,22.1741,21.2969,22.1537,716764
24-03-2008,22.3067,23.1023,22.2251,22.8014,439613
25-03-2008,23.1584,23.5205,22.8371,23.3573,881161
26-03-2008,23.1635,23.3369,22.5923,23.087,566424
27-03-2008,23.2502,23.5307,23.1074,23.3522,436251
28-03-2008,23.575,23.6059,22.735,22.7402,508366
31-03-2008,22.6011,23.3379,22.4413,23.2967,657484
01-04-2008,23.5853,24.0078,23.4822,23.9718,567952
02-04-2008,24.013,24.3479,23.7399,23.8326,426168
03-04-2008,23.3431,24.0903,23.3431,23.9872,318913
04-04-2008,23.8326,24.0594,23.7553,23.9048,271957
07-04-2008,23.946,24.0027,23.8069,23.9254,263401
08-04-2008,23.8739,23.8739,23.4668,23.6832,232538
09-04-2008,23.5904,23.5904,22.9978,23.2194,547886
10-04-2008,23.3483,23.5904,22.936,23.5235,468438
11-04-2008,23.1885,23.3276,22.8433,22.8896,330728
14-04-2008,22.8278,22.8999,22.4722,22.6474,370045
15-04-2008,22.6577,22.7763,22.5238,22.5753,307912
16-04-2008,22.6268,23.374,22.6268,23.3534,363322
17-04-2008,23.2143,23.4771,22.9206,23.3483,365359
18-04-2008,23.6059,24.5025,23.6059,24.3479,513357
21-04-2008,24.3634,24.7138,24.2294,24.2964,363831
22-04-2008,23.9975,24.5798,23.9357,24.1985,371471
23-04-2008,23.9975,23.9975,23.7296,23.8893,235696
24-04-2008,23.7863,24.6365,23.7863,24.3479,363017
25-04-2008,24.4716,24.688,24.1985,24.4768,372897
28-04-2008,23.8326,24.8942,23.8275,24.5489,320135
29-04-2008,24.3479,24.7499,24.3067,24.3582,257290
30-04-2008,24.4922,24.9766,24.4304,24.5541,340303
01-05-2008,24.214,24.7859,23.6729,24.7396,446845
02-05-2008,24.7138,25.2652,24.7138,25.1827,292837
05-05-2008,25.2497,25.3373,24.8375,24.8684,256882
06-05-2008,24.7962,24.9766,24.4716,24.8787,261568
07-05-2008,24.8942,24.8993,24.4098,24.4974,249243
08-05-2008,24.4407,24.5953,24.2397,24.4098,240280
09-05-2008,24.3737,25.1106,24.3737,24.621,360572
12-05-2008,24.7859,24.9251,24.5128,24.8478,178249
13-05-2008,25.0075,25.0075,24.7396,24.8375,184462
14-05-2008,25.0178,25.2755,24.9251,24.9714,190370
15-05-2008,25.2188,25.6156,25.1776,25.5486,249548
16-05-2008,25.6516,25.8011,25.3373,25.4043,246085
19-05-2008,25.2549,25.3785,25.1621,25.1621,186194
20-05-2008,25.2394,25.5486,25.0951,25.2755,308625
21-05-2008,25.4816,25.6104,24.8117,24.9921,309542
22-05-2008,25.0642,25.2136,24.9302,25.1724,296606
23-05-2008,25.0694,25.1982,24.6983,24.7911,259021
27-05-2008,24.956,25.1415,24.5283,24.7293,416084
28-05-2008,24.9251,25.5125,24.9251,25.4301,388684
29-05-2008,25.5537,25.9505,25.528,25.8681,381249
30-05-2008,25.8165,25.8887,25.6671,25.7547,259938
02-06-2008,25.6826,26.1051,25.5331,25.8938,375647
03-06-2008,25.9814,26.1721,25.7495,25.9454,397037
04-06-2008,25.8217,26.203,25.7083,26.0175,407732
05-06-2008,26.1515,26.5843,25.9505,26.5225,349877
06-06-2008,26.2545,26.404,25.8578,25.8835,364137
09-06-2008,25.8629,26.1566,25.7392,25.8062,394388
10-06-2008,25.6723,25.765,25.4455,25.7032,512338
11-06-2008,25.9041,25.9505,25.2497,25.3373,391129
12-06-2008,24.7653,25.6362,24.7653,25.327,324311
13-06-2008,25.3528,25.7238,25.3528,25.6053,319626
16-06-2008,24.9457,26.1927,24.9457,26.0536,461919
17-06-2008,26.203,26.4194,26.0639,26.2288,269818
18-06-2008,26.0948,26.1,25.6104,25.8681,410482
19-06-2008,25.966,25.9917,25.4455,25.6465,387768
20-06-2008,25.4713,25.5022,25.0333,25.1054,366887
23-06-2008,25.2806,25.2806,24.6674,24.7396,327469
24-06-2008,24.7756,24.9045,24.3479,24.6004,403250
25-06-2008,24.0388,25.3476,24.0388,25.2497,472207
26-06-2008,25.4301,25.4301,24.4819,24.5953,377480
27-06-2008,24.518,25.059,24.2397,24.384,341729
30-06-2008,24.2465,24.507,23.6267,23.8663,617454
01-07-2008,23.6475,23.9548,23.2881,23.809,160322
02-07-2008,23.8142,24.3507,23.3558,23.5642,399583
03-07-2008,23.5121,23.8298,23.0016,23.7309,327978
07-07-2008,23.8038,24.3246,23.585,24.1111,469559
08-07-2008,24.2101,24.7153,23.8923,24.7101,562859
09-07-2008,25.0018,25.0695,24.0642,24.1632,448678
10-07-2008,24.2048,24.6111,24.059,24.3976,612667
11-07-2008,23.9913,24.3455,23.2673,23.5017,558989
14-07-2008,23.6006,23.9652,22.6683,22.7412,722672
15-07-2008,22.5068,23.2829,21.9026,22.4964,1012657
16-07-2008,22.7412,23.8507,22.2776,23.835,825445
17-07-2008,24.3507,24.8351,24.2361,24.5955,748849
18-07-2008,24.7934,25.1997,24.6997,24.7882,556035
21-07-2008,25.1528,25.5122,24.8247,24.9184,490745
22-07-2008,24.658,25.4497,24.2465,25.4185,776961
23-07-2008,25.3039,26.0227,25.0643,25.9185,786434
24-07-2008,26.0123,26.1737,24.5903,24.7361,836242
25-07-2008,24.9236,25.1685,24.4913,25.0747,595148
28-07-2008,24.8872,24.9705,24.2674,24.3038,436863
29-07-2008,24.3455,24.9236,24.2726,24.9236,628353
30-07-2008,25.1528,25.5122,25.0122,25.1737,676735
31-07-2008,24.6788,25.5799,24.6788,25.382,504597
01-08-2008,25.4758,25.5643,24.8976,25.231,507755
04-08-2008,25.2205,25.3508,24.8247,25.1945,243030
05-08-2008,25.1632,25.5852,24.8455,25.3924,700162
06-08-2008,25.2674,25.6372,25.0018,25.5852,419954
07-08-2008,25.2049,25.5539,24.6893,24.757,433298
08-08-2008,24.3507,24.9862,24.2361,24.8038,412519
11-08-2008,24.8976,24.9445,24.3767,24.4392,537293
12-08-2008,24.1267,24.7205,24.1215,24.4132,484430
13-08-2008,24.0642,24.1007,23.5381,23.9705,404268
14-08-2008,24.033,24.2257,23.7361,24.1736,453873
15-08-2008,24.3559,24.3559,23.8454,24.0538,382777
18-08-2008,24.658,24.658,23.8038,23.9392,457030
19-08-2008,23.9184,23.9184,23.0902,23.1892,462429
20-08-2008,23.3662,23.5277,22.7308,23.4548,497773
21-08-2008,23.4913,24.1007,23.111,23.809,421177
22-08-2008,23.8559,24.1423,23.7309,24.1423,255965
25-08-2008,24.0746,24.0746,23.5538,23.6684,300782
26-08-2008,23.7465,23.7465,23.0485,23.1006,557257
27-08-2008,23.2725,23.7934,23.2621,23.6423,405083
28-08-2008,24.0434,24.6059,23.8767,24.507,497263
29-08-2008,24.3507,24.4653,23.8454,23.96,456725
02-09-2008,23.1944,23.8819,23.1944,23.4288,576508
03-09-2008,23.4548,23.7882,23.0485,23.7673,574674
04-09-2008,23.6319,23.6996,23.0485,23.0746,376360
05-09-2008,23.0641,23.1266,22.5954,23.0902,597592
08-09-2008,23.6111,23.8142,23.0329,23.1266,776961
09-09-2008,23.1787,23.434,22.637,22.7672,1826695
10-09-2008,22.9964,23.434,22.7464,23.1579,751701
11-09-2008,22.7099,23.2204,22.6579,23.2204,831760
12-09-2008,23.0121,23.4913,22.9339,23.4027,644955
15-09-2008,22.6839,23.2621,22.5485,22.5693,1087013
16-09-2008,21.1786,22.6058,21.1786,22.2464,1630519
17-09-2008,21.9964,22.0068,21.0171,21.0796,1289198
18-09-2008,21.3349,23.2985,21.3349,23.111,1913782
19-09-2008,24.1736,25.007,23.4027,24.6997,1121440
22-09-2008,25.1112,25.1112,23.9444,24.2465,312903
23-09-2008,23.8611,24.8768,23.8611,24.6684,507857
24-09-2008,24.908,24.9966,24.3142,24.7413,172341
25-09-2008,24.8403,24.9966,24.4392,24.8507,252808
26-09-2008,24.5226,24.9966,24.3872,24.9914,219603
29-09-2008,24.7153,24.9445,22.8193,23.4131,264827
30-09-2008,23.8038,24.1371,23.335,23.9809,170304
01-10-2008,23.6215,24.0694,23.2308,23.8298,347331
02-10-2008,23.3819,23.6267,22.5797,23.0589,561535
03-10-2008,22.8245,23.4183,22.6735,22.6839,264012
06-10-2008,21.7203,22.7516,20.4963,22.1578,314431
07-10-2008,21.5484,21.8349,20.1941,20.3869,362813
08-10-2008,19.7931,21.0953,19.4493,21.0953,457030
09-10-2008,21.1005,21.1213,18.3346,18.7253,655752
10-10-2008,20.4077,20.4077,16.6679,17.9388,985564
13-10-2008,19.4024,21.09,18.8607,21.09,161952
14-10-2008,22.6058,22.6058,19.0222,19.9493,1176035
15-10-2008,19.7931,19.8764,18.8034,19.0586,682642
16-10-2008,18.9076,19.2618,18.1002,19.0639,725728
17-10-2008,18.0794,20.4442,18.0794,19.2878,744877
20-10-2008,19.4753,19.9806,19.3139,19.9806,483004
21-10-2008,20.2775,20.2775,18.8399,18.892,478216
22-10-2008,19.1576,19.1576,17.0429,17.1523,741719
23-10-2008,16.621,17.2512,15.5636,16.3866,1412037
24-10-2008,14.5844,16.0949,14.4646,15.824,822899
27-10-2008,15.2407,16.6106,14.725,14.7823,641492
28-10-2008,14.975,15.7459,14.6417,15.7355,760461
29-10-2008,15.6522,16.8866,15.6417,16.4751,820352
30-10-2008,17.1887,17.444,16.6053,17.4335,742330
31-10-2008,16.5116,17.9336,16.5116,17.47,790610
03-11-2008,16.7251,17.5638,16.7251,17.246,478624
04-11-2008,17.6367,18.3346,17.5273,18.3034,338265
05-11-2008,18.1836,18.4076,17.6106,17.6263,446132
06-11-2008,17.6054,17.9023,17.0793,17.3658,596064
07-11-2008,17.7096,17.9075,17.0793,17.1783,513968
10-11-2008,17.5169,17.595,17.0325,17.1106,354664
11-11-2008,17.0481,17.0898,16.5637,16.6366,345803
12-11-2008,16.298,16.4178,15.5376,15.7095,451937
13-11-2008,16.0845,16.9387,15.2875,16.9179,851011
14-11-2008,16.621,17.0533,15.9022,15.9022,619695
17-11-2008,15.8188,15.923,15.3761,15.4021,849585
18-11-2008,15.3969,15.8188,15.1365,15.7251,604009
19-11-2008,15.2823,15.5844,14.5271,14.6417,759238
20-11-2008,14.0895,14.251,12.3134,12.454,1485475
21-11-2008,12.6676,13.1728,11.6415,12.6676,1425787
24-11-2008,13.0895,14.126,12.1936,13.7718,801203
25-11-2008,14.3448,14.5427,13.5791,14.1312,903671
26-11-2008,13.7718,14.1312,13.3812,14.1208,507653
28-11-2008,13.8343,14.4698,13.7249,14.4646,208500
01-12-2008,14.949,15.1938,14.4229,14.5062,1048307
02-12-2008,14.7771,14.9334,13.277,13.5583,1070206
03-12-2008,13.1468,14.1729,13.0218,13.9072,1191517
04-12-2008,13.6885,14.2979,12.8447,13.1416,776452
05-12-2008,12.9593,13.8135,12.7509,13.7874,842761
08-12-2008,14.3187,15.1625,14.3187,14.4437,687837
09-12-2008,14.3239,14.3239,13.0999,13.2457,811083
10-12-2008,13.4853,13.5687,12.6207,12.8863,765452
11-12-2008,12.7613,13.4332,12.5686,12.6572,575591
12-12-2008,12.2978,13.1989,12.2978,13.0426,715644
15-12-2008,13.2926,13.2926,12.5999,13.0634,637418
16-12-2008,12.7301,13.0426,12.3863,13.0218,821065
17-12-2008,13.0218,13.0478,12.6311,12.8655,551451
18-12-2008,13.1624,13.1624,12.3759,12.6676,821676
19-12-2008,12.7405,12.7665,12.2144,12.4436,852233
22-12-2008,12.6207,12.7874,12.4696,12.6155,522015
23-12-2008,12.6363,13.0218,12.6311,12.8655,515394
24-12-2008,12.8915,12.9801,12.8134,12.902,162054
26-12-2008,12.9697,12.9697,12.7613,12.9228,109394
29-12-2008,12.8238,13.4228,12.8238,13.3447,443585
30-12-2008,13.2926,13.8708,13.0843,13.8395,352220
31-12-2008,13.8447,14.251,13.777,14.1677,465484
02-01-2009,14.3743,14.5811,13.982,14.4698,319524
05-01-2009,14.4963,14.8356,14.1676,14.666,493495
06-01-2009,14.9205,15.2598,14.9205,15.0795,656465
07-01-2009,15.0371,15.122,14.6713,14.9205,528024
08-01-2009,14.7455,15.1113,14.6978,15.0424,525376
09-01-2009,15.053,15.0583,14.597,14.7402,557155
12-01-2009,14.6023,14.6182,13.5313,13.6532,697106
13-01-2009,13.5154,13.8229,13.4836,13.7328,677550
14-01-2009,13.4146,13.4518,12.842,12.9746,620408
15-01-2009,13.0541,13.2609,12.4019,13.1442,882281
16-01-2009,13.526,13.7752,12.5239,12.9639,1427010
20-01-2009,12.6617,12.6617,11.9088,11.9141,851928
21-01-2009,12.3065,12.5451,11.6066,12.5345,813834
22-01-2009,12.5133,12.5133,11.7869,11.8452,953683
23-01-2009,11.5907,12.2216,11.527,12.0042,818417
26-01-2009,12.2057,12.5663,11.8876,12.1103,741515
27-01-2009,12.2481,12.8049,12.2004,12.7625,1032621
28-01-2009,13.3033,14.0615,13.3033,13.5843,1367322
29-01-2009,13.4252,13.5843,12.8367,12.9321,670827
30-01-2009,12.9109,12.9109,12.4231,12.7253,1348478
02-02-2009,12.333,12.7837,12.2959,12.6299,859567
03-02-2009,12.7678,13.0594,12.5716,12.9692,569785
04-02-2009,13.1177,13.2874,12.6617,12.7943,675512
05-02-2009,12.6723,13.1813,12.5292,13.1071,710755
06-02-2009,12.9374,13.5101,12.8155,13.2715,842048
09-02-2009,13.473,13.7434,13.2821,13.6479,684170
10-02-2009,13.6214,13.6638,12.7413,12.842,1007565
11-02-2009,12.8685,12.9746,12.5769,12.7147,837566
12-02-2009,12.5663,12.789,12.2641,12.7625,1174609
13-02-2009,12.8526,12.9586,12.5345,12.5663,695782
17-02-2009,12.6829,12.6829,11.2831,11.299,1385554
18-02-2009,11.5323,11.6172,10.8855,11.0127,1331061
19-02-2009,11.3468,11.3945,10.859,11.0657,1111764
20-02-2009,10.6575,10.8908,10.3446,10.6045,1853585
23-02-2009,10.6946,10.9332,10.2015,10.2439,1598027
24-02-2009,10.2598,11.1188,10.2174,11.1188,1354488
25-02-2009,11.2195,11.8134,10.4719,11.5164,1860002
26-02-2009,11.877,12.5663,11.877,12.211,2101504
27-02-2009,11.9883,12.0838,11.4634,11.9406,2024296
02-03-2009,11.4793,11.5695,10.7423,10.965,1867437
03-03-2009,11.2195,11.4369,10.8006,11.0976,2241047
04-03-2009,11.5111,11.5695,11.0021,11.4316,1743070
05-03-2009,11.0392,11.2566,10.6787,10.7635,1406027
06-03-2009,10.8431,11.1082,10.4984,10.79,1946070
09-03-2009,10.5514,10.7847,10.3128,10.3924,1441983
10-03-2009,10.8696,11.7975,10.7158,11.7922,1781878
11-03-2009,12.0042,12.3383,11.5748,11.8982,1638973
12-03-2009,11.7975,12.561,11.649,12.5186,1816203
13-03-2009,12.72,12.7466,12.1527,12.5345,1103615
16-03-2009,12.7837,13.2556,12.736,12.7996,1682873
17-03-2009,12.7253,13.2238,12.6087,13.2185,1723412
18-03-2009,13.123,13.7646,12.9639,13.7169,2186656
19-03-2009,14.0986,14.1676,13.3298,13.3987,1767109
20-03-2009,13.3139,13.473,13.0382,13.1442,1371600
23-03-2009,13.7222,14.2683,13.5419,14.2577,1676864
24-03-2009,14.1782,14.3054,13.8176,13.8494,1940265
25-03-2009,14.0297,14.3743,13.404,13.7275,2184313
26-03-2009,13.9767,13.9767,13.5366,13.7434,2027454
27-03-2009,13.5472,13.7805,13.3298,13.5578,1717810
30-03-2009,13.1018,13.1018,12.561,12.6564,1451150
31-03-2009,12.9639,13.1654,12.7837,13.0011,1938839
01-04-2009,12.8473,13.4942,12.6617,13.4411,1726977
02-04-2009,13.9237,14.1251,13.807,13.9449,1457567
03-04-2009,13.906,14.2881,13.8145,14.1213,1657918
06-04-2009,13.9329,13.976,13.6369,13.976,1280031
07-04-2009,13.5777,13.6423,13.3732,13.3894,972628
08-04-2009,13.4862,13.5562,13.1903,13.4486,627436
09-04-2009,14.0244,14.245,13.9652,14.245,914671
13-04-2009,14.1428,14.5303,14.0459,14.4549,836344
14-04-2009,14.4603,14.8854,14.4011,14.4388,1379850
15-04-2009,14.4711,14.7671,14.3365,14.7401,965905
16-04-2009,15.0415,15.0415,14.5034,14.7778,833797
17-04-2009,14.8693,15.3913,14.7993,15.1653,1048002
20-04-2009,14.7671,14.7671,14.1159,14.1266,994934
21-04-2009,14.0029,14.9716,13.6423,14.8854,1460622
22-04-2009,14.7509,15.3375,14.5572,14.6863,1065521
23-04-2009,14.7079,15.2245,14.7079,15.2245,865475
24-04-2009,15.3375,15.7304,15.3375,15.6281,1348275
27-04-2009,15.2998,15.5851,15.0146,15.0953,806704
28-04-2009,14.7778,15.2353,14.7778,15.0038,458151
29-04-2009,15.4021,15.7519,15.3321,15.6066,624890
30-04-2009,15.8488,16.1878,15.2998,15.316,852132
01-05-2009,15.4182,15.4828,15.2568,15.3967,624686
04-05-2009,15.7788,16.2416,15.5689,16.2416,948284
05-05-2009,16.1878,16.7851,16.1232,16.5914,991166
06-05-2009,16.9358,17.4148,16.6829,17.2587,1088235
07-05-2009,17.6139,18.0391,16.5968,16.6237,1094754
08-05-2009,16.8282,17.6839,16.8282,17.6839,870262
11-05-2009,17.4955,17.4955,17.0919,17.1565,707292
12-05-2009,17.3825,17.3825,16.5537,16.9197,692726
13-05-2009,16.4892,16.6668,15.8326,15.8757,980063
14-05-2009,15.7573,16.5537,15.7573,16.3116,961525
15-05-2009,16.3277,16.5214,15.9295,16.0533,799675
18-05-2009,16.4407,16.9627,16.3761,16.9574,527107
19-05-2009,17.0542,17.0542,16.6829,16.8174,860993
20-05-2009,17.0381,17.5547,17.0381,17.3825,1111356
21-05-2009,17.0973,17.1027,16.7582,16.8336,936978
22-05-2009,16.9735,17.361,16.769,17.2426,689874
26-05-2009,17.2964,18.7387,17.2964,18.6526,1112986
27-05-2009,18.8355,18.8463,18.1198,18.1682,1396555
28-05-2009,18.5664,18.8517,18.1951,18.3081,1229612
29-05-2009,18.6149,18.927,18.1413,18.8786,1096893
01-06-2009,19.0616,19.6266,19.0616,19.336,986073
02-06-2009,19.4114,19.8473,19.3253,19.7504,779610
03-06-2009,19.4275,19.4436,18.7602,18.8463,880346
04-06-2009,18.9862,19.5782,18.8409,19.562,739173
05-06-2009,19.562,19.562,19.0454,19.2661,979961
08-06-2009,19.1961,19.5244,18.9485,19.4436,722876
09-06-2009,19.8849,19.9226,19.4813,19.6105,657993
10-06-2009,19.7612,19.7665,19.2015,19.5351,647400
11-06-2009,19.5674,19.9388,19.5674,19.745,729293
12-06-2009,19.4436,19.6858,19.2714,19.6159,520385
15-06-2009,19.3199,19.3199,18.7817,19.0239,528533
16-06-2009,19.0938,19.2714,18.7225,18.8248,514375
17-06-2009,18.7494,19.0562,18.5342,18.7817,858854
18-06-2009,19.0508,19.1154,18.5718,19.1154,585879
19-06-2009,19.223,19.4813,19.0938,19.4383,463243
22-06-2009,19.0562,19.2768,18.9216,19.0938,783175
23-06-2009,19.1423,19.2553,18.7171,18.9485,566831
24-06-2009,19.0992,19.3952,18.8732,19.0131,605639
25-06-2009,18.9432,19.4275,18.8355,19.4275,458762
26-06-2009,19.4436,20.2024,19.3468,20.1217,843881
29-06-2009,20.1702,20.5899,20.1702,20.563,457132
30-06-2009,20.6061,20.6976,19.9764,20.1809,541062
01-07-2009,20.3908,20.633,20.2616,20.4661,254845
02-07-2009,20.3401,20.4762,19.9426,20.0733,490032
06-07-2009,19.9698,20.2802,19.7902,20.106,519163
07-07-2009,20.106,20.1604,19.322,19.3274,540145
08-07-2009,19.3546,19.4853,18.489,18.8156,1002879
09-07-2009,19.0443,19.0824,18.5979,18.8538,631001
10-07-2009,18.6632,19.0008,18.5325,18.9626,389194
13-07-2009,19.1859,19.616,18.7558,19.616,450613
14-07-2009,19.9208,20.2638,19.7956,20.1822,475161
15-07-2009,20.5687,21.1839,20.5687,21.1023,658604
16-07-2009,20.8464,21.1513,20.8409,20.9825,384508
17-07-2009,21.124,21.124,20.8028,20.9444,267577
20-07-2009,21.2547,21.4344,21.0315,21.2057,326348
21-07-2009,21.4943,21.5215,20.9879,21.2329,493800
22-07-2009,21.1785,21.5977,21.0587,21.32,554507
23-07-2009,21.2547,22.006,21.2329,21.9516,571619
24-07-2009,22.0333,22.8172,21.8046,22.8064,719718
27-07-2009,22.8118,23.3018,22.5831,23.1711,685698
28-07-2009,22.8717,23.2963,22.5232,22.7846,579665
29-07-2009,22.7138,22.7791,22.349,22.6648,465790
30-07-2009,23.0895,23.1167,22.6975,22.8717,575184
31-07-2009,23.0078,23.5032,22.9098,23.2528,634770
03-08-2009,23.672,24.211,23.5032,24.0477,760155
04-08-2009,23.7047,23.7156,23.2201,23.6666,712996
05-08-2009,23.7319,24.456,23.6666,24.0422,1233890
06-08-2009,24.2709,24.2709,23.2256,23.28,536275
07-08-2009,23.427,23.6938,23.182,23.2746,798046
10-08-2009,23.0459,23.2201,22.5777,22.7955,326959
11-08-2009,22.4416,22.4416,21.7229,21.761,593416
12-08-2009,21.663,22.2184,21.6249,21.9461,436761
13-08-2009,22.2238,22.447,21.9679,22.2565,296606
14-08-2009,22.3436,22.4089,21.6739,22.0169,474346
17-08-2009,21.4235,21.516,21.1622,21.4344,462021
18-08-2009,21.4834,21.7991,21.369,21.7284,339793
19-08-2009,21.3255,22.202,21.3037,22.0659,532200
20-08-2009,22.0169,22.5287,21.9843,22.4742,365054
21-08-2009,22.7356,22.9588,22.6104,22.7084,417408
24-08-2009,22.9751,23.0786,22.496,22.6104,701180
25-08-2009,22.8064,23.3726,22.8064,23.3072,680300
26-08-2009,23.2963,23.3018,22.692,23.231,537599
27-08-2009,23.3345,24.0749,23.3236,24.0531,868632
28-08-2009,24.1947,24.1947,22.9915,23.1003,1227982
31-08-2009,22.692,22.8771,22.4797,22.8336,909782
01-09-2009,22.5396,22.8336,21.6249,21.6467,1305902
02-09-2009,21.4943,21.5977,21.1458,21.1676,1026917
03-09-2009,21.3146,21.7774,21.1349,21.712,734487
04-09-2009,21.9679,22.4797,21.8699,22.4797,484837
08-09-2009,22.986,23.0023,22.4579,22.6376,779610
09-09-2009,22.4797,22.6485,22.0387,22.1421,941765
10-09-2009,22.1585,22.7301,22.1204,22.7301,1380461
11-09-2009,22.7301,23.084,22.594,23.0078,1369257
14-09-2009,22.7737,23.4597,22.643,23.4216,1011435
15-09-2009,23.6557,24.6629,23.5577,24.6084,2110059
16-09-2009,24.7282,24.8643,24.4179,24.8099,824325
17-09-2009,24.7119,25.1039,24.5268,24.5867,884726
18-09-2009,24.7663,24.9024,24.554,24.8915,526598
21-09-2009,24.2273,24.3308,23.9714,24.1239,539127
22-09-2009,24.5594,24.5594,24.26,24.5213,724404
23-09-2009,24.4505,24.799,24.2763,24.3253,863539
24-09-2009,24.456,24.603,23.427,23.5631,915792
25-09-2009,23.4542,23.8462,23.4107,23.7047,419241
28-09-2009,23.7863,24.3852,23.7863,24.2709,299051
29-09-2009,24.2219,24.5921,24.1947,24.5213,465586
30-09-2009,24.8534,24.8915,24.456,24.8153,457132
01-10-2009,24.8806,25.0113,24.0803,24.0967,557257
02-10-2009,23.7566,23.9657,23.2834,23.476,634260
05-10-2009,23.5475,24.3343,23.5475,24.1912,421279
06-10-2009,24.6589,24.956,24.2463,24.5268,468438
07-10-2009,24.5268,24.8074,24.2793,24.7084,345395
08-10-2009,24.945,25.0055,24.6424,24.6809,468031
09-10-2009,24.8624,25.066,24.6919,24.923,277050
12-10-2009,25.176,25.2531,24.956,25.1265,127321
13-10-2009,25.11,25.2531,24.6479,24.6864,402537
14-10-2009,25.2256,25.3576,24.9395,25.2201,270531
15-10-2009,25.044,25.3796,24.912,24.945,371776
16-10-2009,24.6039,24.8294,24.5929,24.7249,417204
19-10-2009,24.912,25.0605,24.5984,25,319422
20-10-2009,24.9395,24.9395,24.3728,24.4333,378091
21-10-2009,24.3398,24.7469,24.2463,24.2628,473938
22-10-2009,24.1857,24.5819,23.9327,24.5599,611445
23-10-2009,24.5709,24.5709,24.0647,24.2077,434520
26-10-2009,24.1637,24.3563,23.597,23.6466,842761
27-10-2009,23.6135,23.6135,22.9698,23.0029,736321
28-10-2009,22.7553,23.1734,22.2271,22.9974,857428
29-10-2009,23.1954,23.443,22.9203,23.2174,697004
30-10-2009,23.0414,23.1404,22.4912,22.9863,1092920
02-11-2009,23.0854,23.575,22.8543,23.5035,1196916
03-11-2009,23.2614,23.7951,23.2119,23.7456,747627
04-11-2009,24.0207,24.2738,23.9161,24.0152,946654
05-11-2009,23.9492,24.3068,23.9216,24.3068,580582
06-11-2009,23.9106,24.2903,23.7896,23.8941,668994
09-11-2009,24.4993,24.8624,24.4938,24.7469,455808
10-11-2009,24.6204,24.8735,24.6149,24.7744,556137
11-11-2009,25.022,25.3136,24.9725,25.1595,581397
12-11-2009,25.0495,25.3961,24.9395,25.0935,563165
13-11-2009,25.2806,25.4731,25.077,25.3961,397953
16-11-2009,25.4786,25.7867,25.4181,25.6657,483411
17-11-2009,25.3631,25.6712,25.3136,25.6602,446946
18-11-2009,25.7152,25.8363,25.4896,25.6382,301088
19-11-2009,25.3411,25.5062,25.0055,25.3191,375443
20-11-2009,25.0825,25.1926,24.8459,25.033,261364
23-11-2009,25.5007,25.6437,25.4401,25.5832,297115
24-11-2009,25.5942,25.8308,25.2586,25.6492,326043
25-11-2009,25.9903,26.1334,25.7647,25.8748,426168
27-11-2009,24.2408,25.143,24.1857,24.912,345599
30-11-2009,25.0385,25.4952,25.022,25.3796,383286
01-12-2009,25.6492,26.2324,25.6492,26.1113,389499
02-12-2009,26.1003,26.2929,25.7647,25.9133,266049
03-12-2009,25.8638,26.0123,25.3136,25.3246,227344
04-12-2009,25.8198,26.0398,25.1705,25.3191,461308
07-12-2009,25.3521,25.7537,25.0605,25.3851,287032
08-12-2009,24.8129,24.978,24.4168,24.5819,592092
09-12-2009,24.7689,24.7744,24.2077,24.7249,452548
10-12-2009,24.923,25.0385,24.5048,24.89,350183
11-12-2009,24.879,25.033,24.4223,24.6424,309746
14-12-2009,24.6479,25.2091,24.5819,25.011,353442
15-12-2009,24.956,25.2091,24.89,25.066,273077
16-12-2009,25.2091,25.4621,25.022,25.1816,288254
17-12-2009,24.7964,25.0055,24.7579,24.8624,400704
18-12-2009,24.9615,25.1981,24.8074,24.978,407630
21-12-2009,25.1871,25.4346,24.8294,24.9615,325432
22-12-2009,25.099,25.3686,24.978,25.3576,221436
23-12-2009,25.4401,25.6657,25.2971,25.3686,370452
24-12-2009,25.3576,25.6272,25.3576,25.6272,90652
28-12-2009,25.7702,25.9133,25.5227,25.9078,173258
29-12-2009,25.9573,26.1279,25.8583,26.0508,470577
30-12-2009,25.7702,25.9793,25.7042,25.9353,222556
31-12-2009,26.1683,26.2294,25.9738,25.9738,250974
04-01-2010,26.4017,26.4628,25.7682,26.0294,344581
05-01-2010,26.1961,26.2794,25.7182,25.7904,221436
06-01-2010,25.9127,25.9627,25.5126,25.5848,280717
07-01-2010,25.6182,25.6404,25.1291,25.2125,738358
08-01-2010,25.2847,25.5626,25.218,25.5626,473836
11-01-2010,25.8349,25.8349,25.1625,25.2736,320339
12-01-2010,25.1458,25.1458,24.6179,24.8624,469457
13-01-2010,25.0069,25.218,24.7679,25.0958,308625
14-01-2010,25.1791,25.2792,24.9513,25.2069,281531
15-01-2010,25.1791,25.2625,24.8568,24.9291,280513
19-01-2010,24.9291,25.2847,24.9235,25.0624,491763
20-01-2010,24.4901,24.4901,24.0511,24.3678,537089
21-01-2010,24.3011,24.3122,23.5342,23.6287,641085
22-01-2010,23.5731,23.6787,23.1508,23.4509,825445
25-01-2010,23.5509,23.8288,23.312,23.6621,627029
26-01-2010,23.3231,23.9788,23.2175,23.5954,438900
27-01-2010,23.5398,23.9566,23.4009,23.901,530265
28-01-2010,24.09,24.2622,23.5009,23.7788,437779
29-01-2010,23.7843,23.8677,23.312,23.3953,708718
01-02-2010,23.4342,23.6898,23.3731,23.6454,463855
02-02-2010,23.7176,24.1289,23.6398,24.0622,436353
03-02-2010,23.9955,24.0344,23.6565,23.8955,326959
04-02-2010,23.7232,23.7232,23.2008,23.2508,529858
05-02-2010,23.3675,23.6565,22.973,23.6565,818111
08-02-2010,23.6398,23.8732,23.4453,23.4787,469049
09-02-2010,23.751,24.0122,23.4564,23.8232,405796
10-02-2010,23.7843,24.3567,23.7788,24.2733,369841
11-02-2010,24.39,24.8568,24.2567,24.829,441344
12-02-2010,24.7901,24.9902,24.6234,24.9068,370350
16-02-2010,25.0624,25.457,25.0624,25.3181,233353
17-02-2010,25.3959,25.7015,25.3459,25.5515,248734
18-02-2010,25.557,25.746,25.5292,25.6182,238955
19-02-2010,25.4514,25.6626,25.3236,25.5292,207685
22-02-2010,25.5793,25.7015,25.2847,25.3736,260855
23-02-2010,25.2792,25.2792,24.529,24.7679,406000
24-02-2010,24.8235,25.068,24.7735,24.9013,276337
25-02-2010,24.5123,25.2625,24.3567,25.168,326145
26-02-2010,25.2125,25.2847,24.968,25.2458,197703
01-03-2010,25.4014,25.746,25.3736,25.7071,298236
02-03-2010,25.8349,26.3517,25.8349,26.2628,349368
03-03-2010,26.3684,26.4462,26.0349,26.2572,325941
04-03-2010,26.3406,26.5017,26.285,26.4684,254845
05-03-2010,26.674,26.9574,26.674,26.8963,335006
08-03-2010,27.013,27.2797,26.8907,27.063,432585
09-03-2010,27.263,27.263,26.6407,26.7629,363730
10-03-2010,26.7296,26.963,26.5629,26.6518,463243
11-03-2010,26.5073,26.674,26.2517,26.6462,411500
12-03-2010,26.8852,27.0519,26.7574,26.9796,334904
15-03-2010,27.0352,27.2353,26.8185,27.2353,250465
16-03-2010,27.3631,27.5353,27.2742,27.4909,283670
17-03-2010,27.602,27.6909,27.502,27.6131,218584
18-03-2010,27.6076,27.6465,27.4131,27.5576,184360
19-03-2010,27.5409,27.7021,27.4298,27.5409,208908
22-03-2010,27.2297,27.7132,27.1297,27.6687,388684
23-03-2010,27.652,28.2078,27.6465,28.0522,475364
24-03-2010,27.9188,27.9799,27.7132,27.8076,476994
25-03-2010,28.0966,28.3578,27.9299,28.1133,633344
26-03-2010,28.0522,28.1188,27.502,27.5742,903060
29-03-2010,27.8132,27.8854,27.5576,27.8021,218584
30-03-2010,28.0021,28.1577,27.8799,27.9077,288967
31-03-2010,28.0133,28.0633,27.6298,27.7965,336228
01-04-2010,28.1568,28.3195,28.039,28.2522,283161
05-04-2010,28.3868,28.4373,28.0615,28.2242,194037
06-04-2010,28.14,28.4878,28.039,28.2971,325432
07-04-2010,28.1793,28.2746,27.8876,27.9324,290800
08-04-2010,27.809,28.2242,27.4388,28.1007,222760
09-04-2010,28.0727,28.4205,28.0166,28.241,218686
12-04-2010,28.0951,28.5383,28.0951,28.2859,190981
13-04-2010,28.2073,28.4093,27.9941,28.2354,160118
14-04-2010,28.4878,28.9591,28.3195,28.9479,417510
15-04-2010,28.8581,29.2845,28.7515,29.1274,291819
16-04-2010,29.0825,29.3125,28.6505,28.6561,475161
19-04-2010,28.3588,28.8469,28.2073,28.7796,353646
20-04-2010,29.2508,29.4303,29.1442,29.2171,523339
21-04-2010,29.2901,29.5201,28.8918,29.1891,333478
22-04-2010,29.0208,29.1723,28.7235,29.1218,308116
23-04-2010,29.0096,29.3406,28.8581,29.1162,317690
26-04-2010,29.2284,29.3406,29.1105,29.1779,347738
27-04-2010,28.9871,29.1498,28.2859,28.2859,435029
28-04-2010,28.6561,28.6561,28.1232,28.2466,399889
29-04-2010,28.4766,28.9927,28.3925,28.802,294263
30-04-2010,28.7571,28.9759,28.5495,28.5608,408445
03-05-2010,28.8132,29.3518,28.7066,29.2788,604824
04-05-2010,28.7908,28.8749,28.4373,28.6786,643529
05-05-2010,28.1288,28.4373,27.8371,28.1344,619695
06-05-2010,27.8483,27.9044,25.1611,26.9114,1430575
07-05-2010,27.1639,27.4724,26.5355,27.018,1162285
10-05-2010,28.1961,28.4991,27.8202,28.1681,602787
11-05-2010,27.9493,28.8805,27.9437,28.3868,575999
12-05-2010,28.7459,28.9479,28.4486,28.931,388583
13-05-2010,29.0881,29.1723,28.7515,28.8244,645668
14-05-2010,28.5439,28.5439,27.9773,28.3532,740701
17-05-2010,28.2971,28.4373,27.2704,27.7024,625297
18-05-2010,28.1344,28.2185,27.3266,27.4444,570193
19-05-2010,27.1639,27.551,26.5692,27.046,813222
20-05-2010,26.126,26.2438,25.5257,25.6267,935043
21-05-2010,25.2901,26.2438,24.9759,26.2382,1133969
24-05-2010,26.3672,26.4289,25.9072,25.9128,325126
25-05-2010,25.3013,25.9409,24.9591,25.9128,852437
26-05-2010,26.255,26.6197,25.8062,25.9353,656873
27-05-2010,26.255,26.5131,25.7277,26.0643,792036
28-05-2010,26.2045,26.2719,25.593,25.6155,590258
01-06-2010,25.9409,27.0965,25.8455,26.3953,1084874
02-06-2010,26.687,27.4668,26.5355,27.4444,628251
03-06-2010,27.4892,27.7754,27.1863,27.5341,809148
04-06-2010,26.9619,27.1246,25.9857,26.0755,858650
07-06-2010,26.0643,26.4346,25.8679,25.8735,532302
08-06-2010,26.1092,26.2719,25.4584,26.1989,792036
09-06-2010,26.6197,26.7992,26.1148,26.2382,620306
10-06-2010,26.7599,27.0853,26.687,27.0236,391027
11-06-2010,26.816,27.2143,26.7487,27.147,462836
14-06-2010,27.5285,27.7529,27.1526,27.1863,592194
15-06-2010,27.4892,28.0727,27.4107,28.039,602685
16-06-2010,27.9044,28.3868,27.8595,28.2017,476688
17-06-2010,28.241,28.241,27.7024,27.9044,504393
18-06-2010,28.0334,28.3027,27.9268,28.0559,656567
21-06-2010,28.4373,28.6449,28.039,28.2073,614500
22-06-2010,28.241,28.5439,27.8819,27.9212,519876
23-06-2010,27.6351,27.6351,27.1302,27.5005,818111
24-06-2010,27.2536,27.2761,26.8385,27.0797,869345
25-06-2010,27.1919,27.4556,26.9507,27.1639,668790
28-06-2010,27.3153,27.377,27.018,27.1639,659419
29-06-2010,26.6758,26.687,25.8231,26.0475,772683
30-06-2010,25.8343,26.2943,25.6772,25.8174,787249
01-07-2010,25.8568,26.1177,25.3919,25.8455,365869
02-07-2010,26.0893,26.2254,25.579,25.7888,577526
06-07-2010,25.9873,26.4352,25.8909,26.2424,579767
07-07-2010,26.3672,26.7584,26.2254,26.7187,468234
08-07-2010,27.0476,27.161,26.6167,27.0476,623973
09-07-2010,27.2858,27.7507,27.2574,27.6487,377480
12-07-2010,27.6657,27.8528,27.5069,27.66,402944
13-07-2010,27.9719,28.5559,27.9265,28.4482,519774
14-07-2010,28.4198,28.7487,28.2951,28.4595,564489
15-07-2010,28.5332,28.5673,27.8982,28.5673,626927
16-07-2010,28.2611,28.2611,27.5409,27.711,504393
19-07-2010,27.8018,28.0002,27.1894,27.3538,596981
20-07-2010,27.0533,27.7904,26.9342,27.711,512848
21-07-2010,27.9832,27.9832,26.8832,26.9739,459984
22-07-2010,27.3765,27.5806,27.2744,27.3311,792647
23-07-2010,27.3765,27.5636,27.1724,27.4445,477401
26-07-2010,27.5466,27.8358,27.3935,27.7167,332562
27-07-2010,27.9889,28.1987,27.7281,28.0059,292634
28-07-2010,28.108,28.3178,28.0229,28.0853,265438
29-07-2010,28.3801,28.6296,28.0626,28.3575,524867
30-07-2010,28.0626,28.675,27.9152,28.4255,339284
02-08-2010,28.7147,28.9188,28.6296,28.8338,239872
03-08-2010,28.8565,29.0209,28.4255,28.5276,371674
04-08-2010,28.7034,28.7884,28.3348,28.7771,252502
05-08-2010,28.7884,28.8962,28.2554,28.3405,302208
06-08-2010,28.1023,28.2214,27.6884,28.0626,327672
09-08-2010,28.1703,28.3121,28.0002,28.1817,499810
10-08-2010,27.7677,28.1703,27.5579,27.9776,340303
11-08-2010,27.4502,27.5183,26.8435,27.0873,421890
12-08-2010,26.8605,26.9229,26.5486,26.8151,329200
13-08-2010,26.8038,27.2858,26.7868,27.0363,339284
16-08-2010,26.9626,27.2517,26.7528,27.1213,250974
17-08-2010,27.5466,27.8755,27.2744,27.7167,324719
18-08-2010,27.8755,28.3008,27.5636,28.1477,379721
19-08-2010,28.0569,28.159,27.3822,27.677,409259
20-08-2010,27.3652,27.6373,27.0079,27.4842,257901
23-08-2010,27.5126,27.643,27.3311,27.4332,192916
24-08-2010,26.8662,26.8945,26.4806,26.577,495430
25-08-2010,26.4182,26.9626,26.2708,26.8945,474244
26-08-2010,26.9852,27.4615,26.9852,27.11,369535
27-08-2010,27.1837,28.0399,26.8605,27.9946,541469
30-08-2010,27.8528,28.2781,27.7054,27.7167,387360
31-08-2010,27.7564,27.7848,27.1383,27.3198,531691
01-09-2010,27.626,27.9038,27.5806,27.626,619084
02-09-2010,27.7394,28.1363,27.6827,28.0966,316468
03-09-2010,28.3405,28.8848,28.3405,28.7941,497365
07-09-2010,28.6637,28.6977,28.1703,28.3121,588629
08-09-2010,28.59,28.9132,28.5106,28.5843,423112
09-09-2010,28.9188,29.0266,28.726,28.9188,283365
10-09-2010,28.9869,29.0209,28.658,28.8565,322070
13-09-2010,29.14,29.6957,29.14,29.673,341117
14-09-2010,29.6673,29.9395,29.5085,29.5879,390009
15-09-2010,29.3838,29.6957,29.1286,29.5993,358331
16-09-2010,29.5369,29.6049,29.3158,29.4348,327774
17-09-2010,29.5596,29.5596,29.1683,29.4859,832371
20-09-2010,29.4292,29.673,29.2307,29.4292,317283
21-09-2010,29.5256,29.673,29.2364,29.3214,610324
22-09-2010,29.3214,29.5482,29.0379,29.2817,378193
23-09-2010,28.9812,29.6163,28.9132,29.3214,315755
24-09-2010,29.7297,29.9111,29.639,29.8261,315450
27-09-2010,29.8374,29.9282,29.5426,29.5539,856817
28-09-2010,29.4632,29.8374,29.3271,29.8034,458151
29-09-2010,29.758,30.1493,29.758,29.9905,417102
30-09-2010,30.3024,30.4952,29.9508,30.223,603602
01-10-2010,30.3518,30.6264,30.1171,30.5349,503171
04-10-2010,30.449,30.5635,30.1229,30.2945,300069
05-10-2010,30.5578,30.9011,30.4033,30.8668,424742
06-10-2010,30.9068,31.2559,30.7409,31.1586,349572
07-10-2010,31.1586,31.1701,30.6665,30.8325,287337
08-10-2010,30.8038,31.0213,30.7352,30.9011,207380
11-10-2010,30.9068,31.0385,30.7008,30.7581,91875
12-10-2010,30.8096,30.9698,30.6608,30.9068,265642
13-10-2010,31.1872,31.3875,31.1128,31.1243,238650
14-10-2010,31.1243,31.3246,30.8725,31.0156,337451
15-10-2010,31.1529,31.193,30.6493,30.8267,308727
18-10-2010,30.6779,31.09,30.6722,31.0728,245678
19-10-2010,30.4033,30.8038,30.1629,30.7581,590462
20-10-2010,30.821,31.0785,30.6093,31.0556,366683
21-10-2010,31.1014,31.1529,30.6436,30.8267,233353
22-10-2010,30.9812,30.9812,30.3289,30.4376,317079
25-10-2010,30.7523,30.7581,30.306,30.5692,330728
26-10-2010,30.2831,30.6436,30.2087,30.4376,487282
27-10-2010,30.2144,30.2888,29.8654,30.1744,275114
28-10-2010,30.2831,30.4662,30.1744,30.2831,385832
29-10-2010,30.2144,30.6779,30.1458,30.6207,268799
01-11-2010,30.7066,30.9469,30.5406,30.6493,285911
02-11-2010,30.924,31.0098,30.7695,30.8782,296402
03-11-2010,30.9126,30.9583,30.3918,30.8668,359350
04-11-2010,31.2387,31.3303,31.0213,31.193,318403
05-11-2010,31.233,31.3475,31.1415,31.2159,346007
08-11-2010,31.0785,31.2216,31.0098,31.1186,217973
09-11-2010,31.3532,31.4047,30.9011,31.0327,296199
10-11-2010,31.1186,31.2101,30.6951,31.1128,325941
11-11-2010,30.9469,30.9755,30.5463,30.7294,229483
12-11-2010,30.4948,30.5521,29.7624,30.0542,518144
15-11-2010,30.2831,30.3689,29.9111,30.0256,366582
16-11-2010,29.5964,29.6307,29.1272,29.3675,635788
17-11-2010,29.3675,29.7395,29.213,29.6307,352424
18-11-2010,30.0084,30.4376,29.9684,30.2316,288559
19-11-2010,30.1343,30.7695,30.1343,30.7466,336228
22-11-2010,30.6093,30.7466,30.2945,30.5406,412213
23-11-2010,30.203,30.2545,29.6307,29.7681,556646
24-11-2010,30.2774,30.4433,30.1114,30.3289,304653
26-11-2010,30.0084,30.2545,29.9226,30.1973,166230
29-11-2010,30.0656,30.1744,29.6765,30.0599,343256
30-11-2010,29.688,30.0599,29.6536,29.728,314838
01-12-2010,30.3174,30.5349,30.1343,30.4834,343868
02-12-2010,30.6379,30.8725,30.6207,30.7809,398157
03-12-2010,30.884,31.8053,30.8611,31.7709,604518
06-12-2010,31.6107,32.0685,31.5535,31.9712,685596
07-12-2010,32.1372,32.1372,30.9698,31.2159,1431797
08-12-2010,31.1987,31.4047,31.09,31.3589,376665
09-12-2010,31.4676,31.5706,31.2273,31.3646,450511
10-12-2010,31.3704,31.851,31.3704,31.7938,305468
13-12-2010,31.9827,32.3489,31.9197,32.1086,378499
14-12-2010,32.0685,32.389,32.0284,32.2459,270327
15-12-2010,32.1028,32.6865,32.1028,32.492,421686
16-12-2010,32.5148,32.5435,32.1314,32.2745,376767
17-12-2010,32.0685,32.1486,31.7194,31.9998,476179
20-12-2010,31.8625,31.9254,31.5592,31.6107,308422
21-12-2010,31.6279,31.6908,31.5191,31.5878,527107
22-12-2010,31.6221,32.0055,31.5821,31.9769,352016
23-12-2010,32.0342,32.4176,31.9483,32.4061,276439
27-12-2010,32.2058,32.3546,32.0456,32.2859,126709
28-12-2010,32.3432,32.4862,32.2344,32.3031,146368
29-12-2010,32.6636,33.0241,32.6636,32.9669,313311
30-12-2010,32.7895,33.1157,32.6579,32.9269,623769
31-12-2010,32.955,33.1628,32.7934,33.0127,267475
03-01-2011,33.3878,33.4167,33.1397,33.2262,214714
04-01-2011,33.157,33.1858,32.3201,32.499,567035
05-01-2011,32.5452,32.6029,32.3605,32.4644,300884
06-01-2011,32.5972,32.6318,32.0315,32.297,357618
07-01-2011,32.4875,32.8165,32.4298,32.7184,401009
10-01-2011,32.5856,32.6087,32.2336,32.4702,297217
11-01-2011,32.7588,32.9492,32.6722,32.8973,306079
12-01-2011,33.1454,33.1685,32.9492,32.9723,224899
13-01-2011,33.0127,33.0185,32.5856,32.6491,251993
14-01-2011,32.5279,33.1397,32.4356,33.0935,401824
18-01-2011,33.1108,33.2378,32.9261,32.9954,272059
19-01-2011,33.0242,33.0762,32.6202,32.7126,220927
20-01-2011,32.3952,32.5856,32.2393,32.4586,363017
21-01-2011,32.6953,32.7645,32.1643,32.3317,329608
24-01-2011,32.4182,32.476,32.0893,32.4586,236918
25-01-2011,32.3778,32.5394,32.1354,32.5048,314533
26-01-2011,32.5625,32.7184,32.3548,32.5914,323904
27-01-2011,32.5798,33.0993,32.5798,32.9261,367600
28-01-2011,32.828,32.9781,32.2105,32.2278,691504
31-01-2011,32.4413,32.7818,32.4125,32.6722,562655
01-02-2011,32.8857,33.486,32.7876,33.4513,332969
02-02-2011,33.6937,33.8092,33.5379,33.6302,237020
03-02-2011,33.6476,34.0746,33.6129,33.9996,306792
04-02-2011,34.1785,34.3978,33.9419,34.0516,362813
07-02-2011,34.1381,34.369,33.9823,33.9823,416389
08-02-2011,34.1093,34.3459,33.9534,34.2997,239465
09-02-2011,34.2593,34.4325,33.6476,33.7168,402944
10-02-2011,33.6591,34.3863,33.6187,34.3113,507347
11-02-2011,34.1843,34.923,34.1843,34.7037,265845
14-02-2011,34.7672,34.9981,34.7557,34.8711,193222
15-02-2011,35.0038,35.1828,34.8596,34.9,151562
16-02-2011,35.0846,35.6733,35.05,35.2636,401926
17-02-2011,35.3905,35.7426,35.2578,35.731,281430
18-02-2011,35.9619,35.9735,35.3963,35.4886,305671
22-02-2011,35.1539,35.4309,34.5133,34.7384,3159487
23-02-2011,34.4844,34.5998,34.04,34.1266,724505
24-02-2011,34.6749,35.2001,34.3978,34.8134,772276
25-02-2011,35.05,35.6041,35.05,35.3559,430038
28-02-2011,35.6791,35.7022,35.3674,35.6964,867919
01-03-2011,35.5868,35.7195,34.8422,35.0327,1185610
02-03-2011,35.0673,35.2347,34.8884,35.0962,459067
03-03-2011,35.3328,35.5002,34.9057,35.379,580277
04-03-2011,35.5233,35.5752,35.3213,35.4771,503884
07-03-2011,35.6041,35.9273,35.3097,35.6791,635075
08-03-2011,35.6676,35.7253,34.9173,35.2058,692726
09-03-2011,35.2982,35.3444,34.6749,35.0385,529348
10-03-2011,34.8018,34.8076,34.0689,34.1901,476179
11-03-2011,33.7168,34.2709,33.6822,34.2709,410278
14-03-2011,34.1497,34.6576,33.9823,34.6345,467012
15-03-2011,33.4975,34.3344,33.1224,34.1612,787351
16-03-2011,33.8842,33.9246,33.0589,33.5552,836446
17-03-2011,33.9765,33.9996,33.5379,33.7688,495634
18-03-2011,34.1035,34.2478,33.8265,33.9304,400398
21-03-2011,34.3574,34.6749,34.3574,34.5421,360674
22-03-2011,34.646,35.0154,34.646,34.8884,645057
23-03-2011,34.8134,35.0212,34.7384,34.9577,975684
24-03-2011,35.0904,35.3097,34.8769,35.1077,435131
25-03-2011,35.1712,35.3559,34.7557,34.8018,404676
28-03-2011,35.0269,35.125,34.7384,34.7441,393777
29-03-2011,34.8711,35.0616,34.7384,34.9634,341117
30-03-2011,35.177,35.4021,35.1597,35.3732,323598
31-03-2011,35.4136,35.6214,35.3559,35.4309,359452
01-04-2011,35.66,36.178,35.6309,35.8696,357822
04-04-2011,35.9569,35.9569,35.6833,35.7706,290495
05-04-2011,35.7997,35.9569,35.5611,35.6717,226427
06-04-2011,35.9336,35.951,35.2584,35.6484,407935
07-04-2011,35.6426,35.695,35.2584,35.4505,669605
08-04-2011,35.66,35.7066,35.2061,35.404,240789
11-04-2011,35.5204,35.5727,35.078,35.2875,302005
12-04-2011,35.2875,35.2875,34.4087,34.7346,435335
13-04-2011,34.9034,35.2701,34.7172,35.0082,380230
14-04-2011,34.7812,34.9034,34.56,34.8336,336839
15-04-2011,34.7579,34.8685,34.5717,34.6473,403759
18-04-2011,34.3389,34.3563,33.8151,34.3098,388379
19-04-2011,34.432,34.6241,34.2632,34.3389,243131
20-04-2011,34.787,35.078,34.5833,34.95,314838
21-04-2011,35.2584,35.4272,34.9558,35.2119,284180
25-04-2011,35.2643,35.3341,34.9791,35.0315,184971
26-04-2011,35.0315,35.2643,34.9383,35.0024,293958
27-04-2011,35.0547,35.078,34.4262,35.014,469253
28-04-2011,34.8569,35.2235,34.8278,35.1246,245678
29-04-2011,35.0373,35.5262,35.0082,35.5262,278068
02-05-2011,35.3574,36.277,35.2934,35.7241,470577
03-05-2011,35.7415,36.05,35.404,35.6426,981897
04-05-2011,35.5902,35.596,34.8685,35.0606,330932
05-05-2011,34.6881,34.8336,34.2225,34.6764,471698
06-05-2011,35.1537,35.2352,34.2516,34.5251,401111
09-05-2011,34.5891,34.8452,34.269,34.7928,192509
10-05-2011,34.9965,35.2643,34.7463,35.1362,174480
11-05-2011,35.1653,35.2352,34.7114,34.9092,289171
12-05-2011,34.6881,34.886,34.269,34.8045,281124
13-05-2011,34.6881,34.7812,34.3796,34.5135,252808
16-05-2011,34.3389,34.8278,34.2807,34.4727,258206
17-05-2011,34.3389,34.9209,34.2981,34.8452,301597
18-05-2011,34.7405,35.0256,34.6764,35.0082,308422
19-05-2011,35.1071,35.2759,34.9209,35.2177,263095
20-05-2011,34.9558,35.1944,34.7928,34.9965,255049
23-05-2011,34.7172,34.886,34.5484,34.595,154313
24-05-2011,34.8161,34.9325,34.6066,34.6532,284791
25-05-2011,34.595,34.9733,34.5076,34.8569,221945
26-05-2011,34.6299,35.3225,34.5891,35.2759,370045
27-05-2011,35.1362,35.4331,35.1362,35.2119,217871
31-05-2011,35.7823,35.986,35.5669,35.695,682540
01-06-2011,35.7182,35.823,34.6299,34.7405,465382
02-06-2011,34.723,34.851,34.2399,34.6357,572841
03-06-2011,34.1061,34.8569,33.9955,34.7754,393981
06-06-2011,34.7172,34.886,34.0886,34.2807,388684
07-06-2011,34.5251,34.8918,34.3389,34.4262,426269
08-06-2011,34.2748,34.5368,34.205,34.333,304449
09-06-2011,34.4902,34.886,34.2923,34.7812,313107
10-06-2011,34.659,34.6706,33.786,34.2457,487995
13-06-2011,34.2341,34.3854,33.6695,33.9897,531691
14-06-2011,34.2283,34.7987,34.2166,34.6066,402028
15-06-2011,34.3912,34.5659,33.7103,33.9838,573147
16-06-2011,33.6463,34.0362,33.4891,33.6928,531997
17-06-2011,33.8616,34.141,33.6928,33.8034,422908
20-06-2011,33.7569,34.0886,33.6288,34.0362,211250
21-06-2011,34.3098,34.8627,34.1875,34.7288,317385
22-06-2011,34.5426,35.0024,34.5135,34.6182,360368
23-06-2011,34.1875,34.3098,33.7685,34.0479,621936
24-06-2011,34.1002,34.1526,33.6404,33.7045,322478
27-06-2011,33.5531,34.1468,33.4658,34.1119,294875
28-06-2011,34.269,34.5193,34.1992,34.4727,254743
29-06-2011,34.8394,35.014,34.6706,34.8801,385731
30-06-2011,35.1546,35.3778,34.9726,35.3308,461410
01-07-2011,35.1899,35.8299,35.09,35.6361,372693
05-07-2011,35.5892,35.6831,35.1488,35.1781,418936
06-07-2011,35.0607,35.2545,34.861,35.0842,343664
07-07-2011,35.4013,35.5363,35.1194,35.1664,362813
08-07-2011,34.8787,35.2956,34.8317,34.9961,286726
11-07-2011,34.5909,34.7906,34.4794,34.6673,479642
12-07-2011,34.4852,35.0842,34.4676,34.7436,402130
13-07-2011,34.9198,35.2956,34.8258,34.9902,515700
14-07-2011,35.184,35.184,34.679,34.8552,316977
15-07-2011,34.9961,35.1664,34.7612,35.1135,348349
18-07-2011,34.7495,34.7788,34.1036,34.3032,482494
19-07-2011,34.5616,34.9433,34.4559,34.8199,374323
20-07-2011,34.9844,35.2603,34.8963,35.0137,416899
21-07-2011,35.1723,35.6772,35.137,35.413,365767
22-07-2011,35.3719,35.6244,35.1077,35.3543,320339
25-07-2011,35.2897,35.6303,35.0724,35.5011,414658
26-07-2011,35.4541,35.4893,34.6966,34.8141,358840
27-07-2011,34.7495,34.7847,33.8746,33.9333,571415
28-07-2011,33.8981,34.2445,33.5751,33.81,541877
29-07-2011,33.6162,33.6162,32.9703,33.3285,739478
01-08-2011,33.8452,33.8452,32.9762,33.3461,335515
02-08-2011,33.2463,33.2991,32.0308,32.1365,797435
03-08-2011,32.0837,32.5769,31.0385,32.4947,1437297
04-08-2011,32.1248,32.1424,31.0385,31.3262,2128394
05-08-2011,31.4554,31.6433,29.8524,30.968,2332718
08-08-2011,29.4002,30.3574,29.3591,29.4825,2086225
09-08-2011,29.8054,31.5787,29.6704,31.5376,1927329
10-08-2011,31.2381,31.52,30.2928,30.6392,1825574
11-08-2011,30.6216,32.0484,30.2634,31.8371,1046270
12-08-2011,32.2716,32.7413,31.6961,31.9427,955210
15-08-2011,32.342,32.4888,31.8664,32.1483,720940
16-08-2011,31.9251,32.0426,31.5317,31.8958,721144
17-08-2011,32.1072,32.6298,32.0719,32.4184,474855
18-08-2011,31.8194,31.8194,30.8095,31.0796,829418
19-08-2011,30.4161,30.9739,29.6997,29.7643,969063
22-08-2011,30.6392,30.6392,29.1712,29.2476,1304476
23-08-2011,29.5294,30.6098,29.1654,30.5864,968452
24-08-2011,30.6098,31.3556,30.4983,31.0502,749155
25-08-2011,31.4436,31.8664,30.7508,30.9856,843779
26-08-2011,30.6509,31.0855,30.1518,30.6979,858650
29-08-2011,31.2968,31.5258,31.0913,31.5024,414250
30-08-2011,31.655,32.2833,31.1383,32.0895,806092
31-08-2011,32.4477,32.8646,32.342,32.7707,802935
01-09-2011,32.9233,33.0232,32.4301,32.6004,792036
02-09-2011,31.8723,32.2129,31.5258,31.6374,814139
06-09-2011,30.4924,31.1266,30.3397,30.9915,778795
07-09-2011,31.3849,31.8194,31.1031,31.7314,541469
08-09-2011,31.5024,31.6903,31.1794,31.3379,641390
09-09-2011,30.9622,31.1559,30.3104,30.3867,920172
12-09-2011,29.8582,30.375,29.5177,30.0814,1210157
13-09-2011,30.3045,30.7625,30.0931,30.6275,734895
14-09-2011,30.7919,30.8858,30.4454,30.5335,848465
15-09-2011,31.1089,31.3967,30.8388,31.291,646993
16-09-2011,31.4613,31.7196,31.1559,31.1853,744571
19-09-2011,30.5629,30.9093,30.2164,30.7801,630288
20-09-2011,30.8095,31.0972,30.4807,30.5511,508366
21-09-2011,30.4396,30.4689,29.5999,29.6116,780017
22-09-2011,28.4842,28.5841,27.9382,28.449,1333200
23-09-2011,28.1613,29.0714,28.0967,28.9716,756386
26-09-2011,29.1889,29.7408,28.1437,29.6586,848668
27-09-2011,30.4337,31.1853,30.3163,30.4043,943293
28-09-2011,30.5453,30.557,29.6469,29.776,603092
29-09-2011,30.1929,30.4278,29.823,30.3808,688550
30-09-2011,29.7849,30.2653,29.7197,29.7434,665530
03-10-2011,29.3757,29.5714,28.6047,28.7351,924450
04-10-2011,28.2547,28.3793,27.2939,28.1598,1324135
05-10-2011,28.4327,29.7315,27.9523,29.6011,1023047
06-10-2011,29.4824,30.0281,29.1325,30.0103,649641
07-10-2011,30.1882,30.3721,29.5062,29.5595,679587
10-10-2011,30.0815,30.5144,30.0459,30.4729,333886
11-10-2011,30.3721,30.5203,30.0281,30.4136,467318
12-10-2011,31.0126,31.3151,30.7932,30.977,538515
13-10-2011,30.7991,30.8762,30.1111,30.295,552164
14-10-2011,30.722,30.7457,30.2238,30.6212,367702
17-10-2011,30.5915,30.7457,30.0044,30.0637,420260
18-10-2011,30.0874,30.4966,29.9213,30.1645,620306
19-10-2011,30.2357,30.461,29.9095,30.0281,503273
20-10-2011,30.0637,30.3661,29.5062,30.2119,534950
21-10-2011,30.6271,30.6923,30.3009,30.4729,399787
24-10-2011,30.6034,30.811,30.4373,30.7991,478522
25-10-2011,30.6093,30.6093,30.0281,30.034,394287
26-10-2011,30.4136,30.5974,29.862,30.4314,548905
27-10-2011,31.4278,31.9912,31.1372,31.8073,715644
28-10-2011,31.6531,31.9556,31.4693,31.6709,401518
31-10-2011,31.4634,31.7421,31.1905,31.2024,501745
01-11-2011,30.2179,30.2712,29.7137,29.779,1009398
02-11-2011,30.1941,30.811,30.1408,30.4432,882994
03-11-2011,30.6093,31.2498,30.2653,31.1668,517635
04-11-2011,30.6745,30.7576,30.1467,30.467,447965
07-11-2011,30.4788,30.6627,30.3068,30.6034,332052
08-11-2011,30.633,31.0482,30.4551,31.0185,346210
09-11-2011,30.3365,30.3899,29.7849,29.8027,528839
10-11-2011,30.1704,30.1941,29.4646,29.7019,512644
11-11-2011,29.9806,30.3306,29.8917,30.1467,319728
14-11-2011,29.9213,30.2594,29.6248,29.951,376767
15-11-2011,29.6307,29.8205,29.4172,29.5773,321154
16-11-2011,29.3223,29.8086,29.2867,29.4231,336126
17-11-2011,29.4587,29.4706,28.2725,28.4505,745692
18-11-2011,28.664,28.836,28.32,28.7589,500217
21-11-2011,28.2429,28.492,27.9582,28.4327,389907
22-11-2011,28.3793,28.6936,28.2251,28.5394,572434
23-11-2011,28.1717,28.1717,27.3651,27.6142,563980
25-11-2011,27.3532,27.5727,27.1575,27.2228,282244
28-11-2011,28.1302,28.4801,28.0353,28.1302,515700
29-11-2011,28.2903,28.5987,28.2251,28.5276,322987
30-11-2011,29.4884,30.0459,29.3875,29.8739,672966
01-12-2011,29.9628,30.1586,29.0732,29.4113,705254
02-12-2011,29.6011,29.607,28.4801,28.5216,1111458
05-12-2011,28.83,28.8419,27.9819,28.2014,1102495
06-12-2011,28.2785,28.3378,27.8099,28.1658,631205
07-12-2011,28.2014,28.9249,28.0175,28.7826,798759
08-12-2011,28.5572,28.7945,28.0116,28.0709,689569
09-12-2011,28.2073,28.6758,28.0056,28.5513,646891
12-12-2011,28.2073,28.2488,27.9701,28.1954,632835
13-12-2011,28.1717,28.492,27.6617,27.9819,629473
14-12-2011,27.7684,28.0234,27.4956,27.6142,600546
15-12-2011,27.9819,28.0531,27.721,27.8811,513866
16-12-2011,27.9285,28.2132,27.6735,28.1361,571822
19-12-2011,28.3022,28.3971,27.8277,28.0294,563674
20-12-2011,28.4089,28.658,28.4089,28.492,707903
21-12-2011,28.5691,28.7648,28.32,28.7351,525580
22-12-2011,28.7589,29.3935,28.7589,29.3579,546053
23-12-2011,29.5358,29.7671,29.4231,29.5951,367804
27-12-2011,29.5833,29.6722,29.3875,29.4528,229177
28-12-2011,29.779,29.8442,29.2215,29.3045,451224
29-12-2011,29.3928,29.6325,29.3149,29.5666,419853
30-12-2011,29.5546,29.9501,29.5366,29.8482,424436
03-01-2012,30.3456,30.7351,30.3396,30.5973,622445
04-01-2012,30.4774,30.9089,30.4115,30.7291,416389
05-01-2012,30.5014,30.5014,30.1539,30.3876,473429
06-01-2012,30.2737,30.3935,29.8542,29.9861,478420
09-01-2012,30.01,30.2617,29.7823,30.2018,344479
10-01-2012,30.5553,30.9089,30.5254,30.5673,362915
11-01-2012,30.4894,30.5733,30.2198,30.3456,316061
12-01-2012,30.5194,30.7831,30.3097,30.7411,373406
13-01-2012,30.4415,30.5314,30.01,30.4894,421482
17-01-2012,30.6632,30.7771,30.2917,30.5553,419649
18-01-2012,30.4535,31.2744,30.4535,31.1965,382064
19-01-2012,31.5021,32.0594,31.5021,31.9636,637825
20-01-2012,31.7838,31.9396,31.7179,31.9096,305060
23-01-2012,32.1673,32.6647,32.1254,32.407,521913
24-01-2012,32.0594,32.1493,31.7538,32.0175,370452
25-01-2012,31.9156,32.0295,31.4362,31.9576,348044
26-01-2012,32.1373,32.1433,31.3643,31.5621,441752
27-01-2012,31.2744,31.7299,31.1786,31.3643,388175
30-01-2012,31.0168,31.1007,30.825,31.0467,1583971
31-01-2012,31.3643,31.4183,30.6273,30.7531,1074790
01-02-2012,31.1486,31.2984,30.9988,31.0647,717070
02-02-2012,30.4355,31.0407,30.3935,30.831,1388712
03-02-2012,31.0647,31.3404,30.9628,31.1306,1100254
06-02-2012,30.9269,31.2625,30.831,31.1845,417001
07-02-2012,31.1726,31.3823,30.831,31.3224,407222
08-02-2012,31.3763,31.4482,31.0407,31.3943,388786
09-02-2012,31.3404,31.5381,31.2085,31.4482,664817
10-02-2012,31.2505,31.4123,31.0347,31.2565,488096
13-02-2012,31.5381,31.64,31.2744,31.4722,374119
14-02-2012,31.4782,31.592,31.1606,31.586,498078
15-02-2012,31.7418,31.9576,31.5741,31.6999,491967
16-02-2012,31.6759,32.2692,31.64,32.2452,732858
17-02-2012,32.3531,32.383,32.0055,32.2632,402130
21-02-2012,32.3051,32.8325,32.0594,32.5628,612361
22-02-2012,32.5149,32.5388,32.1314,32.1733,463549
23-02-2012,32.0954,32.2572,31.9336,32.1373,282856
24-02-2012,32.1074,32.383,31.9696,32.0594,366683
27-02-2012,31.9636,32.2272,31.7598,32.0475,370452
28-02-2012,32.1493,32.383,32.0894,32.2512,371878
29-02-2012,32.5508,32.7306,32.2752,32.3111,891448
01-03-2012,32.5868,32.8624,32.5688,32.7066,578443
02-03-2012,32.7486,32.8385,32.5089,32.5388,573452
05-03-2012,32.425,32.425,32.0415,32.401,498995
06-03-2012,31.9156,32.0894,31.598,31.7179,585879
07-03-2012,31.7898,31.8018,31.2864,31.592,540247
08-03-2012,32.0295,32.4549,31.8377,32.2991,399583
09-03-2012,32.377,32.5568,32.3291,32.413,615315
12-03-2012,32.3591,32.5328,32.2512,32.5089,1569303
13-03-2012,32.6467,32.8325,32.5508,32.8085,1778109
14-03-2012,32.8684,33.0362,32.5688,32.7306,743451
15-03-2012,32.7006,33.4976,32.6767,33.4257,807518
16-03-2012,33.5456,33.8991,33.5216,33.7853,752720
19-03-2012,33.7313,34.1268,33.6175,33.9411,903060
20-03-2012,33.6474,33.7313,33.2519,33.6834,784397
21-03-2012,33.7193,33.7193,33.2639,33.5635,681013
22-03-2012,33.228,33.5276,33.1261,33.3538,504801
23-03-2012,33.3059,33.7793,33.1441,33.6774,358127
26-03-2012,34.0609,34.4564,33.995,34.3485,535562
27-03-2012,34.3665,34.4984,34.2287,34.2467,385425
28-03-2012,34.2886,34.3725,33.8572,34.2107,391638
29-03-2012,34.0369,34.1868,33.6714,33.965,1340432
30-03-2012,34.1048,34.2137,33.8083,33.9112,517635
02-04-2012,33.7417,34.3287,33.6146,34.2682,467929
03-04-2012,34.0806,34.0866,33.7175,33.893,465281
04-04-2012,33.4573,33.8022,33.2637,33.6933,681929
05-04-2012,33.6752,33.7115,33.3787,33.6752,369535
09-04-2012,33.2697,33.5541,33.1003,33.4331,645974
10-04-2012,33.2818,33.3787,32.5617,32.7675,583536
11-04-2012,32.9188,33.2092,32.8946,33.0882,472818
12-04-2012,33.3181,33.7538,33.2455,33.6752,424334
13-04-2012,33.4815,33.542,32.7796,32.8038,503273
16-04-2012,32.9309,33.185,32.7493,33.0458,514579
17-04-2012,33.6086,33.887,33.3726,33.6691,398565
18-04-2012,33.651,34.0685,33.5723,33.8143,412315
19-04-2012,33.8143,33.8567,33.3242,33.4573,486670
20-04-2012,33.6812,33.772,33.3181,33.3968,352220
23-04-2012,33.0337,33.1971,32.6525,33.1184,534543
24-04-2012,33.1548,33.3908,33.0398,33.1548,332867
25-04-2012,33.4331,33.5118,33.2213,33.4271,388073
26-04-2012,33.3181,33.5541,33.0882,33.2092,495939
27-04-2012,33.3544,33.6207,33.2032,33.6207,440529
30-04-2012,33.4089,33.5844,33.0942,33.5602,321867
01-05-2012,33.5965,33.7115,33.2092,33.3787,327978
02-05-2012,33.1427,33.306,32.8219,33.1427,343358
03-05-2012,33.2092,33.306,32.5557,32.6101,543303
04-05-2012,32.4044,32.4589,31.7569,32.0958,779813
07-05-2012,31.9021,32.6646,31.89,32.6283,574471
08-05-2012,32.3439,32.4891,31.7872,32.1079,618269
09-05-2012,31.7509,32.1018,31.4665,31.8053,632325
10-05-2012,32.0655,32.2471,31.7811,31.9324,430140
11-05-2012,31.9506,32.3499,31.769,31.9929,350692
14-05-2012,31.7811,31.89,31.533,31.6904,591481
15-05-2012,31.6419,31.7267,31.4846,31.6419,526802
16-05-2012,31.648,31.763,31.2849,31.3696,522218
17-05-2012,31.2849,31.3152,30.6556,30.7101,647909
18-05-2012,30.8311,30.8492,30.1957,30.3107,622241
21-05-2012,30.3591,30.8069,30.3228,30.7887,208398
22-05-2012,30.7766,30.9218,30.3893,30.5709,630390
23-05-2012,30.3954,30.6314,29.8992,30.5467,627436
24-05-2012,30.6011,30.6495,29.8931,30.2986,781851
25-05-2012,30.1231,30.1231,29.6692,29.9476,1027630
29-05-2012,30.4559,30.9521,30.4498,30.7645,1206694
30-05-2012,30.4922,30.7827,30.2683,30.6314,538515
31-05-2012,30.7524,31.1215,30.3591,30.8976,1053807
01-06-2012,30.4983,30.7161,29.8205,29.9294,806907
04-06-2012,29.9536,30.0505,29.3183,29.8387,655243
05-06-2012,29.7903,30.3046,29.7842,30.1654,501236
06-06-2012,30.3893,30.7403,30.3591,30.7403,477911
07-06-2012,31.1518,31.2849,30.9037,31.0852,546969
08-06-2012,30.825,30.9642,30.4801,30.6314,529858
11-06-2012,30.9279,30.9824,30.111,30.1836,666243
12-06-2012,30.3833,30.6193,30.1473,30.4014,713301
13-06-2012,30.2441,30.8916,30.2139,30.5346,573147
14-06-2012,30.6314,30.7827,30.462,30.7161,448474
15-06-2012,30.7766,30.9824,30.6193,30.8129,715440
18-06-2012,30.704,30.9097,30.3954,30.4741,565915
19-06-2012,30.7161,31.5633,30.6737,31.5391,619899
20-06-2012,31.654,31.763,31.2002,31.6238,549007
21-06-2012,31.4241,31.7388,30.7282,30.8311,608796
22-06-2012,30.8795,31.4059,30.819,31.2547,528635
25-06-2012,31.0066,31.055,30.583,30.8371,467623
26-06-2012,30.8916,31.0852,30.5709,31.0429,445520
27-06-2012,31.0792,31.2789,30.8613,31.2668,420056
28-06-2012,31.3224,31.3958,30.9371,31.2123,717070
29-06-2012,32.0728,32.079,31.7267,32.0048,575082
02-07-2012,31.9554,31.9863,31.7576,31.9616,175397
03-07-2012,32.2273,32.7464,32.0543,32.7217,427492
05-07-2012,32.7711,32.9503,32.629,32.8082,577425
06-07-2012,32.5734,32.5981,31.9986,32.0975,375545
09-07-2012,32.0295,32.1531,31.7576,32.0975,328895
10-07-2012,32.1902,32.4189,31.4857,31.7576,469253
11-07-2012,31.7762,32.2087,31.6835,32.1222,518144
12-07-2012,31.8874,31.8998,31.5475,31.7823,426371
13-07-2012,31.9368,32.0913,31.6773,31.8194,462123
16-07-2012,31.7329,31.8194,31.5352,31.7144,363730
17-07-2012,31.8689,31.9245,31.5599,31.7823,468846
18-07-2012,31.77,32.1222,31.7082,31.9492,284485
19-07-2012,32.1469,32.3262,32.0975,32.2396,406102
20-07-2012,31.9863,32.0481,31.7576,31.8194,359859
23-07-2012,31.3065,31.3745,30.8307,31.2447,516005
24-07-2012,31.2015,31.3065,30.7133,30.9728,369841
25-07-2012,31.0655,31.0655,30.5958,30.7936,633547
26-07-2012,31.2076,31.4919,31.0408,31.3745,455706
27-07-2012,31.7453,32.2149,31.6031,31.9925,642002
30-07-2012,32.0481,32.2582,32.0172,32.1593,392962
31-07-2012,32.2644,32.4498,32.1469,32.252,592601
01-08-2012,32.3509,32.4745,31.9307,31.9616,717375
02-08-2012,31.8009,31.9368,31.4301,31.529,666956
03-08-2012,32.0481,32.2767,31.9492,32.0234,637112
06-08-2012,32.1346,32.2767,32.0048,32.0357,160322
07-08-2012,32.629,32.7278,32.2396,32.6537,520792
08-08-2012,32.6722,32.6908,32.2458,32.32,534237
09-08-2012,32.3262,32.5116,32.2705,32.3941,245372
10-08-2012,32.0666,32.4992,32.0172,32.4621,378295
13-08-2012,32.3818,32.4498,31.943,32.2829,421686
14-08-2012,32.4498,32.6042,32.2953,32.4374,325635
15-08-2012,32.4745,32.7402,32.3818,32.7031,870364
16-08-2012,32.7587,33.0554,32.6228,33.0059,664817
17-08-2012,33.0121,33.284,32.975,33.284,368721
20-08-2012,33.2778,33.3891,33.043,33.2778,333173
21-08-2012,33.4447,33.6486,33.2902,33.2902,359350
22-08-2012,33.1172,33.1419,32.8638,32.9009,623566
23-08-2012,32.8576,32.8576,32.5919,32.6475,437168
24-08-2012,32.666,32.8823,32.666,32.7402,601870
27-08-2012,32.8947,33.1233,32.8082,32.9627,441548
28-08-2012,33.4941,33.6301,33.0183,33.0368,590157
29-08-2012,33.1542,33.5065,33.1172,33.4694,947673
30-08-2012,32.6722,32.7711,32.4003,32.561,869956
31-08-2012,32.7526,32.9256,32.5548,32.7711,658299
04-09-2012,32.7711,32.8144,32.5301,32.7587,569582
05-09-2012,32.629,32.7773,31.9801,32.6908,463549
06-09-2012,32.9627,33.3273,32.9627,33.2531,436251
07-09-2012,33.3335,33.4138,33.2531,33.352,419547
10-09-2012,33.3087,33.525,33.3087,33.4076,389703
11-09-2012,33.5992,33.7104,33.5436,33.6486,394185
12-09-2012,33.6981,33.834,33.6672,33.6857,349368
13-09-2012,33.7166,34.1986,33.5312,34.075,468234
14-09-2012,34.2975,34.4829,34.0997,34.1183,477401
17-09-2012,34.1554,34.2975,33.9267,33.9947,342442
18-09-2012,33.9638,34.0132,33.7908,33.8896,311375
19-09-2012,33.9391,34.0565,33.8587,33.9391,258410
20-09-2012,33.7475,33.8649,33.488,33.8464,314227
21-09-2012,33.9267,34.1615,33.902,34.1306,507653
24-09-2012,33.9947,34.3099,33.7599,34.1924,489319
25-09-2012,34.3346,34.5818,34.0936,34.1245,556544
26-09-2012,34.0256,34.1121,33.8402,33.8835,435946
27-09-2012,34.0997,34.6745,34.0379,34.52,655141
28-09-2012,34.4104,34.4292,33.9858,34.2356,615519
01-10-2012,34.4104,34.6665,34.1481,34.2793,403148
02-10-2012,34.4729,34.5041,34.1169,34.2106,296097
03-10-2012,34.2168,34.2543,34.017,34.0545,273892
04-10-2012,34.2606,34.5728,34.2293,34.4979,250974
05-10-2012,34.7976,34.8663,34.4104,34.5104,335617
08-10-2012,34.3979,34.4979,34.298,34.4167,136895
09-10-2012,34.5353,34.5603,34.1794,34.298,281226
10-10-2012,34.1856,34.2606,33.8858,33.967,339386
11-10-2012,34.2481,34.298,34.0732,34.1294,262382
12-10-2012,34.0357,34.1481,33.7485,33.8858,264725
15-10-2012,34.0295,34.3168,33.9608,34.0794,393981
16-10-2012,34.1544,34.3105,34.042,34.1981,382675
17-10-2012,34.3792,34.6665,34.3355,34.6665,344479
18-10-2012,34.5791,34.7227,34.4104,34.5603,296912
19-10-2012,34.3417,34.3667,33.9421,34.1169,404880
22-10-2012,34.0045,34.0607,33.8047,34.0607,409463
23-10-2012,33.9171,33.9171,33.5236,33.7235,439511
24-10-2012,33.9608,33.9608,33.5236,33.636,390925
25-10-2012,33.8359,33.9983,33.6298,33.7485,325024
26-10-2012,33.6735,33.8047,33.6048,33.6236,322580
31-10-2012,33.8609,34.1357,33.8234,33.9608,380128
01-11-2012,33.9983,34.373,33.8796,34.2418,297930
02-11-2012,34.4479,34.4666,34.0794,34.2606,357211
05-11-2012,34.1731,34.3979,33.9983,34.1419,387055
06-11-2012,34.2293,34.3605,34.1169,34.2606,205139
07-11-2012,34.1481,34.1669,33.6923,33.7672,368924
08-11-2012,33.7734,33.8296,33.3363,33.3862,366582
09-11-2012,33.3175,33.7859,33.2489,33.5424,399379
12-11-2012,33.7734,33.8796,33.686,33.736,199333
13-11-2012,33.4987,33.7922,33.43,33.5736,217056
14-11-2012,33.6111,33.6111,33.049,33.1115,431362
15-11-2012,33.1052,33.2301,32.693,32.9241,379212
16-11-2012,32.9553,33.1239,32.5931,33.049,416491
19-11-2012,33.5236,33.5736,33.3488,33.4924,335312
20-11-2012,33.5111,33.711,33.3363,33.6798,335719
21-11-2012,33.6548,34.0045,33.5923,34.0045,251178
23-11-2012,34.1981,34.4042,34.0545,34.3168,155127
26-11-2012,34.2106,34.348,34.1357,34.3168,255354
27-11-2012,34.4292,34.5041,34.1794,34.2043,199639
28-11-2012,34.0357,34.4604,33.967,34.4417,262382
29-11-2012,34.5416,34.7914,34.5041,34.7477,270735
30-11-2012,34.7664,35.0599,34.6852,34.8101,1757534
03-12-2012,35.1161,35.1911,34.6915,34.9163,333580
04-12-2012,34.9662,35.1474,34.9038,35.0787,460391
05-12-2012,35.1661,35.3222,35.0412,35.1723,296708
06-12-2012,35.241,35.2847,34.8164,35.0162,349673
07-12-2012,35.2285,35.3534,35.01,35.01,426168
10-12-2012,35.2348,35.4783,35.2223,35.4221,288865
11-12-2012,35.4971,35.8156,35.4346,35.7781,452243
12-12-2012,35.7656,36.1278,35.7157,36.0529,440020
13-12-2012,36.0154,36.0966,35.8843,36.0279,252910
14-12-2012,36.0029,36.0966,35.8218,35.8593,244048
17-12-2012,36.0029,36.1403,35.7968,35.9655,341525
18-12-2012,35.9405,36.4588,35.903,36.3589,385832
19-12-2012,36.3589,36.8086,36.259,36.5962,2431213
20-12-2012,36.6025,36.7024,36.3402,36.7024,365257
21-12-2012,36.5088,36.6961,36.2402,36.59,376156
24-12-2012,36.6274,36.921,36.615,36.7523,245882
26-12-2012,36.7523,36.846,36.4526,36.54,283670
27-12-2012,36.6399,36.9584,36.5525,36.7336,412213
28-12-2012,36.6205,36.6647,36.2862,36.3304,339182
31-12-2012,36.3177,36.6079,36.179,36.507,480253
02-01-2013,37.2386,37.3269,36.6962,36.8223,464262
03-01-2013,36.8602,36.9359,36.4124,36.6142,462734
04-01-2013,36.671,36.898,36.6583,36.8223,323598
07-01-2013,36.7719,36.9422,36.488,36.8854,2449853
08-01-2013,36.8854,37.0305,36.6899,36.9233,364137
09-01-2013,36.9737,36.9989,36.589,36.7971,591888
10-01-2013,36.8854,37.0683,36.7151,36.8539,351914
11-01-2013,36.9926,37.0431,36.7214,36.9106,297727
14-01-2013,36.9485,36.9611,36.671,36.9422,267883
15-01-2013,36.7403,36.9737,36.6773,36.9737,253012
16-01-2013,36.7656,36.8034,36.6457,36.7403,218686
17-01-2013,36.8097,36.8097,36.6647,36.7403,259938
18-01-2013,36.6205,36.9296,36.5827,36.8097,255558
22-01-2013,37.0746,37.1251,36.7971,37.1251,345803
23-01-2013,37.0242,37.0809,36.6205,36.7466,319116
24-01-2013,36.6836,36.816,36.6583,36.816,361285
25-01-2013,36.753,36.8413,36.5637,36.6647,296097
28-01-2013,36.7214,37.0746,36.6142,36.9548,365461
29-01-2013,36.9485,37.2197,36.9043,37.0936,268799
30-01-2013,37.0368,37.144,36.9359,37.0872,259225
31-01-2013,37.0179,37.2449,36.7908,37.1314,436251
01-02-2013,37.1692,37.3143,37.1062,37.2575,255252
04-02-2013,37.1188,37.2008,36.8854,37.0179,310866
05-02-2013,37.0116,37.1819,36.9611,37.0936,227955
06-02-2013,37.0305,37.4468,37.0305,37.2891,330728
07-02-2013,37.2891,37.4026,37.0179,37.1503,235798
08-02-2013,37.0242,37.2891,36.9863,37.0746,231112
11-02-2013,36.9043,37.0116,36.7845,36.9485,229890
12-02-2013,36.9233,37.0936,36.8223,36.835,315857
13-02-2013,36.9422,37.062,36.8665,37.0305,188944
14-02-2013,36.9737,37.0431,36.7593,37.0116,270225
15-02-2013,36.816,36.9043,36.6331,36.671,281531
19-02-2013,36.6331,36.9169,36.5827,36.8854,250363
20-02-2013,36.8097,37.2828,36.7719,37.1629,635992
21-02-2013,37.0872,37.2954,36.8413,37.0872,455604
22-02-2013,36.9043,37.3395,36.8097,37.2891,282143
25-02-2013,37.3332,37.5729,36.9106,36.9296,369841
26-02-2013,37.0116,37.2575,36.8097,37.2008,369637
27-02-2013,37.062,37.3648,36.8413,37.3585,346618
28-02-2013,37.2197,37.5918,37.1251,37.4909,630594
01-03-2013,37.472,37.6801,37.2828,37.5414,364748
04-03-2013,37.4972,37.5729,37.1503,37.3585,413537
05-03-2013,37.7432,37.9892,37.5918,37.6234,480152
06-03-2013,37.7621,37.9135,37.3017,37.3585,659012
07-03-2013,37.4783,37.5098,37.0999,37.226,395305
08-03-2013,37.472,37.5351,36.9043,37.226,364748
11-03-2013,37.2134,37.3395,37.1251,37.2386,363628
12-03-2013,37.2765,37.4531,37.0746,37.3017,1658937
13-03-2013,37.3017,37.3206,36.5953,36.8854,795194
14-03-2013,36.9233,37.1566,36.57,37.1251,585064
15-03-2013,37.1692,37.4026,37.0116,37.3269,659113
18-03-2013,37.0431,37.1125,36.8665,36.8854,397546
19-03-2013,36.8097,36.9233,36.5448,36.6394,514274
20-03-2013,36.8223,36.8476,36.3367,36.6205,617963
21-03-2013,36.6205,36.6331,36.1979,36.3808,452447
22-03-2013,36.4313,36.8665,36.3871,36.6647,375036
25-03-2013,36.9106,36.98,36.57,36.7214,422093
26-03-2013,36.9863,37.0872,36.8539,36.9548,424844
27-03-2013,36.9737,36.9737,36.6457,36.8476,425353
28-03-2013,36.8117,37.1557,36.5058,37.1238,759646
01-04-2013,37.0219,37.1557,36.8626,36.9518,301801
02-04-2013,37.0792,37.1621,36.9582,37.0983,289476
03-04-2013,37.1302,37.1557,36.3466,36.4485,481272
04-04-2013,36.4676,36.5058,36.0089,36.3147,525376
05-04-2013,35.6776,35.8433,35.187,35.6585,649743
08-04-2013,35.6266,35.7541,35.2699,35.7541,497569
09-04-2013,35.9261,36.2765,35.7541,35.9643,421686
10-04-2013,36.2191,36.8371,36.1108,36.646,504903
11-04-2013,36.8499,36.8945,36.4103,36.4931,343358
12-04-2013,36.3784,36.5632,36.1554,36.2892,299764
15-04-2013,36.0216,36.1554,35.3145,35.3336,465179
16-04-2013,35.633,36.0408,35.4164,35.9898,399787
17-04-2013,35.7222,35.8369,35.2253,35.3208,531997
18-04-2013,35.5757,35.6139,35.1552,35.2762,393166
19-04-2013,35.1934,35.3782,35.066,35.3463,514579
22-04-2013,35.4929,35.5056,35.1743,35.2125,434214
23-04-2013,35.3909,35.4546,35.0851,35.1679,577119
24-04-2013,35.2508,35.41,34.9577,35.3782,598814
25-04-2013,35.5884,35.6075,35.3782,35.5311,404065
26-04-2013,35.4419,35.8433,35.3845,35.6585,401213
29-04-2013,35.8687,36.3147,35.7095,36.2191,422806
30-04-2013,36.2956,36.8562,35.9579,36.7225,804463
01-05-2013,36.7543,36.8562,36.3402,36.5504,402130
02-05-2013,36.5759,37.1621,36.4931,36.9964,477096
03-05-2013,37.1875,37.2449,36.9072,36.9454,293652
06-05-2013,37.0601,37.1684,36.9008,37.1111,334497
07-05-2013,37.1939,37.5571,37.1812,37.436,337043
08-05-2013,37.487,37.7354,37.3978,37.7227,366276
09-05-2013,37.7163,37.831,37.2067,37.3213,407528
10-05-2013,37.2321,37.2831,36.9646,37.213,332154
13-05-2013,37.3022,37.385,36.9582,37.1748,438390
14-05-2013,37.1111,37.1748,36.7607,36.7671,543710
15-05-2013,36.7288,36.8371,36.1873,36.4421,909986
16-05-2013,36.525,36.8817,36.3784,36.4995,374628
17-05-2013,35.9516,36.4612,35.8496,36.3657,689670
20-05-2013,36.3784,36.6269,36.2637,36.6205,247817
21-05-2013,36.525,37.213,36.4166,37.0283,456623
22-05-2013,36.9837,37.2067,36.3848,36.5313,537701
23-05-2013,36.3784,36.7161,36.2829,36.6269,475466
24-05-2013,36.3593,36.6205,36.3338,36.6205,276031
28-05-2013,36.6715,36.6715,36.2446,36.5313,509996
29-05-2013,36.3402,36.4995,35.9898,36.4867,1339515
30-05-2013,36.474,36.6651,36.3721,36.6333,626214
31-05-2013,36.5186,36.5377,36.1427,36.1427,956942
03-06-2013,36.3529,36.5377,36.1491,36.3975,746405
04-06-2013,36.2128,36.4166,36.0025,36.1554,446539
05-06-2013,36.1108,36.1491,35.5502,35.6458,544729
06-06-2013,35.684,36.0344,35.3081,35.7222,572230
07-06-2013,35.9516,35.977,35.582,35.7477,549108
10-06-2013,35.7987,36.0025,35.5948,35.8815,673679
11-06-2013,35.5183,35.9006,35.2699,35.5566,449085
12-06-2013,35.7795,35.8624,35.1552,35.2316,503273
13-06-2013,35.3336,35.9707,35.187,35.856,432381
14-06-2013,35.805,35.9006,35.4291,35.582,395509
17-06-2013,35.7923,36.0408,35.7604,35.8241,375138
18-06-2013,35.7031,35.9579,35.6394,35.856,390925
19-06-2013,35.8241,35.8241,35.0851,35.289,1800823
20-06-2013,34.7666,34.7793,33.9893,34.0339,1220954
21-06-2013,33.8237,34.0976,33.6134,34.0275,744775
24-06-2013,33.537,34.1358,33.2757,33.8045,694152
25-06-2013,33.8874,34.0275,33.6325,33.9065,529858
26-06-2013,34.1358,34.2505,34.0275,34.1677,407120
27-06-2013,34.651,34.8056,34.374,34.7347,575795
28-06-2013,34.6451,35.0228,34.567,34.8665,683763
01-07-2013,34.9967,35.0553,34.6516,34.6972,238650
02-07-2013,34.5996,34.7623,34.4238,34.5279,1132950
03-07-2013,34.4824,34.5084,34.1373,34.2414,380740
05-07-2013,34.3586,34.3782,33.8899,34.1828,1274021
08-07-2013,34.3196,34.4954,34.1242,34.2675,461817
09-07-2013,34.4889,34.5605,34.1568,34.5475,394083
10-07-2013,34.6386,34.7363,34.3782,34.5214,682948
11-07-2013,35.0228,35.7064,34.9121,35.6869,1481503
12-07-2013,35.7976,35.9083,35.5697,35.739,1148534
15-07-2013,35.8497,35.9669,35.739,35.778,882892
16-07-2013,35.9148,35.9148,35.7129,35.8692,714523
17-07-2013,35.9473,36.3836,35.8562,36.2859,1240510
18-07-2013,36.3836,36.924,36.3836,36.8914,848057
19-07-2013,36.8784,37.1584,36.8719,37.0737,657178
22-07-2013,37.0933,37.2105,36.937,37.0803,797740
23-07-2013,37.1584,37.243,36.8654,36.9045,575591
24-07-2013,37.0477,37.0477,36.7156,36.8133,396120
25-07-2013,36.8198,37.0086,36.7873,36.9631,400500
26-07-2013,36.8263,37.0021,36.7677,37.0021,373202
29-07-2013,36.8914,37.3798,36.8393,37.2691,522829
30-07-2013,37.3016,37.4253,37.0477,37.1323,582619
31-07-2013,37.2886,37.3016,36.6766,36.7221,548294
01-08-2013,36.8459,36.95,36.312,36.5073,664104
02-08-2013,36.3445,36.7352,36.2664,36.5333,423519
05-08-2013,36.4617,36.631,36.4031,36.5203,207584
06-08-2013,36.5463,36.5724,36.0906,36.2403,506329
07-08-2013,35.9994,36.1622,35.9343,36.019,368619
08-08-2013,36.0776,36.7221,36.071,36.6049,398870
09-08-2013,36.5398,36.8328,36.4747,36.7677,513357
12-08-2013,36.5919,36.7677,36.4812,36.6049,1445548
13-08-2013,36.5398,36.8393,36.4812,36.8003,319320
14-08-2013,36.8914,36.8914,36.6115,36.7612,319931
15-08-2013,36.5724,36.7547,36.2989,36.7287,442363
16-08-2013,36.5203,36.911,36.5073,36.7156,313922
19-08-2013,36.6896,36.6896,36.4422,36.5854,280615
20-08-2013,36.4226,36.8068,36.3706,36.5789,276031
21-08-2013,36.4161,36.5333,36.1101,36.2078,355989
22-08-2013,36.1557,36.4291,36.058,36.2078,319728
23-08-2013,36.2534,36.4747,36.1362,36.3771,358942
26-08-2013,36.4877,36.5463,36.3445,36.3966,461919
27-08-2013,36.2534,36.2664,35.6478,35.8497,564692
28-08-2013,35.8366,35.9538,35.5957,35.8822,358535
29-08-2013,35.9408,36.2143,35.9148,36.0255,342034
30-08-2013,36.0515,36.4161,36.0059,36.1362,532200
03-09-2013,36.3901,36.5073,36.1166,36.2208,401926
04-09-2013,36.2468,36.4877,36.1036,36.338,296606
05-09-2013,36.4877,37.1193,36.4812,37.0542,599018
06-09-2013,37.4904,37.6597,37.243,37.549,520385
09-09-2013,37.7053,37.7769,37.4904,37.6272,291717
10-09-2013,37.7965,37.8095,37.4774,37.7574,352933
11-09-2013,37.6988,37.8876,37.6076,37.8746,231011
12-09-2013,37.7769,37.803,37.2951,37.4774,407019
13-09-2013,37.4839,37.5556,37.2626,37.3342,522015
16-09-2013,37.6467,37.9137,37.6467,37.7118,407732
17-09-2013,37.7639,37.9202,37.7314,37.7965,343256
18-09-2013,37.7574,38.1546,37.6337,38.0374,403759
19-09-2013,38.122,38.122,37.7248,37.7965,423519
20-09-2013,37.8616,37.8616,37.4514,37.4839,395203
23-09-2013,37.5425,37.7118,37.4384,37.6597,358433
24-09-2013,37.6532,37.803,37.6076,37.7248,269410
25-09-2013,37.7444,37.9267,37.549,37.6337,262892
26-09-2013,37.7053,37.8225,37.6402,37.7118,396120
27-09-2013,37.6586,37.8034,37.573,37.7639,295078
30-09-2013,37.5796,38.0469,37.4414,37.7178,535154
01-10-2013,37.7047,37.9745,37.6849,37.8758,312496
02-10-2013,37.6323,37.7376,37.5665,37.6849,279392
03-10-2013,37.6981,37.9153,37.5138,37.6323,412621
04-10-2013,37.5928,37.731,37.4546,37.7178,209417
07-10-2013,37.3954,37.7573,37.3493,37.606,464364
08-10-2013,37.573,37.6718,37.2045,37.3427,309236
09-10-2013,37.29,37.5665,37.2374,37.3427,295689
10-10-2013,37.5796,37.9482,37.5138,37.8231,376665
11-10-2013,37.9482,38.1325,37.9153,38.0601,224288
14-10-2013,38.0206,38.1983,37.9219,38.1061,141886
15-10-2013,38.1259,38.1259,37.8034,38.0667,324413
16-10-2013,38.1127,38.3497,38.0206,38.297,346720
17-10-2013,38.3431,38.9551,38.297,38.9025,521505
18-10-2013,39.0407,39.6528,38.9815,39.3303,659317
21-10-2013,39.3763,39.7449,39.2447,39.6199,554303
22-10-2013,39.8173,40.1069,39.8173,39.9884,508773
23-10-2013,39.8173,39.995,39.2842,39.3895,638946
24-10-2013,39.3105,39.4553,39.1723,39.2052,367498
25-10-2013,39.0802,39.3895,39.0144,39.2842,274300
28-10-2013,39.508,39.7186,39.35,39.6133,393370
29-10-2013,39.7844,40.1661,39.7449,39.9358,417102
30-10-2013,40.1661,40.1793,39.712,39.8568,286217
31-10-2013,40.0279,40.4228,39.995,39.995,338164
01-11-2013,40.1398,40.3636,40.0937,40.1924,296912
04-11-2013,40.2977,40.3965,39.9884,40.0476,200963
05-11-2013,39.9489,40.0147,39.5738,39.995,475568
06-11-2013,40.199,40.4162,40.1069,40.3504,480966
07-11-2013,40.4557,40.4952,39.995,40.074,510403
08-11-2013,39.9489,40.4754,39.9489,40.3636,592601
11-11-2013,40.3965,40.5873,40.2385,40.4623,494615
12-11-2013,40.403,40.5412,40.3372,40.4162,642307
13-11-2013,40.2451,40.8835,40.2056,40.8308,450002
14-11-2013,40.9032,41.2652,40.64,41.206,493495
15-11-2013,41.2257,41.4034,41.2257,41.3639,293754
18-11-2013,41.5021,41.7917,41.4034,41.6338,321154
19-11-2013,41.5548,41.5943,41.3837,41.4626,307810
20-11-2013,41.6206,41.7193,41.3968,41.6864,567341
21-11-2013,41.5811,41.7325,41.2191,41.2389,415473
22-11-2013,41.2125,41.4758,41.1533,41.4166,205037
25-11-2013,41.3771,41.614,41.3639,41.4758,221742
26-11-2013,41.4692,41.489,40.686,40.8769,902143
27-11-2013,40.6795,40.8835,40.5676,40.6268,340812
29-11-2013,40.5544,40.8966,40.4096,40.5215,223168
02-12-2013,40.3109,40.5873,40.1464,40.4096,524867
03-12-2013,40.1727,40.2056,39.2974,39.6462,634770
04-12-2013,39.3829,39.4685,38.9815,39.2316,610630
05-12-2013,38.9683,39.2513,38.6524,39.2118,841742
06-12-2013,38.9749,39.6396,38.8564,39.5146,730820
09-12-2013,39.6001,39.9884,39.6001,39.7844,510709
10-12-2013,39.8239,39.8239,39.4487,39.5935,349266
11-12-2013,39.5409,39.6264,39.0407,39.2645,450002
12-12-2013,38.9946,39.2645,38.738,38.9486,483004
13-12-2013,38.942,39.1723,38.7116,39.0802,341627
16-12-2013,39.3039,39.5804,39.2513,39.3763,354257
17-12-2013,39.4356,39.554,39.2316,39.2908,377175
18-12-2013,39.2908,39.7581,39.1657,39.508,471392
19-12-2013,39.4948,39.6725,39.4027,39.6264,512848
20-12-2013,39.6067,40.1069,39.6001,40.0674,449085
23-12-2013,40.4491,40.6071,40.2846,40.4623,392351
24-12-2013,40.4886,40.7321,40.4689,40.6136,223066
26-12-2013,40.7387,40.7453,40.482,40.6465,156961
27-12-2013,40.6465,40.7387,40.4623,40.5742,328182
30-12-2013,40.5478,40.9361,40.482,40.9164,237020
31-12-2013,41.0348,41.2455,41.0348,41.1665,206259
02-01-2014,41.1665,41.2981,40.765,40.7913,433705
03-01-2014,40.8516,40.9844,40.5659,40.8582,357618
06-01-2014,40.7519,40.7652,40.1806,40.3599,435233
07-01-2014,40.2669,40.4065,39.7753,39.7886,557766
08-01-2014,39.7089,39.7554,39.4166,39.6159,550738
09-01-2014,39.5295,39.6889,39.2305,39.4963,451122
10-01-2014,39.3501,39.3568,39.0711,39.2638,360266
13-01-2014,39.3169,39.4763,39.2239,39.3302,545034
14-01-2014,39.2438,39.2638,38.6459,38.6858,500625
15-01-2014,38.7788,38.9116,38.5529,38.6791,369230
16-01-2014,38.8253,38.8253,38.5662,38.6791,417001
17-01-2014,38.5595,38.7323,38.4665,38.6592,381860
21-01-2014,39.4033,39.7288,39.1907,39.204,622140
22-01-2014,39.2505,39.2638,38.606,38.719,527922
23-01-2014,38.4067,38.533,38.1609,38.4665,417408
24-01-2014,38.3137,38.4665,37.7822,37.7955,518755
27-01-2014,37.6959,37.8553,36.5465,36.8721,1215556
28-01-2014,36.8056,36.9916,36.4004,36.8721,668688
29-01-2014,36.7591,36.8255,36.314,36.4668,719311
30-01-2014,36.6927,36.8189,36.5465,36.7458,612259
31-01-2014,36.2808,36.5266,35.8954,36.4336,518857
03-02-2014,36.6063,36.6727,35.9885,36.2143,682439
04-02-2014,36.3206,36.5266,36.0482,36.1147,508264
05-02-2014,36.0748,36.6196,35.8356,36.5133,691809
06-02-2014,36.5797,37.3969,36.4469,37.2242,712079
07-02-2014,37.5298,37.6028,37.0979,37.1511,481068
10-02-2014,37.171,37.2242,36.8189,37.0846,473123
11-02-2014,37.1312,37.6361,37.1046,37.4168,401824
12-02-2014,37.6693,37.8819,37.5896,37.6494,390823
13-02-2014,37.6095,38.2473,37.5364,38.2207,416389
14-02-2014,38.2008,38.5462,38.0745,38.2805,348655
18-02-2014,38.4997,38.626,38.2938,38.4399,388990
19-02-2014,38.1676,38.3669,38.0945,38.1742,442159
20-02-2014,38.2074,38.3602,38.1078,38.2406,330423
21-02-2014,38.0679,38.1742,37.7955,37.8022,373712
24-02-2014,38.0214,38.234,38.0148,38.1211,415982
25-02-2014,38.1476,38.234,37.9749,38.0347,274503
26-02-2014,38.048,38.1277,37.842,37.8619,238242
27-02-2014,37.9151,38.048,37.7689,37.9417,545645
28-02-2014,38.1476,38.3802,38.0015,38.0214,642918
03-03-2014,37.6028,37.9018,37.45,37.7822,533932
04-03-2014,37.9749,38.1144,37.5165,37.7889,658095
05-03-2014,38.0347,38.3602,37.8287,38.3204,385221
06-03-2014,38.5396,38.719,38.5064,38.5462,276235
07-03-2014,38.3536,38.3868,38.0347,38.1078,322987
10-03-2014,38.048,38.3802,37.9815,38.327,300477
11-03-2014,38.327,38.8452,38.2008,38.7655,555424
12-03-2014,38.5396,38.9382,38.4798,38.9249,348553
13-03-2014,39.1575,39.184,38.6127,38.8186,432177
14-03-2014,38.6525,38.7455,38.4399,38.5197,312903
17-03-2014,38.6658,38.8186,38.606,38.7123,227446
18-03-2014,38.7588,38.9847,38.626,38.6858,423010
19-03-2014,38.5994,38.6193,38.0347,38.1875,484328
20-03-2014,38.1742,38.327,37.9882,38.2871,390110
21-03-2014,38.3934,38.5595,38.3137,38.4997,414352
24-03-2014,38.5462,38.7057,38.3071,38.533,357822
25-03-2014,38.6858,38.7123,38.4931,38.6193,359655
26-03-2014,38.6459,38.7854,38.5662,38.7389,290902
27-03-2014,38.8186,38.8452,38.4665,38.6725,368721
28-03-2014,38.6992,38.7932,38.5315,38.612,292837
31-03-2014,38.7999,39.1153,38.7932,38.9341,365461
01-04-2014,39.0146,39.4709,38.9609,39.377,375647
02-04-2014,39.3501,39.538,39.2293,39.4374,461206
03-04-2014,39.5112,39.5582,39.3032,39.4307,176619
04-04-2014,39.6991,39.7729,39.5447,39.6521,392046
07-04-2014,39.4843,39.5783,39.3904,39.5045,395305
08-04-2014,39.6521,39.9474,39.5447,39.8601,341423
09-04-2014,39.7997,40.0883,39.7997,40.048,214408
10-04-2014,39.8668,39.8803,39.3971,39.424,278170
11-04-2014,39.2897,39.4508,39.122,39.2629,218380
14-04-2014,39.3636,39.4642,39.1824,39.4172,166841
15-04-2014,39.2293,39.5447,39.2025,39.5112,213593
16-04-2014,39.5515,39.7326,39.4508,39.6722,213186
17-04-2014,39.7192,39.9339,39.6722,39.8736,156961
21-04-2014,39.8534,39.9541,39.7595,39.8601,174276
22-04-2014,39.9876,40.0011,39.6857,39.8266,160730
23-04-2014,39.8132,39.887,39.6387,39.7662,174480
24-04-2014,39.84,39.9474,39.7729,39.8937,158794
25-04-2014,39.8132,39.9339,39.5515,39.793,272772
28-04-2014,39.9339,39.9608,39.6655,39.9339,191287
29-04-2014,40.1487,40.4574,40.1286,40.4171,218991
30-04-2014,40.3634,40.9003,40.35,40.7862,341117
01-05-2014,40.7392,40.9137,40.6117,40.7728,235390
02-05-2014,40.6721,41.0009,40.6721,40.8801,270531
05-05-2014,40.7996,40.9003,40.5647,40.7526,232029
06-05-2014,40.9137,41.0009,40.7526,40.9808,242622
07-05-2014,40.9204,41.115,40.766,40.9875,261262
08-05-2014,41.162,41.4304,41.162,41.37,202694
09-05-2014,41.1083,41.1888,41.0009,41.115,140460
12-05-2014,41.2156,41.2358,41.0747,41.2224,204222
13-05-2014,41.2425,41.2425,41.0479,41.1888,210130
14-05-2014,41.2425,41.2895,41.0747,41.2693,205343
15-05-2014,41.4841,41.9001,41.3499,41.6183,518755
16-05-2014,41.6988,41.7324,41.276,41.4237,217769
19-05-2014,41.3901,41.625,41.2693,41.531,158081
20-05-2014,41.3096,41.5512,41.1687,41.3901,250363
21-05-2014,41.3968,41.6451,41.37,41.5377,219908
22-05-2014,41.625,41.9806,41.5512,41.8263,269818
23-05-2014,42.0075,42.041,41.8196,41.9471,257799
27-05-2014,42.6517,42.7591,42.2692,42.4973,374119
28-05-2014,42.5041,42.6114,42.2558,42.4571,213288
29-05-2014,42.6383,42.8329,42.5108,42.8329,390212
30-05-2014,42.7591,43.2288,42.6919,43.0812,469253
02-06-2014,42.8933,43.0342,42.6987,42.9469,311986
03-06-2014,42.8597,43.41,42.7926,43.1885,318709
04-06-2014,43.0409,43.3227,42.7255,43.2154,342849
05-06-2014,43.1483,43.3093,42.9268,43.0879,353035
06-06-2014,43.0677,43.3697,43.0409,43.2623,220723
09-06-2014,43.316,43.6784,43.3026,43.5106,293856
10-06-2014,43.5106,43.6314,43.4301,43.5844,164600
11-06-2014,43.5844,43.6918,43.5039,43.571,213389
12-06-2014,43.6113,43.6113,43.2355,43.5442,262382
13-06-2014,43.4972,43.8193,43.41,43.5911,228362
16-06-2014,43.5643,44.1817,43.5576,43.9938,322070
17-06-2014,44.0139,44.0944,43.826,43.8596,235085
18-06-2014,43.8864,44.081,43.7388,44.0542,408546
19-06-2014,44.1682,44.1682,43.6918,43.8394,326756
20-06-2014,44.1817,44.289,44.0676,44.289,328793
23-06-2014,44.2354,44.6447,44.081,44.5709,290597
24-06-2014,44.5843,44.7588,44.4031,44.4702,313922
25-06-2014,44.5709,44.6782,44.3159,44.3897,251178
26-06-2014,44.4971,44.8863,44.4367,44.8192,371471
27-06-2014,45.271,45.6298,45.2236,45.6162,467619
30-06-2014,45.4329,45.7402,45.3509,45.4875,460046
01-07-2014,45.7129,45.9246,45.631,45.8154,403600
02-07-2014,45.7676,45.8837,45.5695,45.7402,343520
03-07-2014,45.788,46.3959,45.7266,46.1091,285560
07-07-2014,46.1774,46.3003,45.829,46.2183,321103
08-07-2014,46.0544,46.0612,45.7402,45.9998,346044
09-07-2014,46.0134,46.4301,45.8563,46.2183,328777
10-07-2014,45.9178,46.2661,45.8359,46.2115,430662
11-07-2014,46.0544,46.0544,45.7129,45.8359,339481
14-07-2014,45.9725,46.2047,45.9383,46.1978,315751
15-07-2014,46.0954,46.3823,46.0954,46.2115,256882
16-07-2014,46.2798,46.7989,46.232,46.5325,358262
17-07-2014,46.4232,46.4574,46.1978,46.2661,252440
18-07-2014,46.3208,46.5667,46.2935,46.4369,185493
21-07-2014,46.3344,46.3891,46.1295,46.3549,214675
22-07-2014,46.3891,46.6691,46.2457,46.6486,304543
23-07-2014,46.6964,46.6964,46.3823,46.5052,214473
24-07-2014,46.5872,46.6623,46.3754,46.5803,174991
25-07-2014,46.5667,46.7989,46.4232,46.4574,243150
28-07-2014,46.4847,46.7647,46.3891,46.6691,237495
29-07-2014,46.7238,46.8604,46.4369,46.4506,215179
30-07-2014,46.4984,46.6418,46.3413,46.6076,304442
31-07-2014,46.512,46.9287,46.2252,46.3754,477111
01-08-2014,46.3208,46.3754,45.5422,45.9246,396734
04-08-2014,46.0271,46.2935,45.8085,46.2115,149444
05-08-2014,45.9929,45.9929,45.4602,45.6446,524569
06-08-2014,45.4192,45.7334,45.3714,45.6105,355435
07-08-2014,45.6036,45.6446,44.7772,45.1392,490540
08-08-2014,44.9275,44.9958,44.3538,44.545,629584
11-08-2014,44.5928,45.1938,44.5723,45.0504,295758
12-08-2014,45.0641,45.3168,44.9138,45.1938,321608
13-08-2014,45.4056,45.4192,45.1051,45.2417,198619
14-08-2014,45.3441,45.5763,45.3441,45.5422,198316
15-08-2014,45.7607,45.829,44.948,45.3919,332412
18-08-2014,45.5012,45.7471,45.4261,45.5217,232345
19-08-2014,45.5832,45.7471,45.4466,45.6719,320093
20-08-2014,45.549,45.8359,45.5149,45.7334,293739
21-08-2014,45.829,46.2115,45.829,46.0544,256479
22-08-2014,46.1842,46.2252,45.7539,45.8563,284146
25-08-2014,45.8154,46.273,45.7198,46.1364,385728
26-08-2014,45.9656,45.9725,45.146,45.1938,914942
27-08-2014,45.4329,45.5149,44.8728,45.5012,812350
28-08-2014,45.2895,45.3578,44.9616,45.1665,427128
29-08-2014,45.146,45.3509,44.8865,45.228,390978
02-09-2014,45.0777,45.2212,44.9548,45.1529,336552
03-09-2014,45.3304,45.5217,45.2007,45.2826,521742
04-09-2014,45.508,45.6173,45.1665,45.2895,241130
05-09-2014,45.2348,45.3373,45.0299,45.2895,342005
08-09-2014,45.1187,45.2143,44.6406,44.7362,309693
09-09-2014,44.6065,45.0231,44.3947,44.9548,420059
10-09-2014,44.9548,45.2553,44.9002,45.1938,312924
11-09-2014,44.8933,45.1665,44.8387,44.9616,316862
12-09-2014,44.8523,45.1597,44.7636,44.9343,376135
15-09-2014,44.9411,45.146,44.7977,45.1187,235577
16-09-2014,45.1802,45.6378,45.0914,45.5217,418040
17-09-2014,45.5695,45.6173,45.2007,45.269,304644
18-09-2014,45.5422,45.6719,45.4056,45.4944,272534
19-09-2014,45.6036,45.6515,44.5177,44.6406,747928
22-09-2014,44.3811,44.5313,44.1147,44.1215,465221
23-09-2014,44.1352,44.1762,43.7356,43.8005,318571
24-09-2014,43.6776,43.7596,42.8853,43.3088,898807
25-09-2014,43.138,43.138,42.2092,42.3458,862901
26-09-2014,42.3389,42.7965,41.8198,42.4072,728720
29-09-2014,42.3184,42.5711,41.9564,42.4345,889817
30-09-2014,42.1545,42.5711,41.8813,42.2433,586001
01-10-2014,42.2843,42.578,42.0999,42.5643,755004
02-10-2014,42.4482,42.4755,41.6218,42.1613,1020811
03-10-2014,42.3737,42.7358,42.1996,42.3597,668323
06-10-2014,42.6731,43.077,42.5199,42.7845,660836
07-10-2014,42.5756,42.7845,42.3737,42.4015,638939
08-10-2014,42.3737,43.4809,42.2692,43.3416,765386
09-10-2014,43.3486,43.3486,42.7218,43.0004,828732
10-10-2014,42.7636,43.0282,42.1752,42.1856,759262
13-10-2014,42.3249,42.5895,41.9558,41.9907,393274
14-10-2014,41.8514,41.9976,41.2038,41.3988,1080025
15-10-2014,41.0436,41.1829,39.9785,40.7372,1113420
16-10-2014,39.8876,41.5589,39.3584,40.772,1218390
17-10-2014,41.1202,41.8379,41.0227,41.5798,696956
20-10-2014,41.74,41.7748,41.2734,41.5311,877562
21-10-2014,41.8932,42.3458,41.552,42.1648,646069
22-10-2014,42.0185,42.0394,41.2107,41.35,1375593
23-10-2014,41.6077,42.109,41.5032,41.9141,632721
24-10-2014,42.116,42.3737,41.9907,42.1787,583545
27-10-2014,42.1021,42.2483,41.8305,42.1021,529419
28-10-2014,42.3806,42.8054,42.2971,42.7149,470798
29-10-2014,42.9586,43.0213,41.9976,42.3528,618336
30-10-2014,42.3667,42.7775,41.0854,42.4851,450767
31-10-2014,42.6104,42.7636,42.3562,42.687,570088
03-11-2014,42.6522,42.6522,42.0533,42.1508,606447
04-11-2014,41.8235,41.8375,40.9245,41.0018,1480274
05-11-2014,41.0158,41.2595,40.6536,41.1272,1469612
06-11-2014,41.1968,41.357,40.7651,40.9252,758510
07-11-2014,41.1341,41.545,40.9809,41.4614,701866
10-11-2014,41.6773,41.8305,41.552,41.7121,731105
11-11-2014,41.8166,42.1902,41.7609,42.0533,607950
12-11-2014,42.0533,42.2615,41.8096,42.1856,745288
13-11-2014,42.2622,42.4294,41.9837,42.0951,664738
14-11-2014,42.1578,42.3945,42.109,42.3945,461137
17-11-2014,42.3179,42.687,42.2901,42.3876,644530
18-11-2014,42.6801,42.7079,42.3869,42.6383,592294
19-11-2014,42.5199,42.8193,42.4363,42.7427,615165
20-11-2014,42.8611,43.1156,42.8054,43.0491,660487
21-11-2014,43.4217,43.6543,43.3903,43.4321,783489
24-11-2014,43.5227,43.5993,43.0213,43.2859,768487
25-11-2014,43.4809,43.6689,43.2998,43.4112,542527
26-11-2014,43.4878,43.641,43.3486,43.5157,381480
28-11-2014,43.2789,43.3834,43.0631,43.2023,252747
01-12-2014,43.1048,43.4043,42.5129,42.6035,767661
02-12-2014,42.3388,42.4433,41.9733,42.0185,943857
03-12-2014,42.1369,42.3388,41.8305,42.2692,514829
04-12-2014,42.1299,42.2344,41.0924,41.3848,994874
05-12-2014,41.2525,41.2664,40.1174,40.389,1211251
08-12-2014,40.0339,40.0757,38.2094,39.4907,1863142
09-12-2014,39.1425,39.7971,39.0381,39.7623,888275
10-12-2014,39.6439,39.6787,38.3974,38.8501,1130779
11-12-2014,38.7317,39.3167,38.5228,38.8501,781444
12-12-2014,38.7108,38.8292,38.2024,38.3278,924959
15-12-2014,38.2999,38.481,37.7986,38.0492,1132488
16-12-2014,38.091,38.9127,37.7428,38.4114,962317
17-12-2014,38.4392,39.2818,37.8197,38.9058,940693
18-12-2014,39.5464,39.6161,38.6203,38.9824,893539
19-12-2014,39.1843,39.2888,38.7108,39.1495,676646
22-12-2014,39.3097,39.4907,39.1008,39.1704,608051
23-12-2014,39.2191,39.811,39.1704,39.6161,485624
24-12-2014,39.8319,40.0408,39.6021,39.7066,319842
26-12-2014,39.7553,39.9085,39.6927,39.6927,168445
29-12-2014,39.7136,40.2706,39.7136,40.0826,594900
30-12-2014,40.1383,40.2567,39.6927,39.8389,507308
31-12-2014,39.9364,39.9712,39.5464,39.7484,503970
02-01-2015,39.645,39.7998,39.0953,39.3074,689540
05-01-2015,38.9064,39.0049,37.9953,38.4563,765226
06-01-2015,38.1186,38.2241,37.387,37.7528,1013322
07-01-2015,37.9076,38.3613,37.5348,37.8443,946268
08-01-2015,38.1186,38.3859,37.9357,38.1256,718783
09-01-2015,38.1678,38.1749,37.2393,37.3378,812950
12-01-2015,37.0002,37.0424,36.3108,36.4374,1346546
13-01-2015,36.4796,36.8384,36.0224,36.4234,1215165
14-01-2015,36.0154,36.36,35.6268,36.346,1202913
15-01-2015,36.5007,36.8664,35.9872,36.0646,1080689
16-01-2015,35.8465,36.4023,35.734,36.2123,906139
20-01-2015,35.9521,36.2053,35.7129,35.7832,1402109
21-01-2015,35.8747,36.0787,35.3049,35.8536,1303338
22-01-2015,35.9802,36.4179,35.9239,36.1842,713652
23-01-2015,36.4937,36.6414,36.1279,36.1561,881762
26-01-2015,36.2334,36.3249,35.7621,35.8395,604211
27-01-2015,35.6777,36.0153,35.4808,35.8395,538397
28-01-2015,36.0646,36.0646,35.0939,35.122,807466
29-01-2015,35.0446,35.0587,34.3482,34.8406,1025231
30-01-2015,34.1021,34.3623,33.4971,33.7925,1218788
02-02-2015,34.2005,35.0235,34.1513,34.7351,955253
03-02-2015,34.9954,36.6344,34.8829,36.2264,1476453
04-02-2015,36.0646,36.2616,35.3682,35.5159,846444
05-02-2015,35.8114,36.7118,35.6988,36.5429,705817
06-02-2015,36.6555,37.1408,36.4445,36.5851,777801
09-02-2015,36.6555,37.3519,36.6414,37.0072,806331
10-02-2015,37.1197,37.1549,36.4726,36.6555,765059
11-02-2015,36.6062,36.8595,36.3178,36.6625,689906
12-02-2015,37.0986,37.5348,37.0775,37.4715,724801
13-02-2015,37.7317,38.0553,37.6473,37.9146,673241
17-02-2015,38.0272,38.4774,37.8175,38.3085,766966
18-02-2015,38.0272,38.0412,37.4926,37.6121,856278
19-02-2015,37.176,37.4644,36.7188,37.3659,734880
20-02-2015,37.3097,37.3448,36.8876,37.1619,658908
23-02-2015,36.9931,37.0002,36.5078,36.8524,1017505
24-02-2015,36.4796,36.8032,36.2053,36.7751,1074547
25-02-2015,37.0635,37.4293,36.8735,37.2604,822843
26-02-2015,37.2815,38.0342,37.2675,37.387,961058
27-02-2015,37.4222,37.9498,37.3659,37.5981,884095
02-03-2015,37.5629,37.6192,37.2956,37.5488,900968
03-03-2015,37.6121,37.6121,36.9579,37.0705,837595
04-03-2015,36.9228,36.9298,36.4796,36.9087,954143
05-03-2015,36.8454,37.176,36.6555,36.6766,957964
06-03-2015,36.4515,36.6273,35.7481,36.0083,1080643
09-03-2015,36.149,36.2545,35.9274,36.0294,587642
10-03-2015,35.7129,35.734,34.7422,34.7492,1177485
11-03-2015,34.8688,34.8688,34.3694,34.5593,927893
12-03-2015,34.9532,35.3964,34.9462,34.9813,812625
13-03-2015,34.8055,34.8477,34.2287,34.5663,907124
16-03-2015,34.6437,35.3682,34.6015,35.1079,716714
17-03-2015,35.0235,35.0306,34.4678,34.8899,892364
18-03-2015,34.7351,35.537,34.5311,35.333,1007926
19-03-2015,35.0657,35.0868,34.6085,34.7492,916097
20-03-2015,35.1783,35.6918,35.0868,35.4737,781783
23-03-2015,35.6707,36.0787,35.6074,35.8465,574484
24-03-2015,35.931,36.0857,35.6566,35.9732,661010
25-03-2015,36.0505,36.1842,35.2627,35.4104,981272
26-03-2015,35.5933,35.6777,35.0657,35.3471,587451
27-03-2015,35.2908,35.4808,34.714,34.8336,811620
30-03-2015,34.7351,35.0376,34.6514,34.7562,784522
31-03-2015,34.5593,35.5441,34.4538,35.333,1175638
01-04-2015,35.4034,35.4948,34.9673,35.3823,898072
02-04-2015,35.4546,35.803,35.4333,35.7105,666057
06-04-2015,35.8385,36.3291,35.803,35.9665,980989
07-04-2015,35.9736,36.4154,35.9736,36.2651,732273
08-04-2015,36.4713,36.6277,35.9736,36.0802,848331
09-04-2015,36.0731,36.3433,36.0518,36.2651,627618
10-04-2015,36.3575,36.4357,36.2295,36.4144,622600
13-04-2015,36.4428,36.5566,36.1869,36.3077,650893
14-04-2015,36.6063,36.9405,36.5495,36.7912,827944
15-04-2015,36.777,37.95,36.7059,37.8292,968784
16-04-2015,37.9074,38.3979,37.7225,38.3552,1071771
17-04-2015,38.3126,38.5117,38.0709,38.2984,1539607
20-04-2015,38.4263,38.732,38.3624,38.5188,1175401
21-04-2015,38.5259,38.6254,38.341,38.533,1205165
22-04-2015,38.6752,38.6965,38.1064,38.6823,837247
23-04-2015,38.4192,39.2155,38.3766,39.0875,757207
24-04-2015,39.1657,39.315,38.9453,39.0804,473500
27-04-2015,39.2155,39.3435,39.0804,39.3221,712482
28-04-2015,39.3292,39.834,39.2155,39.8127,668914
29-04-2015,39.6349,39.9975,39.6207,39.834,575664
30-04-2015,39.5425,39.5994,39.0662,39.2226,809922
01-05-2015,39.0164,39.2097,38.8956,39.0946,558052
04-05-2015,39.2795,39.5425,39.2297,39.4714,358489
05-05-2015,39.5141,39.5638,38.9809,39.1444,515197
06-05-2015,39.3079,39.3932,38.5899,38.9169,581548
07-05-2015,38.7249,38.7463,38.0638,38.3624,971814
08-05-2015,38.6041,38.7463,38.3908,38.4619,906437
11-05-2015,38.5899,38.7463,38.277,38.4974,619600
12-05-2015,38.5117,38.86,38.469,38.5117,573628
13-05-2015,38.7534,38.9027,38.3908,38.6538,507355
14-05-2015,38.9098,38.9169,38.4121,38.6183,616217
15-05-2015,38.4619,38.5117,38.1846,38.4406,432053
18-05-2015,38.4619,38.4619,37.9216,38.0993,401751
19-05-2015,37.7865,38.078,37.4808,37.9429,652836
20-05-2015,37.8576,37.95,37.4666,37.559,781140
21-05-2015,37.4168,37.9642,37.4168,37.8363,624855
22-05-2015,37.5874,37.5874,37.2746,37.3386,457039
26-05-2015,37.0471,37.0827,36.4002,36.7272,827911
27-05-2015,36.7201,37.0116,36.6134,36.7841,536948
28-05-2015,36.6703,36.9618,36.3006,36.9405,686333
29-05-2015,36.8978,37.5021,36.7485,37.4452,1470615
01-06-2015,37.5377,37.9275,37.0684,37.367,1219461
02-06-2015,37.5661,38.149,37.3599,37.9145,648903
03-06-2015,37.7936,38.1704,37.6799,38.0993,630183
04-06-2015,37.8363,38.1277,37.4111,37.7154,699812
05-06-2015,37.5021,38.0922,37.495,37.9074,570315
08-06-2015,37.8931,37.8931,37.1324,37.4026,697510
09-06-2015,37.4737,38.2131,37.3031,38.0638,692988
10-06-2015,38.4832,38.6396,38.3695,38.4263,596219
11-06-2015,38.4477,38.4619,37.9358,38.277,544910
12-06-2015,38.0069,38.1064,37.5519,37.9571,1385309
15-06-2015,37.7581,38.2202,37.6656,38.0851,605725
16-06-2015,38.0567,38.1491,37.8718,38.0069,467852
17-06-2015,38.0567,38.1206,37.495,37.9074,755684
18-06-2015,38.1277,38.1277,37.6799,37.8434,478305
19-06-2015,37.4524,37.5945,36.8338,37.2817,1770466
22-06-2015,37.431,37.8718,37.3955,37.5874,521054
23-06-2015,37.6585,38.0353,37.5732,38.014,533416
24-06-2015,37.9145,38.1704,37.7509,38.0282,481235
25-06-2015,38.2059,38.4974,38.1277,38.3552,588994
26-06-2015,38.1917,38.5401,38.1349,38.4406,477967
29-06-2015,37.8434,37.8434,36.88,37.0542,872856
30-06-2015,37.1609,37.2533,36.6703,36.7059,750244
01-07-2015,36.7841,37.04,36.4713,36.7627,538857
02-07-2015,36.0586,36.2364,35.7458,35.9164,800633
06-07-2015,36.1005,36.6827,35.969,36.3233,754225
07-07-2015,36.0287,36.3736,35.7627,36.3161,948847
08-07-2015,36.0574,36.2051,35.849,35.8777,721016
09-07-2015,36.2874,36.3449,35.5831,35.6334,854141
10-07-2015,35.849,36.0718,35.7484,36.0358,586004
13-07-2015,36.1724,36.3233,35.9137,36.0862,474002
14-07-2015,35.9855,36.0143,35.5831,35.9927,784251
15-07-2015,35.928,35.9352,35.3675,35.6477,1007662
16-07-2015,35.7915,36.2155,35.6837,35.9927,531813
17-07-2015,35.9927,36.0071,35.4106,35.6118,491675
20-07-2015,35.6406,35.7196,35.2093,35.2309,791345
21-07-2015,35.2668,35.4106,34.9434,35.0872,1232568
22-07-2015,34.8787,34.9229,34.5769,34.7278,922977
23-07-2015,34.7853,34.8931,34.3541,34.5122,910345
24-07-2015,34.4116,34.6272,34.2175,34.3469,871118
27-07-2015,34.2391,34.2391,33.5024,33.6785,929918
28-07-2015,33.9157,34.3325,33.4413,34.1385,993778
29-07-2015,34.2175,35.2525,34.1385,35.1375,1264467
30-07-2015,35.0512,35.3171,34.6487,35.274,930060
31-07-2015,35.4609,35.6406,35.1662,35.2956,960815
03-08-2015,35.0225,35.2022,34.6487,34.7853,492301
04-08-2015,35.0368,35.0728,34.5697,34.6272,800159
05-08-2015,34.9434,35.0943,34.7745,34.7853,563690
06-08-2015,34.7637,34.8428,34.1924,34.3756,1019349
07-08-2015,34.2391,34.4691,33.9516,34.196,606753
10-08-2015,34.2103,34.9506,34.1888,34.8428,723548
11-08-2015,34.5194,34.5266,33.7935,34.1528,881298
12-08-2015,34.2247,34.3613,33.8438,34.2822,674662
13-08-2015,34.1169,34.1169,33.5348,33.5994,710015
14-08-2015,33.5707,33.8151,33.5707,33.736,476587
17-08-2015,33.6785,33.6785,33.1682,33.5851,698001
18-08-2015,33.5204,33.5276,33.2185,33.3838,729503
19-08-2015,33.2616,33.2616,32.4998,32.852,1042415
20-08-2015,32.5358,32.5429,32.047,32.1908,1058011
21-08-2015,31.853,32.1189,31.4074,31.4146,1210028
24-08-2015,29.086,31.1199,28.4248,30.3293,2943158
25-08-2015,31.4361,31.4577,30.5881,30.6096,1764907
26-08-2015,31.393,31.6086,30.7246,31.5943,1995777
27-08-2015,32.1333,32.8807,31.9392,32.5861,1640945
28-08-2015,32.1333,32.6579,31.932,32.4351,1766224
31-08-2015,32.0902,32.9526,31.314,32.8017,1939338
01-09-2015,32.0758,32.4639,31.4864,31.6518,1632655
02-09-2015,31.8817,32.1117,31.4325,31.623,1068559
03-09-2015,31.7667,32.5286,31.7236,32.162,1166102
04-09-2015,31.8458,31.9752,31.4936,31.6805,860766
08-09-2015,32.3201,32.622,32.2123,32.3776,1019742
09-09-2015,32.6076,32.7154,31.9177,31.968,1012054
10-09-2015,31.8386,32.1405,31.623,31.8961,1198384
11-09-2015,31.6661,31.7739,31.2637,31.5152,753764
14-09-2015,31.623,31.7021,31.4793,31.5583,663003
15-09-2015,31.6158,31.7308,31.5008,31.6014,955626
16-09-2015,31.7092,32.4567,31.7092,32.428,790605
17-09-2015,32.392,32.7442,32.1548,32.2627,904518
18-09-2015,32.1045,32.1692,31.5799,31.6446,1069445
21-09-2015,31.8386,32.1045,31.7308,32.083,677157
22-09-2015,31.6158,31.6877,31.3211,31.4936,925071
23-09-2015,31.5439,31.5799,30.7677,30.9618,852011
24-09-2015,30.6959,31.1199,30.5306,30.9187,878632
25-09-2015,31.278,31.4433,31.1415,31.1846,796059
28-09-2015,30.9474,31.1055,30.72,30.7821,814157
29-09-2015,30.8181,31.0409,30.6959,31.0265,826687
30-09-2015,31.3643,31.6805,31.2133,31.6805,994534
01-10-2015,31.968,32.083,31.6841,32.0183,1058868
02-10-2015,31.7573,31.7718,31.1172,31.6263,1087928
05-10-2015,32.0409,32.5719,31.9756,32.4846,968556
06-10-2015,32.4846,33.1975,32.3683,33.1611,1348763
07-10-2015,33.4957,34.0267,33.3866,33.5612,1288764
08-10-2015,33.583,33.9103,33.4593,33.8958,835623
09-10-2015,34.034,34.1794,33.7139,33.8812,647733
12-10-2015,33.8958,33.9976,33.583,33.6194,445796
13-10-2015,33.4521,33.8885,33.3211,33.6703,682828
14-10-2015,33.7794,33.9176,33.4448,33.583,574439
15-10-2015,33.7867,33.9467,33.5866,33.8303,537385
16-10-2015,33.8303,34.0485,33.6921,33.9467,487167
19-10-2015,33.8157,34.0049,33.6994,33.7357,523748
20-10-2015,33.8812,34.354,33.7139,34.0267,480424
21-10-2015,34.1067,34.194,33.5393,33.5612,518340
22-10-2015,33.7357,34.3686,33.7066,34.2158,533448
23-10-2015,34.2885,34.4406,34.1503,34.2522,576638
26-10-2015,34.354,34.5722,34.0849,34.1431,474154
27-10-2015,33.8885,34.3104,33.8521,34.1285,644214
28-10-2015,34.2667,34.8414,34.2085,34.7904,756641
29-10-2015,34.6159,34.8741,34.4558,34.8195,657539
30-10-2015,34.7613,34.7977,34.1649,34.1722,806773
02-11-2015,34.2304,34.4704,34.114,34.354,588903
03-11-2015,34.2158,34.5868,33.903,34.514,697699
04-11-2015,34.4195,34.5577,33.8739,34.0485,1653728
05-11-2015,34.0849,34.3613,33.9394,33.9758,1374160
06-11-2015,33.8448,33.9394,33.4448,33.7357,724212
09-11-2015,33.7576,33.7576,33.0956,33.4084,701178
10-11-2015,33.2775,33.3284,33.0884,33.292,655486
11-11-2015,33.3939,33.5612,33.1618,33.3793,550057
12-11-2015,33.0302,33.0738,32.7029,32.7611,708583
13-11-2015,32.6156,32.681,32.07,32.2228,652884
16-11-2015,32.1937,32.8047,32.0919,32.7974,594927
17-11-2015,32.972,33.2702,32.8774,33.0811,817679
18-11-2015,33.1393,33.3139,33.0047,33.1393,596779
19-11-2015,33.2702,33.4129,33.1466,33.2557,590635
20-11-2015,33.3648,33.4884,32.9938,33.0666,605842
23-11-2015,32.972,33.1684,32.6955,32.7174,619329
24-11-2015,32.7101,33.1611,32.5865,33.0011,786889
25-11-2015,33.0884,33.1393,32.8629,32.892,547801
27-11-2015,32.972,33.0884,32.8993,33.052,416301
30-11-2015,33.1175,33.292,33.0593,33.132,780363
01-12-2015,32.9429,33.3575,32.732,33.1029,1070573
02-12-2015,33.1247,33.2702,32.4992,32.6301,1294936
03-12-2015,32.8192,32.8192,32.201,32.3174,844612
04-12-2015,32.281,32.3537,32.0264,32.3246,828870
07-12-2015,31.9609,31.9973,31.0372,31.2263,1109129
08-12-2015,30.8844,31.0517,30.6298,30.7608,825343
09-12-2015,30.7535,31.4481,30.6444,30.8699,820191
10-12-2015,30.7608,31.1172,30.4916,30.5716,871105
11-12-2015,30.3389,30.3462,29.6261,29.6624,1121989
14-12-2015,29.757,29.8952,29.2187,29.4588,1189728
15-12-2015,29.7497,30.0843,29.7039,29.9316,910716
16-12-2015,29.9461,30.208,29.6624,30.1716,967499
17-12-2015,30.0989,30.1425,29.7206,29.8006,1013625
18-12-2015,29.6188,29.7715,29.2696,29.3278,910391
21-12-2015,29.5606,29.7061,29.1678,29.3133,741909
22-12-2015,29.3642,29.5242,28.9787,29.4224,801078
23-12-2015,29.6552,30.2061,29.5751,30.1498,971973
24-12-2015,30.1352,30.5886,30.1207,30.4262,532815
28-12-2015,30.3462,30.3462,29.9388,30.0916,520693
29-12-2015,30.4044,30.6589,30.3971,30.608,816064
30-12-2015,30.3971,30.4697,30.1134,30.2152,699569
31-12-2015,30.0405,30.0478,29.7385,29.7827,801559
04-01-2016,29.3261,29.3924,29.0094,29.3556,1184024
05-01-2016,29.3997,29.6501,29.1862,29.5618,1178185
06-01-2016,29.0978,29.142,28.8327,28.8474,908341
07-01-2016,28.4644,28.667,28.2288,28.3761,1072115
08-01-2016,28.8106,28.8179,28.3389,28.3908,1007788
11-01-2016,28.6412,28.6633,27.8384,28.0373,1161871
12-01-2016,28.2361,28.4129,27.4997,27.9194,1896434
13-01-2016,28.0373,28.1478,27.1395,27.2051,1208955
14-01-2016,27.2934,27.5512,27.0062,27.4849,1188082
15-01-2016,26.7411,27.0136,26.3876,26.5128,1569126
19-01-2016,27.0283,27.1462,26.6969,26.9179,1381743
20-01-2016,26.476,26.6085,25.7837,26.3655,1877133
21-01-2016,26.6085,27.3671,26.4391,27.183,1328548
22-01-2016,28.0078,28.3613,27.89,28.3171,1390170
25-01-2016,28.2877,28.2877,27.2787,27.3082,1145433
26-01-2016,27.6249,27.9121,27.4997,27.8532,1384222
27-01-2016,27.809,28.7995,27.7722,28.3319,1269615
28-01-2016,28.9284,29.6428,28.5896,29.5691,2217042
29-01-2016,29.8711,30.1215,29.2377,30.0773,1433636
01-02-2016,29.8711,29.9153,29.385,29.7901,1113856
02-02-2016,29.2525,29.2745,28.8474,29.1567,1348533
03-02-2016,29.7017,30.0028,29.0389,29.8269,1779998
04-02-2016,30.0847,30.7327,30.0478,30.4455,1325323
05-02-2016,30.3498,30.416,29.9742,30.092,1107183
08-02-2016,29.7459,29.7974,29.1383,29.4439,1496285
09-02-2016,29.1862,29.2745,28.2214,28.7148,2066838
10-02-2016,29.0094,29.1493,27.7942,27.8237,1407104
11-02-2016,27.3597,27.6322,27.1609,27.5144,1673497
12-02-2016,27.9268,28.7259,27.8532,28.7075,1393163
16-02-2016,29.2525,29.2672,28.5896,29.2083,1183053
17-02-2016,29.6501,30.2614,29.5618,30.2099,1064732
18-02-2016,30.4455,30.5265,29.8784,30.173,879605
19-02-2016,29.7312,29.9521,29.4881,29.9447,823362
22-02-2016,30.394,30.5192,29.8195,29.8416,1227839
23-02-2016,29.7164,30.0184,29.2156,29.3114,1320746
24-02-2016,28.7958,28.9505,27.647,28.8179,1839278
25-02-2016,29.0168,29.2377,28.5381,29.1273,1574822
26-02-2016,29.4513,29.6501,29.2598,29.4292,1062798
29-02-2016,29.5654,29.7385,29.2525,29.4587,1186419
01-03-2016,30.5781,31.7785,30.5118,31.7638,2265870
02-03-2016,31.506,31.8374,31.0642,31.6828,1336375
03-03-2016,31.7049,32.3014,31.6165,32.213,800772
04-03-2016,32.2867,33.0158,32.1468,32.8906,1365598
07-03-2016,32.7875,33.6933,32.7433,33.5902,1320133
08-03-2016,33.2441,33.7891,32.979,33.6197,1265182
09-03-2016,33.6639,34.717,33.6639,34.3488,1678780
10-03-2016,34.4372,34.636,33.605,33.9879,1335485
11-03-2016,34.5403,34.7097,34.3267,34.6728,961566
14-03-2016,34.4519,34.6802,34.3562,34.4519,1014464
15-03-2016,34.0984,34.3783,34.01,34.3635,846068
16-03-2016,34.3635,35.1442,34.3414,35.0411,736855
17-03-2016,35.3209,36.271,35.2988,36.2121,1199568
18-03-2016,36.1973,36.3004,35.7334,35.888,1201712
21-03-2016,35.8954,36.131,35.4903,35.8217,913931
22-03-2016,35.6082,36.0206,35.5419,35.8512,757225
23-03-2016,35.7113,35.7186,35.1,35.2473,814695
24-03-2016,34.7907,34.7907,34.4004,34.6581,961002
28-03-2016,34.857,35.2399,34.6434,35.1295,571896
29-03-2016,35.0116,35.7334,34.6434,35.6376,1099108
30-03-2016,35.9617,36.4551,35.8586,36.1016,870640
31-03-2016,36.1384,36.5508,35.9359,35.9838,1118125
01-04-2016,35.3617,35.9279,35.0414,35.8981,851831
04-04-2016,35.8757,35.9353,35.4809,35.5778,808688
05-04-2016,34.9818,35.1718,34.736,35.0936,922865
06-04-2016,35.0191,35.3282,34.736,35.25,583697
07-04-2016,34.9371,35.1159,34.5274,34.736,646455
08-04-2016,35.3394,35.7119,35.2873,35.4586,518008
11-04-2016,35.5927,35.9204,35.5256,35.5256,497624
12-04-2016,35.6523,36.7846,35.6009,36.5387,836242
13-04-2016,36.7399,37.1496,36.7175,36.9484,689995
14-04-2016,37.0825,37.2241,36.8665,37.0155,526523
15-04-2016,36.9186,37.0006,36.6281,36.8814,682667
18-04-2016,36.4121,37.1012,36.3897,37.0602,643333
19-04-2016,37.3656,37.9541,37.3433,37.8647,1122611
20-04-2016,37.8126,38.6245,37.671,38.4308,933673
21-04-2016,38.267,38.3489,37.9392,38.0509,636910
22-04-2016,38.3042,38.6692,38.2744,38.4011,667094
25-04-2016,38.2148,38.3191,37.9615,38.1329,657448
26-04-2016,38.3787,38.5872,38.3266,38.4606,583657
27-04-2016,38.5947,38.8331,38.4308,38.632,685884
28-04-2016,38.5202,38.9374,38.267,38.7065,589355
29-04-2016,38.6767,39.2987,38.6618,39.0715,1254158
02-05-2016,39.1311,39.3993,38.632,38.7363,598548
03-05-2016,37.9243,37.9243,36.8888,37.157,1329867
04-05-2016,36.643,36.7484,35.9204,36.3004,992082
05-05-2016,36.4419,36.4717,35.7938,35.831,1160382
06-05-2016,35.5927,35.8757,35.2947,35.8459,1073374
09-05-2016,35.4884,35.6523,35.3096,35.4735,851984
10-05-2016,35.6225,36.1737,35.6225,35.9726,942936
11-05-2016,35.9279,36.6728,35.9279,36.3897,896009
12-05-2016,36.8218,36.941,36.0545,36.5313,664356
13-05-2016,36.211,36.4492,35.8683,36.0694,778828
16-05-2016,36.1365,36.5909,36.1216,36.3972,844297
17-05-2016,36.211,36.4642,35.9949,36.2557,746133
18-05-2016,35.9949,36.5834,35.9428,36.1663,1270093
19-05-2016,35.7491,35.8236,35.2277,35.6672,1031958
20-05-2016,35.8162,36.2035,35.8087,35.831,903644
23-05-2016,35.7491,36.2334,35.4586,35.9726,512847
24-05-2016,35.9055,36.4717,35.8832,36.129,996041
25-05-2016,36.4046,37.0453,36.3004,37.0006,845319
26-05-2016,37.3879,37.6561,36.9782,37.0751,1140512
27-05-2016,36.792,37.1876,36.792,37.1645,788424
31-05-2016,36.8367,37.008,36.4419,36.4493,1688693
01-06-2016,36.2706,37.0751,36.0247,37.0155,938530
02-06-2016,36.725,37.2874,36.5611,37.239,992694
03-06-2016,37.522,37.7902,37.2017,37.6636,947899
06-06-2016,37.8498,38.3713,37.8051,38.3117,1034301
07-06-2016,38.4308,39.2279,38.4308,39.1385,1684772
08-06-2016,39.2726,39.6041,39.0119,39.2279,1333421
09-06-2016,38.9597,39.0715,38.6096,38.8406,1371438
10-06-2016,38.5351,38.6096,37.902,38.0882,1118648
13-06-2016,37.7604,38.036,37.6114,37.82,1086928
14-06-2016,37.5965,37.7381,37.2986,37.4326,1012399
15-06-2016,37.3731,37.5071,37.008,37.0378,1042569
16-06-2016,36.5983,37.1272,36.1745,36.9261,1180716
17-06-2016,37.1421,37.5965,37.1421,37.2613,1359098
20-06-2016,38.0807,38.2744,37.7455,37.8424,1054609
21-06-2016,37.9317,38.0509,37.6375,37.9094,858223
22-06-2016,38.0584,38.1627,37.5816,37.6487,798185
23-06-2016,38.1925,38.4606,38.0882,38.2819,1040890
24-06-2016,36.3823,37.1272,36.0843,36.6952,1791420
27-06-2016,36.3153,36.3153,35.4511,35.7864,1553053
28-06-2016,36.211,36.494,36.0322,36.4568,861939
29-06-2016,36.8367,37.1719,36.7026,37.0676,1047587
30-06-2016,37.1627,37.1777,36.6127,36.9216,1305240
01-07-2016,36.9291,37.2983,36.7634,37.2229,594411
05-07-2016,36.9216,37.1627,36.6278,36.6504,753966
06-07-2016,36.4621,36.7483,36.0929,36.6881,730537
07-07-2016,36.9291,37.0195,36.2285,36.4018,687310
08-07-2016,36.6278,36.9517,36.5299,36.6127,754447
11-07-2016,36.8613,37.0195,36.6805,36.7182,659085
12-07-2016,37.1551,37.5168,37.1401,37.351,670636
13-07-2016,37.4263,37.8558,37.2681,37.7051,735880
14-07-2016,38.1119,38.3379,38.0742,38.0818,661509
15-07-2016,38.1948,38.3605,38.1044,38.24,668113
18-07-2016,38.1797,38.2626,37.9989,38.127,423799
19-07-2016,37.901,37.9612,37.7729,37.9311,475891
20-07-2016,37.8633,38.1571,37.8181,38.0366,557755
21-07-2016,38.0366,38.1872,37.803,37.8558,464446
22-07-2016,37.9688,38.014,37.6411,37.8407,482521
25-07-2016,37.6976,37.7352,37.3736,37.4942,442795
26-07-2016,37.5544,37.9311,37.5092,37.8407,598697
27-07-2016,37.8633,38.1872,37.5921,37.8784,700622
28-07-2016,37.8784,38.0667,37.5318,37.9989,712458
29-07-2016,37.916,38.4584,37.916,38.2475,473716
01-08-2016,38.142,38.142,37.6072,37.6373,537340
02-08-2016,37.9311,37.9914,37.5544,37.7578,783431
03-08-2016,37.8633,38.0818,37.7202,37.8558,564687
04-08-2016,37.901,38.029,37.6072,37.8784,535035
05-08-2016,37.5921,37.9763,37.5318,37.9386,547208
08-08-2016,38.0064,38.3153,37.9914,38.1571,531751
09-08-2016,38.24,38.5488,38.2098,38.4057,500683
10-08-2016,38.6995,38.7824,38.4396,38.4886,538440
11-08-2016,38.6543,38.9782,38.6392,38.8652,523319
12-08-2016,38.8652,38.9255,38.6694,38.82,427338
15-08-2016,38.9255,39.0686,38.82,38.9406,445023
16-08-2016,39.0611,39.0912,38.7974,38.9858,453738
17-08-2016,38.933,39.1892,38.7861,39.0912,538917
18-08-2016,39.1515,39.257,39.0536,39.2419,597914
19-08-2016,38.8954,38.9782,38.5969,38.9104,718465
22-08-2016,38.6769,38.8351,38.4735,38.7748,504973
23-08-2016,39.031,39.483,39.031,39.3323,741229
24-08-2016,39.5056,40.0254,39.4303,39.9727,1114909
25-08-2016,39.8898,40.1309,39.7843,40.1158,791412
26-08-2016,40.2514,40.7411,39.8446,39.9275,955383
29-08-2016,39.7919,39.9425,39.7391,39.822,702296
30-08-2016,40.1761,40.4849,40.1083,40.274,1221945
31-08-2016,40.3117,40.3117,39.822,40.0932,805742
01-09-2016,40.0329,40.4247,39.9275,40.3945,803844
02-09-2016,40.7712,41.0274,40.5753,40.9294,872345
06-09-2016,41.2006,41.404,40.9068,41.3965,782783
07-09-2016,41.4869,41.5396,41.0575,41.276,636639
08-09-2016,41.2157,41.3136,40.8925,40.9746,554537
09-09-2016,40.6055,40.6582,40.1384,40.2891,872622
12-09-2016,39.9124,40.3719,39.7309,40.1911,857142
13-09-2016,39.709,39.709,39.0762,39.2419,942821
14-09-2016,39.3248,39.6035,39.0686,39.3097,713432
15-09-2016,39.4529,40.1836,39.3926,40.1233,775305
16-09-2016,39.8145,40.0179,39.5583,39.8521,820578
19-09-2016,40.1233,40.4549,39.8371,39.935,595578
20-09-2016,40.0706,40.2589,39.9576,40.161,562326
21-09-2016,40.4171,40.6959,40.1459,40.6582,588362
22-09-2016,41.0876,41.2684,40.9181,41.0123,770195
23-09-2016,40.6281,40.6582,40.2514,40.2966,593752
26-09-2016,40.1309,40.3343,40.0405,40.1233,492608
27-09-2016,39.9651,40.048,39.6939,39.9953,615126
28-09-2016,40.0857,40.8014,40.0706,40.6733,690725
29-09-2016,40.9068,41.0048,40.2514,40.4247,870567
30-09-2016,40.6491,40.7481,40.3369,40.3446,650995
03-10-2016,40.3826,40.4359,40.0705,40.3293,533260
04-10-2016,40.139,40.5501,39.8192,40.0705,872632
05-10-2016,40.1694,40.4816,40.1618,40.3141,490740
06-10-2016,40.1923,40.3978,40.0933,40.1847,486606
07-10-2016,40.0857,40.1999,39.568,39.8344,612971
10-10-2016,40.04,40.3065,39.9715,40.2227,432533
11-10-2016,40.1466,40.3217,40.0857,40.1771,844274
12-10-2016,40.1009,40.4131,39.9943,40.2075,457942
13-10-2016,39.9486,40.5273,39.705,40.4816,611907
14-10-2016,40.7176,40.9308,40.474,40.6719,610041
17-10-2016,40.6415,40.7557,40.5501,40.6567,447571
18-10-2016,40.9993,41.1668,40.8927,41.0602,496872
19-10-2016,41.1592,41.5475,41.0564,41.1135,551786
20-10-2016,40.8927,41.0602,40.809,40.9003,507107
21-10-2016,40.5349,40.8014,40.4816,40.7024,404855
24-10-2016,40.7176,40.9308,40.6719,40.8242,451285
25-10-2016,40.9232,41.0934,40.809,40.9384,374078
26-10-2016,40.7481,41.1592,40.7252,40.8318,494222
27-10-2016,40.9917,41.2353,40.8318,41.0831,547197
28-10-2016,40.9993,41.2125,40.8089,40.9993,535098
31-10-2016,40.946,41.1517,40.8394,40.9308,509614
01-11-2016,41.3039,41.3495,40.6567,40.9536,815141
02-11-2016,40.7557,40.9156,40.3989,40.5577,621043
03-11-2016,40.6034,40.8851,40.474,40.7405,769514
04-11-2016,40.5958,40.6034,40.1618,40.2684,601417
07-11-2016,40.8166,41.0526,40.7709,40.8699,637041
08-11-2016,40.8166,41.3724,40.7671,41.3267,532692
09-11-2016,40.5121,40.8242,40.2151,40.7481,1421296
10-11-2016,40.6415,40.71,40.0781,40.5044,1419252
11-11-2016,40.2075,40.3902,39.6898,39.9334,958056
14-11-2016,40.0552,40.0552,39.0243,39.271,1674587
15-11-2016,39.2939,39.8801,38.9893,39.8725,1182948
16-11-2016,39.6974,40.1542,39.5375,39.9867,1022672
17-11-2016,40.1085,40.5425,40.0096,40.3826,774622
18-11-2016,40.3293,40.6415,40.2532,40.5653,511878
21-11-2016,40.9536,41.3103,40.9536,41.2658,658477
22-11-2016,40.3948,41.5018,40.9613,41.1288,624828
23-11-2016,40.8394,41.182,40.7641,40.9765,578757
25-11-2016,41.0907,41.1059,40.8318,41.0678,210724
28-11-2016,41.4028,41.4638,40.9689,41.0678,618997
29-11-2016,41.5247,42.1566,41.4866,41.7835,1852752
30-11-2016,42.1794,42.2708,41.6998,42.0652,1354009
01-12-2016,42.2632,42.6286,42.1794,42.3622,1281979
02-12-2016,42.2327,42.7022,42.2251,42.6439,681136
05-12-2016,42.6972,42.9103,42.5297,42.6286,680479
06-12-2016,42.7428,42.8646,42.5677,42.7885,568667
07-12-2016,42.7961,43.6336,42.7885,43.4814,719066
08-12-2016,43.4966,44.2123,43.3748,43.9762,798613
09-12-2016,44.06,44.6006,44.0448,44.4026,717752
12-12-2016,44.5473,44.6615,44.3112,44.3722,470435
13-12-2016,44.5549,44.8975,44.4711,44.6919,570672
14-12-2016,44.6919,44.7452,43.8544,43.9229,919021
15-12-2016,43.6641,43.7402,43.4281,43.6565,700709
16-12-2016,43.6793,43.6793,43.253,43.3519,697498
19-12-2016,43.4433,43.4737,43.1311,43.1616,680852
20-12-2016,43.3062,43.489,43.2149,43.253,618549
21-12-2016,43.1844,43.2225,42.8647,43.055,398372
22-12-2016,42.8799,43.0512,42.6667,43.0017,516528
23-12-2016,42.819,42.9408,42.6439,42.7809,326910
27-12-2016,42.819,42.9408,42.7885,42.8647,260733
28-12-2016,42.7505,42.9636,42.7124,42.8037,614189
29-12-2016,42.8681,43.0757,42.7912,42.9219,521833
30-12-2016,43.0834,43.1141,42.7066,42.8066,416638
03-01-2017,43.1295,43.3601,42.9296,43.3447,683582
04-01-2017,43.6446,44.1904,43.56,44.1597,815128
05-01-2017,44.0982,44.621,44.0367,44.4288,593242
06-01-2017,44.5133,44.6901,44.4057,44.4979,438607
09-01-2017,44.3365,44.4903,44.1143,44.3519,500492
10-01-2017,44.4903,44.8362,44.4903,44.7286,624062
11-01-2017,44.6286,45.389,44.6056,45.3206,796199
12-01-2017,45.4897,45.4974,45.0438,45.1899,529781
13-01-2017,45.1822,45.5435,45.1668,45.4436,560455
17-01-2017,45.4589,45.5435,45.0669,45.1591,904295
18-01-2017,45.0438,45.1668,44.2519,44.3288,657183
19-01-2017,44.3519,44.3519,44.0982,44.3134,409975
20-01-2017,44.3826,44.7209,44.2135,44.644,529221
23-01-2017,44.6056,45.013,44.4979,44.9362,402035
24-01-2017,45.0438,45.7511,44.887,45.5435,678810
25-01-2017,45.828,46.1739,45.7741,46.0509,683304
26-01-2017,46.0586,46.2431,45.8741,46.1355,590725
27-01-2017,46.1662,46.2739,45.8356,46.0355,445884
30-01-2017,45.8818,45.9587,45.482,45.851,587736
31-01-2017,46.074,46.2508,45.705,45.9587,664864
01-02-2017,45.951,46.0278,45.6511,45.9202,504439
02-02-2017,46.0125,46.1816,45.831,45.8972,487426
03-02-2017,46.1432,46.5122,45.9817,46.2662,396475
06-02-2017,46.0663,46.1358,45.785,45.9587,409443
07-02-2017,45.7588,46.2124,45.6973,46.1739,480841
08-02-2017,46.097,46.4891,45.8587,46.4661,545729
09-02-2017,46.6198,46.8389,46.6121,46.689,501986
10-02-2017,46.8812,47.3117,46.8812,47.1734,409570
13-02-2017,47.3117,47.5193,47.2887,47.3348,558235
14-02-2017,47.3732,47.6346,47.2349,47.4809,574982
15-02-2017,47.4578,47.9345,47.4194,47.9268,536688
16-02-2017,48.0421,48.3496,47.9883,48.1959,624759
17-02-2017,48.0037,48.142,47.8345,48.0267,515830
21-02-2017,48.0575,48.1113,47.773,47.8883,836283
22-02-2017,47.6039,47.896,47.4962,47.8191,542531
23-02-2017,48.0344,48.2112,47.8268,47.8653,634482
24-02-2017,47.5731,47.6808,47.0196,47.1195,841556
27-02-2017,47.1426,47.1426,46.4738,46.8658,1081462
28-02-2017,45.9971,45.9971,44.6748,44.7363,1824109
01-03-2017,45.0207,45.4205,44.7824,45.4051,1326954
02-03-2017,45.359,45.6204,45.0822,45.1284,1198344
03-03-2017,45.113,46.0048,45.0822,45.974,943026
06-03-2017,45.9202,46.1816,45.7126,45.9587,730759
07-03-2017,45.951,46.074,45.7741,45.8356,718880
08-03-2017,45.828,45.8664,45.1975,45.2667,741427
09-03-2017,45.2206,45.3129,44.8823,45.0207,726781
10-03-2017,45.3129,45.4359,44.6363,45.0976,1257326
13-03-2017,45.136,45.6665,44.9285,45.5743,931754
14-03-2017,45.1514,45.4897,44.9592,45.0592,670412
15-03-2017,45.136,45.2283,44.4749,45.1668,1210615
16-03-2017,45.2821,45.6973,45.1822,45.2052,502886
17-03-2017,45.2591,45.5589,44.8439,44.8747,617560
20-03-2017,44.6978,44.7824,44.2981,44.4903,724950
21-03-2017,44.8362,45.063,43.7445,43.8983,1141888
22-03-2017,43.5523,44.3826,43.3371,44.3672,1153445
23-03-2017,44.3442,44.9054,44.275,44.5825,795666
24-03-2017,44.6748,44.8131,44.3519,44.6978,753848
27-03-2017,44.3519,45.1975,44.2596,45.0438,919491
28-03-2017,45.0361,45.6089,45.0361,45.3821,898033
29-03-2017,45.3974,45.8741,45.3667,45.7203,1023958
30-03-2017,45.8972,46.1739,45.7203,45.7818,1314025
31-03-2017,45.5999,45.825,45.3515,45.4679,1025539
03-04-2017,45.3903,45.4602,44.6218,45.2816,945533
04-04-2017,44.8857,45.3437,44.8236,45.2118,1007096
05-04-2017,45.4446,45.6853,45.1652,45.1652,1010735
06-04-2017,45.2894,45.7785,45.2195,45.5689,812111
07-04-2017,45.6154,45.7008,45.1031,45.2118,935602
10-04-2017,45.3204,45.3903,45.0643,45.235,780544
11-04-2017,45.204,45.2583,44.5208,45.0953,826668
12-04-2017,45.072,45.1419,44.5985,44.8935,803994
13-04-2017,44.8935,44.9168,44.2103,44.2569,905515
17-04-2017,44.482,45.0953,44.4743,44.9866,960549
18-04-2017,44.777,44.777,44.0861,44.4355,955874
19-04-2017,44.3966,44.5053,43.9076,43.9774,816137
20-04-2017,44.0551,44.3811,43.9774,44.2336,913400
21-04-2017,44.2181,44.3656,44.0395,44.1638,809770
24-04-2017,44.7227,45.2273,44.7149,44.8158,747674
25-04-2017,44.777,45.0099,44.6994,44.8624,795114
26-04-2017,44.8702,44.9944,44.0939,44.1482,1274847
27-04-2017,44.2414,44.2414,42.3783,42.945,2197554
28-04-2017,42.8829,43.4185,42.6655,43.1856,890085
01-05-2017,43.3021,43.403,42.9333,43.0071,743116
02-05-2017,42.8596,43.0148,42.5646,42.8596,683818
03-05-2017,42.7354,42.9682,42.549,42.7975,761529
04-05-2017,43.0459,43.0692,42.4093,42.4248,1041221
05-05-2017,42.5413,43.6514,42.5102,43.6203,1202713
08-05-2017,43.7213,43.729,43.1778,43.434,742194
09-05-2017,43.3409,43.5117,42.7897,42.9217,657679
10-05-2017,42.9372,43.5349,42.8829,43.4573,614724
11-05-2017,42.7509,43.24,42.65,42.976,928639
12-05-2017,42.7897,42.9915,42.1842,42.6189,1021029
15-05-2017,42.976,43.1623,42.8673,43.0692,1021683
16-05-2017,43.3486,43.6281,43.1701,43.2244,832571
17-05-2017,42.7664,42.8208,42.1609,42.3084,1372233
18-05-2017,42.2463,42.6577,41.8116,42.4326,1588043
19-05-2017,42.7354,43.4651,42.6267,43.3098,826164
22-05-2017,43.5349,43.6048,43.3176,43.4806,385013
23-05-2017,43.9697,44.1793,43.7057,43.7523,862999
24-05-2017,43.8299,43.9076,43.5239,43.7601,833847
25-05-2017,43.9852,44.1483,43.4418,43.5971,831247
26-05-2017,43.6592,43.8144,43.403,43.7834,623061
30-05-2017,44.0085,44.2645,43.8455,44.1482,995928
31-05-2017,44.3035,44.319,43.5427,43.8532,1036659
01-06-2017,44.0784,44.1249,43.698,44.0395,726204
02-06-2017,44.0473,44.1715,43.8377,44.0939,634856
05-06-2017,44.0628,44.3423,43.6514,44.2103,711042
06-06-2017,44.0085,44.3345,43.9541,44.2414,787890
07-06-2017,44.2647,44.4976,43.8843,44.0395,836113
08-06-2017,44.1172,44.7537,44.0395,44.746,994950
09-06-2017,44.8236,45.53,44.7537,45.3204,929980
12-06-2017,45.3049,45.7552,44.746,45.3204,920621
13-06-2017,45.7552,45.7862,45.2739,45.5378,896765
14-06-2017,45.6154,45.6542,45.2273,45.3437,790612
15-06-2017,45.0487,45.4446,44.7615,45.4058,671235
16-06-2017,45.4602,45.8755,45.1419,45.8017,745988
19-06-2017,45.825,46.4383,45.7552,46.1666,849893
20-06-2017,45.9958,46.2563,45.825,46.12,911871
21-06-2017,46.1123,46.4849,45.9104,46.0424,965731
22-06-2017,46.12,46.9972,46.12,46.7333,1025398
23-06-2017,46.547,46.8109,46.1899,46.5237,803528
26-06-2017,46.7721,46.8886,46.3452,46.5159,681697
27-06-2017,46.71,46.8575,46.4927,46.6945,591160
28-06-2017,46.9895,47.5096,46.9429,47.4009,607996
29-06-2017,47.6315,47.6315,46.9575,47.2553,895558
30-06-2017,47.271,47.5061,46.7145,47.1299,1087090
03-07-2017,47.1691,47.8392,47.1612,47.6707,306494
05-07-2017,47.0515,47.7099,46.6831,47.5688,848811
06-07-2017,47.4591,47.6786,47.2867,47.3729,532904
07-07-2017,47.7177,47.7648,47.365,47.6394,508971
10-07-2017,47.5453,47.8588,47.3023,47.7099,467634
11-07-2017,47.608,47.7177,47.365,47.6942,582571
12-07-2017,47.6707,48.721,47.655,48.3997,714159
13-07-2017,48.2978,48.4702,48.1332,48.3605,592622
14-07-2017,48.2664,48.7524,48.1802,48.6113,496304
17-07-2017,48.5486,48.7916,48.2429,48.3369,461780
18-07-2017,48.6818,48.6897,48.0881,48.4388,447200
19-07-2017,48.5956,48.9248,48.5956,48.6897,563569
20-07-2017,48.674,48.9248,48.6661,48.768,432332
21-07-2017,48.7288,48.7837,48.3134,48.6348,426889
24-07-2017,48.6191,49.0659,48.3683,48.9797,545352
25-07-2017,49.1521,49.4343,48.7759,48.9405,665628
26-07-2017,48.9875,49.0988,48.6505,48.7837,595662
27-07-2017,48.7837,48.8934,48.1724,48.431,664603
28-07-2017,48.5799,48.9483,48.4624,48.8778,440024
31-07-2017,48.8229,49.0816,48.5721,48.8386,414132
01-08-2017,48.9562,48.9562,48.1488,48.6191,445565
02-08-2017,48.5407,48.7994,48.478,48.7367,657025
03-08-2017,48.6505,48.8151,48.4859,48.6034,440308
04-08-2017,48.6975,48.721,48.3213,48.4937,356464
07-08-2017,48.478,48.6074,48.3448,48.3605,226989
08-08-2017,48.1332,48.4545,48.0705,48.3056,458879
09-08-2017,47.9921,48.2899,47.9137,48.1332,427633
10-08-2017,48.0234,48.0783,47.318,47.4199,549992
11-08-2017,47.4669,47.7177,47.1142,47.3415,494870
14-08-2017,47.6237,47.9921,47.5453,47.7256,536998
15-08-2017,47.7491,47.898,47.6159,47.7883,482117
16-08-2017,48.0156,48.188,47.8823,48.0705,459625
17-08-2017,47.9764,48.1488,47.7726,47.8432,547306
18-08-2017,48.0469,48.1332,47.7099,47.9921,524869
21-08-2017,47.9529,48.1567,47.8588,48.1096,411093
22-08-2017,48.2507,48.3134,47.9999,48.0783,404910
23-08-2017,47.851,48.6113,47.8118,48.2821,432426
24-08-2017,48.4545,48.6661,48.2899,48.5015,336233
25-08-2017,48.5721,48.9405,48.478,48.7602,420711
28-08-2017,48.8934,48.9483,47.2396,48.5251,488988
29-08-2017,48.188,48.3997,47.7021,48.3997,811296
30-08-2017,48.3213,48.5878,48.188,48.2742,581277
31-08-2017,48.6583,48.8464,48.4545,48.7053,649268
01-09-2017,49.0659,49.3716,48.8778,49.1443,443404
05-09-2017,49.0424,49.0816,48.4388,48.5251,740112
06-09-2017,48.5015,49.5518,48.4075,49.0972,530364
07-09-2017,49.301,49.41,49.0032,49.1364,422066
08-09-2017,49.0894,49.2226,48.964,49.1443,339397
11-09-2017,49.4343,49.6459,49.301,49.6302,434523
12-09-2017,49.5754,49.7243,49.4421,49.6067,432768
13-09-2017,49.6616,49.7713,49.3716,49.544,437810
14-09-2017,49.5597,49.7321,49.4578,49.7321,387151
15-09-2017,49.7164,49.8497,49.4303,49.5126,753399
18-09-2017,49.5675,49.6302,49.0149,49.1756,619611
19-09-2017,49.2853,49.544,49.1835,49.3794,418850
20-09-2017,49.5754,50.0515,49.3089,49.5518,654658
21-09-2017,49.6459,50.5473,49.6459,50.4062,602452
22-09-2017,50.4689,50.8921,50.4375,50.657,929261
25-09-2017,50.6413,50.8138,50.3278,50.4767,652532
26-09-2017,50.5238,50.5238,50.03,50.2651,719315
27-09-2017,50.414,50.6805,50.1867,50.2181,701596
28-09-2017,50.4767,50.6296,50.2181,50.4532,776625
29-09-2017,50.4689,50.5865,50.2651,50.3592,1269213
02-10-2017,50.4942,50.7712,50.3834,50.5654,730768
03-10-2017,50.6287,50.9612,50.6129,50.9295,674149
04-10-2017,50.985,51.2778,50.89,51.2224,859113
05-10-2017,51.0324,51.1591,50.8979,50.9929,843159
06-10-2017,50.8908,50.9454,50.6525,50.8266,564240
09-10-2017,50.9137,50.9137,50.5179,50.5417,301214
10-10-2017,50.977,51.318,50.9137,51.0958,1073763
11-10-2017,51.1749,51.4203,51.0839,51.4124,842042
12-10-2017,51.2541,51.3253,50.7712,50.977,773243
13-10-2017,51.1116,51.3649,50.9533,51.1353,826395
16-10-2017,50.9929,51.2303,50.9137,51.0166,518408
17-10-2017,50.985,51.1353,50.8266,51.0008,461106
18-10-2017,51.1908,51.357,51.1156,51.2224,783626
19-10-2017,50.9295,51.5074,50.9295,51.3095,452944
20-10-2017,51.0879,51.2541,50.7079,50.7791,851969
23-10-2017,50.882,51.0404,50.7791,50.8741,436959
24-10-2017,51.0404,51.2145,51.0166,51.1749,389933
25-10-2017,51.2699,51.4678,50.6921,50.8504,700137
26-10-2017,50.882,51.1591,50.8583,50.882,321702
27-10-2017,50.7079,51.1433,50.4783,51.1274,389071
30-10-2017,51.0641,51.3609,50.9929,51.1433,414822
31-10-2017,51.0404,51.4647,51.0127,51.072,698159
01-11-2017,51.3095,51.3332,51.0641,51.1274,493691
02-11-2017,51.2699,51.7686,51.2383,51.7132,621351
03-11-2017,51.8794,51.9427,51.7132,51.8715,428368
06-11-2017,51.8319,52.1248,51.7765,52.1011,539236
07-11-2017,51.7844,51.8715,51.5945,51.8715,337423
08-11-2017,52.0219,52.1327,51.8636,52.0852,366189
09-11-2017,51.824,52.2356,51.7528,52.1961,332654
10-11-2017,52.1169,52.1644,51.6103,51.919,294034
13-11-2017,51.4995,51.9269,51.4995,51.7211,402340
14-11-2017,51.6024,51.6974,51.3807,51.6815,464273
15-11-2017,51.3728,51.6538,51.2145,51.5786,365363
16-11-2017,51.8557,52.204,51.8478,52.1248,339794
17-11-2017,51.9902,52.5206,51.8398,52.4494,441018
20-11-2017,52.3939,52.6789,52.299,52.4652,444365
21-11-2017,52.7027,52.861,52.0694,52.1011,670453
22-11-2017,52.3069,52.5206,52.1486,52.3623,549094
24-11-2017,52.3544,52.4731,52.2277,52.3702,168284
27-11-2017,52.3939,52.4889,51.7528,51.8003,621601
28-11-2017,51.072,51.0958,50.2171,50.51,1587560
29-11-2017,50.6921,50.6921,50.225,50.3279,651186
30-11-2017,50.3992,51.0245,50.043,50.0667,892045
01-12-2017,50.7554,51.1195,50.6541,51.0166,707213
04-12-2017,51.3887,51.3887,50.8346,50.8504,528313
05-12-2017,51.0958,51.1195,50.4309,50.5813,527931
06-12-2017,50.4704,50.8662,50.4229,50.5892,642352
07-12-2017,50.6208,51.1116,50.4783,51.0008,540172
08-12-2017,51.0879,51.5628,51.0324,51.452,483839
11-12-2017,51.452,51.5549,51.1512,51.2462,390597
12-12-2017,51.2541,51.3253,50.9929,51.1116,546230
13-12-2017,51.1987,51.3412,50.9375,51.2303,574282
14-12-2017,51.0087,51.3332,50.8108,51.1749,526040
15-12-2017,51.1987,51.2145,50.4625,50.5258,606740
18-12-2017,50.8385,51.1037,50.6367,50.7871,517382
19-12-2017,50.8227,50.9058,50.5496,50.6446,483465
20-12-2017,50.7712,50.8662,50.4546,50.7079,443034
21-12-2017,51.167,51.4441,50.985,51.1828,494292
22-12-2017,51.1591,51.2303,50.9137,51.2145,307866
26-12-2017,51.2541,51.3016,51.0839,51.2224,231641
27-12-2017,51.4916,51.5153,51.072,51.167,551595
28-12-2017,51.452,51.539,51.1195,51.5153,694021
29-12-2017,51.6956,51.8954,51.5038,51.5757,548562
02-01-2018,51.6157,52.2311,51.5198,52.0633,591864
03-01-2018,52.1032,52.2311,51.9753,52.0313,524953
04-01-2018,52.1672,52.4948,51.9665,52.367,721991
05-01-2018,52.8865,53.3021,52.6627,53.1422,594738
08-01-2018,52.9744,53.374,52.9664,53.0943,593370
09-01-2018,53.2222,53.2541,53.0144,53.1103,519178
10-01-2018,52.9584,53.2621,52.5268,52.6387,831708
11-01-2018,52.6227,52.6707,52.4149,52.6067,463080
12-01-2018,52.6387,52.7186,52.383,52.5988,650599
16-01-2018,52.6547,52.7266,52.2391,52.359,840841
17-01-2018,52.4869,52.7746,51.7835,52.4869,780748
18-01-2018,52.4549,52.5668,52.2231,52.5588,672683
19-01-2018,52.5748,52.8465,52.4069,52.4229,702407
22-01-2018,52.7666,52.8865,52.5908,52.8225,702491
23-01-2018,52.7027,53.0383,52.4149,52.7826,721307
24-01-2018,53.1023,53.1263,52.7106,53.0303,647096
25-01-2018,53.1502,53.362,52.7586,52.9185,858697
26-01-2018,52.9424,53.1478,52.6787,52.9984,489282
29-01-2018,52.8545,52.9105,52.6387,52.8145,421753
30-01-2018,52.6147,53.0543,52.5908,52.9584,711899
31-01-2018,53.0943,53.2461,52.9025,53.1422,737484
01-02-2018,52.9744,52.9744,52.2471,52.6147,1269895
02-02-2018,51.9673,52.2311,51.4478,51.4638,852854
05-02-2018,50.9363,51.0162,49.6735,49.7854,1081590
06-02-2018,48.7384,50.1131,48.1389,49.9452,1230076
07-02-2018,50.0411,50.0811,49.3698,49.3698,824313
08-02-2018,49.4737,49.4817,48.3148,48.3228,1097293
09-02-2018,48.5306,48.7703,47.6754,48.5865,1266529
12-02-2018,49.2739,49.2898,48.5465,48.8263,760684
13-02-2018,48.7544,48.9062,48.3947,48.7783,572816
14-02-2018,48.5625,49.9133,48.2826,49.6975,771785
15-02-2018,50.177,50.201,49.3298,49.5936,733016
16-02-2018,49.4337,49.4497,49.0661,49.17,699446
20-02-2018,49.0021,49.162,48.5306,48.7783,673534
21-02-2018,48.8503,49.3938,48.8183,49.162,786723
22-02-2018,49.2179,49.3805,48.7703,48.9382,909315
23-02-2018,49.1859,49.5216,48.9622,49.4657,545358
26-02-2018,49.5536,50.0651,49.5536,49.8493,813343
27-02-2018,49.9532,50.2969,49.7774,49.9772,1052829
28-02-2018,50.0731,50.177,49.5056,49.5216,1412009
01-03-2018,49.5616,49.6655,48.8822,49.4017,1035426
02-03-2018,48.8183,49.1939,48.6425,48.9302,1001556
05-03-2018,48.2748,48.9302,48.1149,48.6504,931925
06-03-2018,49.0261,49.3218,48.9222,49.1939,576651
07-03-2018,48.8423,49.2978,48.7264,49.2259,688516
08-03-2018,49.3778,49.6255,49.2659,49.5936,676255
09-03-2018,49.9452,50.4408,49.5776,50.3688,801407
12-03-2018,50.3369,50.7525,50.191,50.2809,420617
13-03-2018,50.4008,50.5447,50.0691,50.0891,694231
14-03-2018,50.4727,50.5846,50.0651,50.5447,724269
15-03-2018,50.5127,50.5207,50.169,50.2649,729989
16-03-2018,50.233,50.5207,50.177,50.233,919873
19-03-2018,50.3129,50.4529,49.8333,50.3608,705152
20-03-2018,50.3768,50.4488,50.0491,50.0571,886846
21-03-2018,50.3928,50.7765,50.2969,50.5527,816359
22-03-2018,50.193,50.2649,49.5936,49.8174,859584
23-03-2018,50.0891,50.3928,49.0741,49.2099,965640
26-03-2018,49.4817,49.5696,48.8662,49.2339,812776
27-03-2018,49.2898,49.3378,48.4666,48.6824,737965
28-03-2018,48.6025,49.0181,48.2748,48.5386,965602
29-03-2018,48.8503,49.3938,48.5865,49.3138,1032574
02-04-2018,49.2524,49.2524,48.1297,48.6708,932979
03-04-2018,48.9454,49.107,48.5053,48.8808,707820
04-04-2018,48.267,48.7435,48.0731,48.6143,806126
05-04-2018,48.9293,49.317,48.7758,49.2604,834894
06-04-2018,48.9131,49.2327,48.4608,48.7435,704238
09-04-2018,48.9535,49.4866,48.792,49.1716,595174
10-04-2018,49.7935,50.0035,49.6239,49.7127,553545
11-04-2018,49.4866,49.8743,49.4219,49.5189,454141
12-04-2018,49.535,49.632,49.2039,49.3008,443592
13-04-2018,49.6239,49.6239,48.897,48.9939,479239
16-04-2018,49.1958,49.3008,48.9051,49.1312,437812
17-04-2018,49.43,49.43,49.0504,49.1474,483805
18-04-2018,49.1958,49.5593,49.0262,49.1635,460733
19-04-2018,49.212,49.2604,48.5658,48.7193,510585
20-04-2018,48.5093,48.8808,48.5093,48.687,449514
23-04-2018,48.6304,48.792,48.5416,48.7193,420730
24-04-2018,49.0181,49.2039,48.7193,48.8162,664607
25-04-2018,48.6628,48.9535,48.4851,48.8324,597908
26-04-2018,49.0262,49.6158,48.8889,49.3008,822282
27-04-2018,49.422,49.9147,49.4058,49.85,528473
30-04-2018,49.8258,50.1489,49.632,49.64,727033
01-05-2018,49.5835,49.64,49.1797,49.5593,820555
02-05-2018,49.6158,49.8662,49.4866,49.6077,629995
03-05-2018,49.5674,49.745,49.0101,49.4462,878882
04-05-2018,49.1474,49.7935,49.0424,49.5835,512722
07-05-2018,49.5835,49.8985,49.5189,49.7127,377766
08-05-2018,49.5108,49.6562,49.2362,49.64,594457
09-05-2018,50.052,50.2983,49.64,50.2216,493313
10-05-2018,50.5931,50.787,50.3185,50.6335,637367
11-05-2018,50.6335,50.7223,50.4962,50.5366,537456
14-05-2018,50.7708,51.0212,50.682,50.7546,532589
15-05-2018,50.375,50.6335,50.165,50.5285,627130
16-05-2018,50.5689,51.001,50.5689,50.9727,578311
17-05-2018,50.9566,50.9566,50.6416,50.8435,615737
18-05-2018,50.4316,50.4639,49.951,50.3589,657904
21-05-2018,50.4962,50.6739,50.4962,50.6012,215100
22-05-2018,50.9566,51.1019,50.5931,50.6335,542432
23-05-2018,50.165,50.5689,50.0116,50.5285,726304
24-05-2018,50.4396,50.4962,49.8016,50.2862,535147
25-05-2018,49.9227,50.2781,49.8581,49.9066,478471
29-05-2018,49.0989,49.1958,47.5522,47.7581,1722516
30-05-2018,48.2185,48.9212,47.9681,48.8081,1116367
31-05-2018,48.6466,48.7516,48.2508,48.7274,654534
01-06-2018,47.8874,48.2993,47.8308,47.9601,1268322
04-06-2018,48.1539,48.3558,48.0005,48.0166,854753
05-06-2018,47.8147,47.8308,47.3301,47.532,929158
06-06-2018,48.0166,48.0328,47.5603,47.6693,697939
07-06-2018,47.7581,47.8228,47.3139,47.3947,763769
08-06-2018,47.4432,47.6855,47.3058,47.6612,702684
11-06-2018,47.3462,47.3624,47.0232,47.1847,997495
12-06-2018,47.2332,47.2574,46.8535,46.9666,890452
13-06-2018,47.0959,47.3785,46.902,47.3139,900079
14-06-2018,47.427,47.4432,46.8212,46.8939,1061815
15-06-2018,46.6032,46.7243,46.4497,46.587,1326954
18-06-2018,46.5466,46.6597,46.377,46.6032,532924
19-06-2018,46.2962,46.3043,45.9409,46.1428,974481
20-06-2018,46.2639,46.4497,46.2316,46.2882,1004404
21-06-2018,46.3286,46.6678,46.2801,46.6112,668853
22-06-2018,46.692,46.8859,46.587,46.8374,628300
25-06-2018,46.7243,46.7405,45.9893,46.0782,752078
26-06-2018,46.1266,46.2397,45.8278,46.0055,851328
27-06-2018,46.0539,46.272,45.6339,45.6824,892267
28-06-2018,45.852,45.8763,45.5451,45.7147,987862
29-06-2018,45.7147,46.3166,45.327,46.2155,1700987
02-07-2018,46.1406,46.1406,45.6075,45.8711,716092
03-07-2018,46.2631,46.4101,45.9364,46.0344,887898
05-07-2018,46.3366,46.6796,46.2141,46.5652,889116
06-07-2018,46.5326,46.8674,46.4591,46.7857,781020
09-07-2018,47.1206,47.1206,46.7776,46.8184,893275
10-07-2018,46.9164,46.9246,46.6632,46.8184,1054348
11-07-2018,46.5979,46.8837,46.3325,46.3937,853761
12-07-2018,46.6551,46.9327,46.5652,46.8102,809320
13-07-2018,46.7449,46.8837,46.5734,46.8347,645253
16-07-2018,46.9572,47.2839,46.9491,47.1941,459505
17-07-2018,47.1042,47.292,47.0389,47.1124,819411
18-07-2018,47.0307,47.1859,46.8919,47.1369,429444
19-07-2018,46.8592,47.0471,46.7816,46.9001,599243
20-07-2018,47.2512,47.3737,47.1859,47.292,517203
23-07-2018,47.1941,47.3002,47.1042,47.2104,415561
24-07-2018,47.3165,47.5942,47.2757,47.4717,594172
25-07-2018,47.4962,48.0352,47.4717,47.9862,716625
26-07-2018,47.8392,47.9535,47.6677,47.733,613244
27-07-2018,47.7167,47.9495,47.7167,47.9045,636003
30-07-2018,48.0352,48.4027,48.0352,48.1005,549692
31-07-2018,48.2067,48.4517,48.0515,48.3864,704974
01-08-2018,48.419,48.6885,48.2557,48.419,744277
02-08-2018,48.1414,48.4272,47.782,48.3047,624052
03-08-2018,48.2557,48.473,48.2394,48.3864,454029
06-08-2018,48.3864,48.4762,48.1985,48.2557,399659
07-08-2018,48.5007,48.5742,47.5942,47.7657,1002997
08-08-2018,47.7494,48.1577,47.6269,48.076,568937
09-08-2018,48.0924,48.2312,48.0189,48.1985,595025
10-08-2018,47.7984,47.831,47.3165,47.4717,700867
13-08-2018,47.3819,47.6759,47.3165,47.3737,407623
14-08-2018,47.684,48.0393,47.5779,47.9944,611524
15-08-2018,47.537,47.635,47.2022,47.4472,605366
16-08-2018,47.6595,47.8474,47.5044,47.537,601042
17-08-2018,47.831,48.5334,47.7412,48.419,798026
20-08-2018,48.4109,48.7293,48.4109,48.6232,566242
21-08-2018,48.7783,48.9825,48.5089,48.5089,615541
22-08-2018,48.6559,49.0233,48.6314,48.9907,600089
23-08-2018,48.7702,48.9988,48.5905,48.6232,622140
24-08-2018,48.8192,48.9825,48.6722,48.7865,416646
27-08-2018,48.9907,49.4888,48.9498,49.3745,703191
28-08-2018,49.3745,49.3827,48.37,48.5415,1170590
29-08-2018,48.4925,48.5252,47.7984,48.0515,981325
30-08-2018,47.831,47.9454,47.635,47.6759,907982
31-08-2018,47.4717,47.5942,47.1696,47.2839,714024
04-09-2018,46.7041,46.8429,46.2876,46.6061,878357
05-09-2018,46.5407,46.7857,46.3774,46.4591,1006329
06-09-2018,46.3774,46.9409,46.1904,46.7367,1129801
07-09-2018,46.6387,46.6632,46.3039,46.4754,698873
10-09-2018,46.6224,46.6877,46.4346,46.4917,559933
11-09-2018,46.4836,47.1124,46.3937,47.1042,769982
12-09-2018,47.2104,47.3655,47.0552,47.1042,733775
13-09-2018,47.2839,47.4186,47.1042,47.1777,487440
14-09-2018,47.1941,47.3492,47.0185,47.2512,414559
17-09-2018,47.3002,47.7004,47.2675,47.6677,490039
18-09-2018,47.8392,48.3129,47.684,48.2067,484801
19-09-2018,48.272,48.5905,48.1087,48.517,626169
20-09-2018,48.8518,49.1704,48.7783,49.1213,845534
21-09-2018,49.0887,49.4235,49.0887,49.301,834090
24-09-2018,49.3827,49.4072,49.0233,49.0642,569103
25-09-2018,49.154,49.2193,48.7375,48.7457,657462
26-09-2018,48.6232,49.0397,48.615,48.6803,666991
27-09-2018,48.6314,48.9335,48.5742,48.6559,635463
28-09-2018,48.7457,48.811,48.5252,48.6967,818374
01-10-2018,49.7558,49.7723,48.8971,49.1035,762928
02-10-2018,48.9548,49.0209,48.4594,48.5833,893239
03-10-2018,48.7649,48.7815,48.3934,48.4925,1830788
04-10-2018,48.3108,48.476,47.6585,47.9558,684873
05-10-2018,47.9805,48.2613,47.8512,47.9805,746108
08-10-2018,48.0218,48.0384,47.6833,47.8237,331094
09-10-2018,47.7698,47.8154,47.4438,47.5099,650738
10-10-2018,47.4108,47.5347,46.742,46.742,748764
11-10-2018,46.3292,46.4778,45.5365,45.6521,1271347
12-10-2018,46.2383,46.2631,45.2269,45.4209,1126681
15-10-2018,45.6026,45.6439,45.0576,45.2062,713590
16-10-2018,45.5035,45.8007,45.3053,45.776,780873
17-10-2018,45.776,45.875,45.3879,45.8007,662400
18-10-2018,45.5448,45.6191,44.8595,45.0906,792840
19-10-2018,45.1567,45.3466,44.7769,44.7769,984319
22-10-2018,44.8925,44.9338,44.5457,44.6613,643889
23-10-2018,44.2154,44.8099,43.8191,44.62,824389
24-10-2018,44.4962,44.6365,43.7118,43.7448,892142
25-10-2018,44.1328,44.5622,43.7283,44.3062,923578
26-10-2018,43.7118,44.2732,43.4558,44.1328,856829
29-10-2018,44.587,44.6943,43.5218,43.7118,892965
30-10-2018,43.7613,44.1989,43.5631,44.0751,910018
31-10-2018,44.5292,44.7934,44.3228,44.3475,614469
01-11-2018,44.7108,44.7439,44.2072,44.5952,935188
02-11-2018,44.8017,45.0659,44.4177,44.8099,1064312
05-11-2018,44.8925,45.1361,44.6654,44.7026,1309040
06-11-2018,44.5952,44.7934,44.298,44.7604,556720
07-11-2018,45.0246,45.0824,44.62,44.7191,713124
08-11-2018,44.7273,45.0328,44.653,44.8182,586050
09-11-2018,44.6861,44.7273,43.9264,44.2484,1004960
12-11-2018,44.2319,44.265,43.8686,43.9099,617033
13-11-2018,43.9925,44.5622,43.9925,44.2072,792489
14-11-2018,44.4631,44.6778,44.0503,44.3558,687716
15-11-2018,44.2237,44.6613,44.0833,44.5209,993482
16-11-2018,44.3971,44.62,44.3475,44.5127,516219
19-11-2018,44.5127,44.5127,44.0049,44.3393,942272
20-11-2018,43.9429,43.9429,43.0099,43.1668,943214
21-11-2018,43.4558,44.2154,43.4145,43.8273,1098036
23-11-2018,43.5053,43.7283,43.431,43.5962,455137
26-11-2018,44.0503,44.1246,43.7035,43.753,1383086
27-11-2018,43.6787,43.8108,43.2989,43.5549,830335
28-11-2018,43.6209,44.9255,43.6044,44.7191,1621282
29-11-2018,44.8017,45.3549,44.7769,45.165,1341828
30-11-2018,45.0824,45.2062,44.7604,44.9007,1003537
03-12-2018,45.7264,45.8338,45.0741,45.3218,941121
04-12-2018,45.198,45.2434,44.4342,44.6283,970551
06-12-2018,43.7613,44.1659,43.2329,44.1576,1342321
07-12-2018,44.3723,44.7934,44.2072,44.4301,1341399
10-12-2018,44.3558,44.4796,44.0668,44.2402,1347422
11-12-2018,44.5457,45.0163,44.0751,44.0751,1380658
12-12-2018,44.6283,44.9668,44.3475,44.6695,1102956
13-12-2018,44.7191,45.0576,44.4218,44.5374,776384
14-12-2018,44.2319,44.653,44.1246,44.4962,782013
17-12-2018,44.3228,44.5374,43.8851,44.1163,1154779
18-12-2018,44.0668,44.2567,43.4393,43.5796,1264655
19-12-2018,43.6705,43.9099,42.6962,42.7787,1156828
20-12-2018,42.7209,42.9108,42.2585,42.3824,1236583
21-12-2018,42.2668,42.2751,40.7723,40.8053,1467126
24-12-2018,40.5164,41.0365,40.2934,40.5576,936298
26-12-2018,40.6402,41.565,39.9136,41.5567,956512
27-12-2018,41.1769,41.4246,40.6319,41.4163,1107393
28-12-2018,41.6558,42.0356,41.3751,41.598,1084662
31-12-2018,41.309,41.3998,40.9705,41.1769,915616
02-01-2019,40.8797,41.6806,40.7711,41.5237,788871
03-01-2019,41.5237,41.6641,41.0448,41.5402,836293
04-01-2019,42.1099,42.3452,41.8705,42.2585,720948
07-01-2019,42.531,42.7952,42.3163,42.6879,861731
08-01-2019,42.9934,43.1668,42.5393,43.0677,689606
09-01-2019,43.3237,44.0833,43.2411,44.0585,1424819
10-01-2019,43.9264,44.4301,43.7365,44.3971,870746
11-01-2019,44.2484,44.4218,44.042,44.3971,598896
14-01-2019,44.2484,44.6117,44.2154,44.2732,581411
15-01-2019,44.3723,44.5952,44.0751,44.5539,485300
16-01-2019,44.7851,45.2118,44.6283,45.0163,583196
17-01-2019,44.7604,45.6273,44.7356,45.4952,731723
18-01-2019,45.8998,46.065,45.5613,45.6108,708867
22-01-2019,45.3796,45.6273,45.1815,45.6191,701507
23-01-2019,45.7182,45.7842,45.1732,45.3879,786726
24-01-2019,45.3631,45.5283,45.1072,45.4539,591955
25-01-2019,45.8668,45.9824,45.6191,45.9246,550088
28-01-2019,45.5613,45.9741,45.5448,45.9741,421472
29-01-2019,45.9659,46.42,45.9659,46.3044,544016
30-01-2019,46.5934,46.998,46.4613,46.7833,489950
31-01-2019,46.6925,47.064,46.6512,47.0145,906726
01-02-2019,47.0558,47.064,46.5769,46.5769,626934
04-02-2019,46.6347,46.8246,46.453,46.775,549697
05-02-2019,46.7916,46.8989,46.4861,46.8824,499457
06-02-2019,46.742,46.9815,46.6347,46.6925,588649
07-02-2019,46.4861,46.5604,46.1558,46.4448,564982
08-02-2019,46.3787,46.5521,45.9328,46.3457,589292
11-02-2019,46.42,46.4613,45.9948,46.2218,878806
12-02-2019,46.5438,46.6264,46.4283,46.5273,779370
13-02-2019,46.6264,46.7255,46.4448,46.4778,444915
14-02-2019,46.2053,46.2796,45.8338,46.1888,1102778
15-02-2019,46.4035,46.7255,46.3374,46.6264,981677
19-02-2019,46.4778,46.8535,46.3127,46.775,1015840
20-02-2019,46.8494,47.5347,46.8246,47.4026,642844
21-02-2019,47.2787,47.4521,47.031,47.1466,631723
22-02-2019,47.2539,47.3943,47.1383,47.353,511433
25-02-2019,47.4851,47.576,47.1879,47.2127,959840
26-02-2019,45.8172,46.1805,45.4705,45.8338,1431737
27-02-2019,45.9411,45.9906,45.6108,45.6686,1011866
28-02-2019,45.4292,45.9328,45.3301,45.875,1324457
01-03-2019,45.9494,46.0154,45.0659,45.1072,1288953
04-03-2019,45.2228,45.4457,45.0081,45.1567,837680
05-03-2019,45.1732,45.1732,44.5952,44.8017,915025
06-03-2019,44.6943,44.909,44.587,44.6613,928569
07-03-2019,44.6695,44.7686,44.2319,44.3723,1207208
08-03-2019,44.265,44.6943,43.9925,44.5044,974845
11-03-2019,44.5292,44.8347,44.3888,44.7191,867710
12-03-2019,44.8925,45.0494,44.6489,45.0081,652808
13-03-2019,45.198,45.3053,45.0494,45.2145,550949
14-03-2019,45.1567,45.2475,44.942,45.1154,559178
15-03-2019,45.2558,45.4374,45.1072,45.231,651261
18-03-2019,45.2475,45.5778,45.1484,45.5695,571033
19-03-2019,45.8338,46.0154,45.4952,45.5943,609377
20-03-2019,45.3961,45.52,45.1608,45.2228,826096
21-03-2019,44.975,45.0354,44.5736,44.7356,743424
22-03-2019,44.4053,44.4507,43.8026,43.8769,1219565
25-03-2019,43.8191,43.9264,43.3484,43.5962,853509
26-03-2019,43.9017,43.976,43.4558,43.5631,2901483
27-03-2019,43.4228,43.7035,43.3402,43.5714,2832078
28-03-2019,43.4888,43.8851,43.4888,43.8108,803944
29-03-2019,44.2154,44.2484,43.9165,43.9925,1079103
01-04-2019,44.3625,44.6968,44.1787,44.6049,856682
02-04-2019,44.5882,44.655,44.187,44.3291,834002
03-04-2019,44.4963,44.7052,44.396,44.4963,620068
04-04-2019,44.4963,44.7888,44.421,44.63,940981
05-04-2019,44.5965,44.6383,44.3876,44.5464,424514
08-04-2019,44.5715,44.7219,44.4879,44.7136,905072
09-04-2019,44.5965,44.5965,44.304,44.5715,471443
10-04-2019,44.5798,44.8306,44.396,44.7386,476436
11-04-2019,44.5965,44.8807,44.5464,44.5798,485477
12-04-2019,44.9058,45.1398,44.7888,44.981,634809
15-04-2019,45.0061,45.1858,44.9183,45.0228,413240
16-04-2019,45.0813,45.5159,45.0311,45.3989,497336
17-04-2019,45.658,45.683,45.4323,45.6162,455827
18-04-2019,45.5159,45.7583,45.5159,45.683,370710
22-04-2019,45.5827,45.7081,45.3905,45.449,1425526
23-04-2019,45.2735,45.5326,45.1147,45.5159,604591
24-04-2019,45.2986,45.3404,44.9392,44.9392,633205
25-04-2019,44.9141,45.2944,44.8222,45.1732,436080
26-04-2019,45.215,45.5995,45.1481,45.5911,527865
29-04-2019,45.5744,45.9505,45.566,45.7332,460283
30-04-2019,45.7499,46.1009,45.6663,46.0173,415511
01-05-2019,46.0341,46.243,45.7332,45.7666,419448
02-05-2019,45.7917,45.8502,45.3404,45.3571,572780
03-05-2019,45.5159,45.8669,45.4657,45.6914,389595
06-05-2019,45.2067,45.6998,44.9225,45.6747,419914
07-05-2019,45.1732,45.2693,44.9852,45.215,500213
08-05-2019,45.1983,45.2401,44.9058,44.9058,435685
09-05-2019,44.7052,44.8807,44.513,44.7721,562861
10-05-2019,44.8723,45.1649,44.4085,45.0896,565796
13-05-2019,44.6968,44.6968,43.9363,44.1034,611281
14-05-2019,44.187,44.4963,44.0784,44.2873,515671
15-05-2019,44.0449,44.3602,43.9948,44.2288,439880
16-05-2019,44.4127,44.5882,44.2873,44.396,493868
17-05-2019,44.0867,44.4043,44.0366,44.3625,341565
20-05-2019,44.0867,44.63,44.0867,44.4377,1414869
21-05-2019,44.513,44.8556,44.4712,44.7219,508572
22-05-2019,44.6634,44.6718,44.1536,44.396,509365
23-05-2019,43.9363,43.9446,43.4348,43.7023,766031
24-05-2019,43.8778,44.0282,43.836,43.9112,889249
28-05-2019,43.3847,43.5769,42.6074,43.3095,1258813
29-05-2019,43.1841,43.4098,42.8999,43.134,729555
30-05-2019,43.2259,43.2342,42.6826,42.9501,760206
31-05-2019,42.5322,42.6492,42.2648,42.3734,774661
03-06-2019,42.5071,43.1507,42.457,42.9417,909910
04-06-2019,43.3011,43.7551,43.0922,43.6772,1242983
05-06-2019,43.836,43.836,43.3554,43.5435,453993
06-06-2019,43.6605,43.8945,43.5769,43.7691,475804
07-06-2019,44.0951,44.4879,44.0366,44.2873,1016870
10-06-2019,44.4795,44.6592,44.4628,44.5213,436433
11-06-2019,44.6634,44.747,44.3625,44.4963,2453436
12-06-2019,44.4461,44.5297,43.9864,44.0031,508957
13-06-2019,44.0784,44.1954,43.9196,44.0617,525875
14-06-2019,43.9029,44.1285,43.7357,43.9948,399957
17-06-2019,44.0199,44.2706,43.9614,43.9864,331745
18-06-2019,44.2037,44.5715,44.1703,44.4461,429045
19-06-2019,44.6049,44.864,44.6049,44.8306,504021
20-06-2019,45.2484,45.4407,44.9559,45.2317,471727
21-06-2019,45.1816,45.3446,45.0813,45.2067,525200
24-06-2019,45.2986,45.566,45.2484,45.424,473941
25-06-2019,45.541,45.541,45.1983,45.2484,485304
26-06-2019,45.3404,45.5827,45.1899,45.3153,509045
27-06-2019,45.424,45.6245,45.2401,45.2735,1510475
28-06-2019,45.9353,46.0622,45.8338,45.9776,808526
01-07-2019,46.4085,46.6311,46.0488,46.0745,409284
02-07-2019,46.2543,46.3485,46.0488,46.22,1449714
03-07-2019,46.3228,46.6825,46.31,46.6397,1116591
05-07-2019,46.6054,46.6311,46.2843,46.477,443574
08-07-2019,46.3399,46.4341,46.2457,46.3742,401666
09-07-2019,46.1515,46.4941,46.0745,46.3228,556019
10-07-2019,46.5198,46.7425,46.2372,46.3228,558881
11-07-2019,46.4855,46.4855,46.0488,46.2629,610129
12-07-2019,46.2286,46.2543,45.8004,45.8347,499553
15-07-2019,45.9117,45.9974,45.4364,45.5949,451708
16-07-2019,45.6463,45.7918,45.4236,45.4578,619930
17-07-2019,45.5178,45.5692,45.2908,45.3123,485177
18-07-2019,45.2352,45.6206,45.2095,45.5949,545261
19-07-2019,45.6034,45.7191,45.3979,45.4921,387610
22-07-2019,45.4921,45.5007,45.1239,45.3037,1363165
23-07-2019,45.3294,45.5777,45.278,45.4835,589861
24-07-2019,45.3893,45.9032,45.3808,45.7918,503333
25-07-2019,45.8775,46.3913,45.6463,46.0145,1004024
26-07-2019,46.1344,46.1772,45.8347,45.886,330574
29-07-2019,46.0488,46.1258,45.8689,46.0488,576557
30-07-2019,45.8261,45.8946,45.5863,45.886,476503
31-07-2019,45.9203,46.1087,45.4578,45.7148,644455
01-08-2019,45.6291,46.0316,45.2309,45.3722,646070
02-08-2019,45.2095,45.2609,44.7213,45.0553,642663
05-08-2019,44.5586,44.6288,44.1646,44.3017,1458225
06-08-2019,44.5244,44.6014,43.7964,44.1732,911768
07-08-2019,43.7022,44.5672,43.5309,44.4216,1336092
08-08-2019,44.5672,45.1838,44.3959,44.9183,554059
09-08-2019,44.9098,45.2181,44.67,44.807,561751
12-08-2019,44.4987,44.6956,44.3017,44.4987,432237
13-08-2019,44.336,44.9868,44.276,44.7128,1201280
14-08-2019,44.2161,44.2161,43.411,43.5395,861290
15-08-2019,43.4881,43.5995,43.1284,43.3425,607319
16-08-2019,43.6765,43.9677,43.5823,43.6937,782433
19-08-2019,43.8906,44.139,43.7108,44.0191,452298
20-08-2019,43.8992,44.0362,43.5823,43.6937,604290
21-08-2019,44.0448,44.1133,43.7879,43.9078,475644
22-08-2019,44.0448,44.2846,43.9335,44.1304,960425
23-08-2019,43.9335,44.2931,43.5052,43.6594,773212
26-08-2019,43.7622,44.0533,43.668,43.8735,796430
27-08-2019,44.1219,44.7213,43.8992,44.0876,1076605
28-08-2019,44.0191,44.8669,43.9934,44.6528,1093205
29-08-2019,44.9098,45.6206,44.8669,45.3893,1116601
30-08-2019,45.612,45.886,45.4322,45.5692,915829
03-09-2019,45.1153,45.3808,44.9269,45.1752,1811616
04-09-2019,45.5521,46.083,45.4835,45.9974,644492
05-09-2019,46.2629,46.5113,46.2457,46.3399,682139
06-09-2019,46.4513,46.9651,46.4085,46.8281,552137
09-09-2019,47.0165,47.3077,46.9994,47.222,1256838
10-09-2019,47.2991,47.6074,47.1878,47.479,822842
11-09-2019,47.6074,48.0527,47.4875,47.8386,793826
12-09-2019,47.6502,48.3525,47.6245,48.1298,686388
13-09-2019,48.3182,48.6608,48.2155,48.3611,1267868
16-09-2019,48.0784,48.2925,47.8386,48.147,674796
17-09-2019,48.0442,48.4895,47.9157,48.3439,492493
18-09-2019,48.2412,48.4467,47.9757,48.1127,708472
19-09-2019,48.0613,48.3996,48.0613,48.1384,615999
20-09-2019,48.224,48.5323,48.087,48.1812,885290
23-09-2019,48.1726,48.3525,48.0185,48.3439,924535
24-09-2019,48.4809,48.9434,48.4724,48.6694,1324959
25-09-2019,48.6008,48.9434,48.4809,48.8578,2763049
26-09-2019,49.1233,49.2603,48.9948,49.1147,1163490
27-09-2019,49.3031,49.4316,49.0933,49.2945,3050435
30-09-2019,49.3986,49.5459,49.2426,49.2686,725066
01-10-2019,49.1993,49.3726,48.6359,48.8873,851418
02-10-2019,48.5146,48.5666,47.8993,48.0813,2319021
03-10-2019,48.012,48.012,47.5093,47.9773,783461
04-10-2019,48.0553,48.4063,47.908,48.3759,817343
07-10-2019,48.3413,48.4886,48.2633,48.3413,418485
08-10-2019,48.2113,48.3759,48.012,48.2459,826966
09-10-2019,48.4973,48.7573,48.3586,48.6186,1522960
10-10-2019,48.6793,49.0346,48.6273,48.7573,640523
11-10-2019,49.1386,49.6932,49.1386,49.3379,706355
14-10-2019,49.2253,49.3206,48.9826,49.2599,778528
15-10-2019,49.4332,49.9706,49.3292,49.6066,611968
16-10-2019,49.6152,49.9099,49.6152,49.7192,457303
17-10-2019,49.9272,49.9532,49.6759,49.7712,475844
18-10-2019,49.8406,49.9879,49.7886,49.9099,542895
21-10-2019,50.0659,50.1266,49.5372,49.8839,1482678
22-10-2019,49.9012,49.9836,49.6759,49.7539,752463
23-10-2019,49.8319,49.8666,49.6499,49.7712,697328
24-10-2019,49.8492,49.8492,49.5719,49.7886,466389
25-10-2019,49.7106,49.9706,49.6412,49.8666,500685
28-10-2019,50.0052,50.1006,49.7626,49.8839,541063
29-10-2019,49.7886,50.1526,49.7539,49.9792,508100
30-10-2019,49.9879,49.9879,49.6412,49.8579,433132
31-10-2019,49.7366,49.9446,49.5372,49.6846,561585
01-11-2019,49.8232,50.0312,49.7019,49.9879,411912
04-11-2019,50.0832,50.3606,50.0832,50.2652,2226567
05-11-2019,50.3086,50.4386,50.1872,50.2479,535171
06-11-2019,50.1786,50.3172,50.0572,50.2652,473476
07-11-2019,50.3259,50.4559,50.2132,50.2566,385849
08-11-2019,50.0139,50.1482,49.9099,50.1179,390438
11-11-2019,50.0139,50.243,49.9792,50.1439,1184167
12-11-2019,50.1266,50.2739,49.9272,50.0052,320753
13-11-2019,49.8232,49.9359,49.6846,49.7539,1005394
14-11-2019,49.6672,49.7972,49.5806,49.7886,430256
15-11-2019,49.8492,49.9272,49.7366,49.8146,711854
18-11-2019,49.7452,50.1266,49.7192,50.0486,567143
19-11-2019,50.0832,50.1526,49.9012,49.9359,411079
20-11-2019,49.7799,49.8406,49.5892,49.6586,695356
21-11-2019,49.7712,49.7972,49.5026,49.6499,1252858
22-11-2019,49.7279,49.7452,49.2166,49.2686,1179676
25-11-2019,49.3466,49.4766,49.1559,49.3899,851992
26-11-2019,49.2599,49.6326,48.7919,49.0519,1041878
27-11-2019,49.0433,49.2599,48.8743,48.8873,1161224
29-11-2019,48.8266,48.9003,48.6186,48.6359,438348
02-12-2019,48.7659,48.8353,48.4539,48.6533,749599
03-12-2019,48.3066,48.3413,47.9383,48.1853,946649
04-12-2019,48.3673,48.7399,48.2026,48.7313,756175
05-12-2019,48.9133,49.2599,48.7139,49.2426,1471046
06-12-2019,49.2426,49.4159,49.0606,49.1473,662420
09-12-2019,49.0866,49.1906,48.8959,49.1126,595031
10-12-2019,49.0953,49.0953,48.5926,48.8526,668471
11-12-2019,48.9739,49.0693,48.8613,49.0259,492792
12-12-2019,49.0953,49.4766,48.9739,49.1646,972679
13-12-2019,48.9913,49.1386,48.3153,48.5059,1271282
16-12-2019,48.8959,49.0433,48.7746,48.7746,682576
17-12-2019,48.7486,49.0433,48.5839,49.0346,770369
18-12-2019,49.1126,49.1299,48.4799,48.6446,805850
19-12-2019,48.6013,48.7919,48.3889,48.4366,702212
20-12-2019,48.4193,48.6966,48.4106,48.5146,617322
23-12-2019,48.5233,48.5753,48.2719,48.3239,813523
24-12-2019,48.3239,48.3499,48.0986,48.3326,267845
26-12-2019,48.3759,48.4106,48.2026,48.3933,253815
27-12-2019,48.5579,48.6879,48.4886,48.6186,588230
30-12-2019,48.7139,48.8266,48.5059,48.6966,674075
31-12-2019,48.7659,49.0173,48.7139,48.9566,623268
02-01-2020,49.0519,49.2079,48.9739,49.1559,738096
03-01-2020,48.8613,49.1646,48.7833,49.0953,794055
06-01-2020,49.0111,49.09,48.7302,49.0111,1310202
07-01-2020,48.7478,48.7829,48.3004,48.432,1425741
08-01-2020,48.4057,49.0725,48.4057,48.7391,764279
09-01-2020,48.818,48.8795,48.4057,48.546,870495
10-01-2020,48.546,48.546,48.2126,48.3881,783377
13-01-2020,48.4583,48.5592,48.2828,48.5548,786430
14-01-2020,48.511,48.6601,48.353,48.4057,685798
15-01-2020,48.4057,48.5987,48.2477,48.5811,628893
16-01-2020,48.6864,48.818,48.5636,48.8093,591147
17-01-2020,48.818,48.8882,48.5724,48.6689,562209
21-01-2020,48.7128,48.8882,48.6689,48.7215,505049
22-01-2020,48.8356,49.0286,48.6832,48.976,717971
23-01-2020,48.8531,49.1076,48.6952,49.0725,574723
24-01-2020,49.09,49.2129,48.7478,48.9496,637866
27-01-2020,48.2477,48.7654,48.2477,48.7215,811597
28-01-2020,48.8444,48.8444,48.5811,48.7654,567190
29-01-2020,48.7654,48.8531,48.4846,48.4934,545876
30-01-2020,48.2477,48.4671,47.9714,48.353,776280
31-01-2020,47.9933,48.0459,47.7038,47.9231,913428
03-02-2020,48.0196,48.1495,47.6687,47.6862,491588
04-02-2020,48.2477,48.3004,48.0986,48.2039,569838
05-02-2020,48.4408,48.4934,48.1819,48.3881,626328
06-02-2020,48.4759,48.9146,48.4434,48.8356,1263247
07-02-2020,48.6338,49.0944,48.6075,49.0549,1119086
10-02-2020,48.9584,49.1076,48.9146,49.0023,719915
11-02-2020,49.1339,49.2392,49.0286,49.0725,494462
12-02-2020,49.1778,49.4322,49.1251,49.3971,507664
13-02-2020,49.2567,49.4498,49.2392,49.3708,534540
14-02-2020,49.3971,49.5858,49.362,49.4849,575969
18-02-2020,49.2918,49.4761,49.2304,49.4059,558297
19-02-2020,49.5463,49.6516,49.4498,49.4849,489555
20-02-2020,49.4585,49.6472,49.2918,49.362,655841
21-02-2020,49.2392,49.4234,49.1514,49.2743,671611
24-02-2020,48.3618,48.6338,48.1512,48.2477,1074735
25-02-2020,48.6338,48.6338,47.5546,47.7388,1352054
26-02-2020,47.9319,48.432,47.6467,47.7476,1106604
27-02-2020,47.1949,47.2738,46.2166,46.8615,2363929
28-02-2020,45.7559,46.3701,44.94,45.9314,2388389
02-03-2020,45.8349,46.5456,45.3436,46.4403,1867053
03-03-2020,46.4666,46.8,45.6156,45.7033,1996453
04-03-2020,46.2561,46.3613,45.7296,46.2999,2995933
05-03-2020,45.5541,45.6331,44.5188,44.9137,2698149
06-03-2020,44.0801,44.3609,43.6414,43.8783,3020207
09-03-2020,39.9739,42.0621,38.0086,38.07,3372872
10-03-2020,39.5352,39.6318,37.3067,38.5789,4336389
11-03-2020,37.6576,38.4911,37.1663,37.3242,4355364
12-03-2020,35.0518,35.0518,31.007,32.288,3681326
13-03-2020,33.8673,37.5787,33.5076,37.5611,4117270
16-03-2020,32.3494,35.2623,32.2617,32.9811,3167311
17-03-2020,33.4111,34.4551,31.5159,33.2707,2159322
18-03-2020,31.7089,32.1652,29.0329,30.6473,2719447
19-03-2020,30.0419,30.8929,29.1118,30.7438,1816995
20-03-2020,31.823,33.7269,29.9366,30.5595,2305364
23-03-2020,30.0506,30.6999,28.0223,28.2169,3252399
24-03-2020,30.0243,32.1652,29.8313,31.9985,2795303
25-03-2020,32.674,36.3766,31.9195,35.0518,3979202
26-03-2020,35.5168,37.4295,35.3764,36.324,2686560
27-03-2020,34.9026,35.2623,33.7883,33.9901,1750245
30-03-2020,33.7796,34.1919,32.7355,33.9814,1829900
31-03-2020,33.7971,35.9818,33.7883,35.6221,2103712
01-04-2020,34.2533,34.7184,33.4725,33.6041,2991570
02-04-2020,33.7796,34.7622,33.4198,34.0779,1886670
03-04-2020,33.9199,34.3148,33.3321,33.8673,1526959
06-04-2020,35.0029,35.3328,34.5126,34.9316,2538078
07-04-2020,36.6702,37.1427,35.15,35.3863,2251161
08-04-2020,35.5468,36.0817,34.8647,35.841,1978278
09-04-2020,36.7058,37.0357,35.9123,36.6077,2069828
13-04-2020,36.5721,36.6523,35.4933,35.8232,2708002
14-04-2020,36.367,36.5364,35.1991,35.6894,1723916
15-04-2020,34.3253,34.7176,33.9241,33.9865,1514515
16-04-2020,33.8885,34.1648,32.774,32.8275,1786163
17-04-2020,34.361,34.7087,33.8706,34.6285,1596709
20-04-2020,33.8082,35.1456,33.1663,34.5482,2099771
21-04-2020,33.5675,34.2808,33.0147,33.0593,1584412
22-04-2020,33.6745,33.8885,33.1574,33.3624,1309205
23-04-2020,33.6834,34.0222,33.3714,33.4694,1100228
24-04-2020,33.6388,33.7993,33.0415,33.7102,1167421
27-04-2020,33.9509,34.7087,33.728,34.5661,1876383
28-04-2020,35.4665,35.6092,34.8424,35.3239,1653775
29-04-2020,36.3046,37.2051,36.1441,37.1249,1128906
30-04-2020,36.5275,36.7593,35.7697,35.7875,1361057
01-05-2020,34.8692,34.8692,34.3164,34.4591,1462624
04-05-2020,34.1559,34.5215,33.4248,33.9509,1980988
05-05-2020,34.4234,34.5928,33.6745,33.7191,1148362
06-05-2020,33.8706,34.0133,33.1663,33.3446,1583898
07-05-2020,33.7726,34.1559,33.3624,33.3892,1000504
08-05-2020,33.8439,34.0044,33.5764,33.933,1126088
11-05-2020,33.5675,34.04,33.1797,33.9509,1313452
12-05-2020,34.2629,34.5393,33.4159,33.4427,1135302
13-05-2020,33.407,33.5318,31.508,31.927,3050065
14-05-2020,31.4812,32.5843,30.9641,32.1142,2477339
15-05-2020,31.927,32.1134,31.4634,31.5971,1432330
18-05-2020,32.667,34.5259,32.5868,34.1559,1522912
19-05-2020,33.8528,33.8795,32.667,32.6759,2235211
20-05-2020,33.2198,33.4873,33.0147,33.1128,1048885
21-05-2020,33.0593,33.2733,32.355,32.8632,1021770
22-05-2020,32.8632,32.8632,31.878,32.5779,1375543
26-05-2020,34.4412,36.3492,34.1738,36.0639,2581093
27-05-2020,37.0357,37.7757,36.8217,37.5796,2131209
28-05-2020,37.8024,37.9183,36.8396,37.0892,2423482
29-05-2020,36.6612,36.6612,35.3774,35.6805,1592949
01-06-2020,35.9034,37.263,35.9034,36.9287,1340788
02-06-2020,37.633,38.0164,37.3923,37.6509,1112988
03-06-2020,38.4265,39.2379,38.3463,38.9615,1468294
04-06-2020,38.8991,39.2111,38.2215,39.0061,1301474
05-06-2020,40.7981,41.0567,39.9155,40.1562,1316378
08-06-2020,41.0477,41.1547,40.1562,40.6644,1764222
09-06-2020,39.969,40.7446,39.5767,40.3791,1386312
10-06-2020,40.2097,40.5039,39.6212,39.9422,1585149
11-06-2020,38.2036,38.7832,37.2675,37.5261,2022494
12-06-2020,38.694,39.1034,37.9406,38.3552,2116086
15-06-2020,37.2853,38.7653,37.1783,38.1234,1660991
16-06-2020,39.3894,39.3894,37.9897,38.5781,2005537
17-06-2020,38.7386,38.8367,38.1234,38.3374,1440677
18-06-2020,38.0521,38.382,37.7846,37.8827,837628
19-06-2020,38.382,38.382,37.3388,37.4904,1164779
22-06-2020,37.4458,37.5617,37.0981,37.3656,929510
23-06-2020,37.8649,38.0075,37.2229,37.3299,4755735
24-06-2020,36.9733,37.1249,36.3314,36.4027,1377350
25-06-2020,36.2868,36.7415,36.162,36.6434,1102814
26-06-2020,36.2868,36.4651,35.3417,35.4755,1281352
29-06-2020,35.7518,36.5855,35.6449,36.3046,978041
30-06-2020,36.0282,36.9287,35.841,36.7682,1674145
01-07-2020,36.8663,37.2586,36.3046,36.3403,650891
02-07-2020,37.2229,37.5261,36.8306,37.0535,4471143
06-07-2020,37.827,38.0263,37.3469,37.6368,1104833
07-07-2020,37.3379,37.4013,36.5407,36.586,948741
08-07-2020,36.6041,36.9121,36.192,36.7038,970804
09-07-2020,36.5589,36.7038,35.8342,36.0969,1098864
10-07-2020,36.0606,37.0571,36.0606,37.0299,1495677
13-07-2020,37.2473,37.8179,37.0163,37.4103,1552963
14-07-2020,37.2654,37.4828,37.0661,37.356,1832040
15-07-2020,37.7183,38.4203,37.7183,37.9357,1232143
16-07-2020,37.6096,38.4882,37.6096,38.1169,916097
17-07-2020,38.0444,38.1893,37.7228,37.7455,863523
20-07-2020,37.6096,37.7817,37.3469,37.4828,790494
21-07-2020,38.0082,38.3161,37.827,37.9991,1078818
22-07-2020,37.9357,38.0716,37.6458,38.0535,640922
23-07-2020,37.7998,38.0806,37.6005,37.8632,814969
24-07-2020,37.8542,37.8542,37.3107,37.4828,863651
27-07-2020,37.356,37.6821,36.9212,37.5734,888584
28-07-2020,37.4737,37.4737,37.1839,37.3016,889591
29-07-2020,37.1748,37.8904,37.0752,37.8361,894786
30-07-2020,37.1386,37.5915,36.8759,37.5462,902025
31-07-2020,37.5462,37.6187,37.048,37.2473,1010782
03-08-2020,37.3016,37.4828,37.0645,37.2926,341627
04-08-2020,37.2563,37.7545,37.1567,37.5643,806521
05-08-2020,37.99,38.1803,37.8089,38.1169,585515
06-08-2020,38.0444,38.4067,38.0444,38.2618,773101
07-08-2020,38.135,38.5064,37.8225,38.4882,753657
10-08-2020,38.7419,39.2663,38.6151,39.2491,798221
11-08-2020,39.8651,40.1731,39.5345,39.6115,1014379
12-08-2020,40.0281,40.2999,40.0236,40.1097,920463
13-08-2020,40.0372,40.2591,39.7292,39.8741,717869
14-08-2020,39.4031,39.6024,39.231,39.4212,995757
17-08-2020,39.4122,39.8198,39.0453,39.2491,727044
18-08-2020,39.4575,39.5028,39.0499,39.2038,1173048
19-08-2020,39.1042,39.3759,38.7147,38.7962,930472
20-08-2020,38.4248,38.6785,38.3161,38.5154,838550
21-08-2020,38.298,38.298,37.9169,38.1621,885364
24-08-2020,38.5154,38.6966,38.2437,38.5879,1317428
25-08-2020,38.5879,38.9502,38.1259,38.5879,1391319
26-08-2020,38.5788,39.4756,38.5788,39.0589,1374010
27-08-2020,39.077,39.8107,39.077,39.7202,1188425
28-08-2020,39.9557,40.0734,39.068,39.2944,982288
31-08-2020,39.3759,39.3759,38.9841,39.1495,1157582
01-09-2020,39.0317,39.0499,38.3252,38.5245,1089197
02-09-2020,38.606,39.1767,38.606,38.7962,1196669
03-09-2020,38.9955,39.0861,38.0353,38.1893,2065091
04-09-2020,38.5517,38.7509,37.9538,38.3977,1493300
08-09-2020,38.0444,38.0444,37.3831,37.519,1256449
09-09-2020,37.8361,38.4248,37.7726,38.135,952838
10-09-2020,38.3795,38.452,37.7364,37.8723,1083807
11-09-2020,37.8904,38.2747,37.7998,38.0353,730400
14-09-2020,38.1893,38.3252,37.9176,37.99,1034915
15-09-2020,38.1893,38.3705,38.0353,38.144,855865
16-09-2020,38.1531,38.3569,37.7988,37.8179,1479962
17-09-2020,37.5553,38.0263,37.4375,38.0082,879500
18-09-2020,37.8451,37.9719,37.6005,37.6639,1124019
21-09-2020,37.202,37.2654,36.423,37.1205,2056138
22-09-2020,37.211,37.7183,36.8206,36.9936,1196859
23-09-2020,37.0389,37.4647,36.6132,36.7944,1475364
24-09-2020,36.5951,37.1748,36.3732,36.7853,1217358
25-09-2020,36.5951,36.894,36.423,36.8578,896423
28-09-2020,37.4737,38.0444,37.356,37.8904,1103076
29-09-2020,37.7908,37.8904,37.211,37.4918,1036180
30-09-2020,37.6277,37.9719,37.51,37.6005,1099817
01-10-2020,37.8542,37.8995,37.4194,37.7998,3540947
02-10-2020,37.5009,38.2436,37.2835,38.0987,1312482
05-10-2020,38.4449,38.8038,38.1821,38.675,3863272
06-10-2020,38.9879,39.2577,38.5369,38.6566,1756889
07-10-2020,39.2548,39.3929,39.0431,39.2824,1328422
08-10-2020,39.531,39.6966,39.3561,39.5678,922399
09-10-2020,39.9451,39.9451,39.3469,39.5586,1164968
12-10-2020,39.715,40.0464,39.6271,40.028,870214
13-10-2020,39.8071,39.9175,39.0616,39.3377,1104281
14-10-2020,39.4021,39.5494,39.0431,39.1076,1065004
15-10-2020,38.6842,39.2364,38.4725,39.0892,948396
16-10-2020,39.1812,39.3837,38.9971,39.218,828408
19-10-2020,39.5125,39.5125,38.8038,38.9787,853425
20-10-2020,39.3101,39.3193,38.9143,38.9603,804105
21-10-2020,38.9235,39.1904,38.813,38.9695,664623
22-10-2020,38.9327,39.6414,38.9327,39.5217,961485
23-10-2020,39.8715,40.166,39.7887,40.0648,835803
26-10-2020,39.8347,39.8347,39.126,39.5125,1110054
27-10-2020,39.3929,39.4205,38.767,38.9419,1185590
28-10-2020,38.1964,38.316,37.5153,37.5337,1955199
29-10-2020,37.3772,38.3621,37.0735,38.178,1149150
30-10-2020,38.0307,38.3528,37.7546,38.2516,991023
02-11-2020,38.6566,38.721,38.2148,38.6934,986763
03-11-2020,39.3285,39.6874,39.1908,39.4021,1455471
04-11-2020,39.1536,39.8807,38.7026,39.5217,1361195
05-11-2020,39.9359,40.2811,39.8577,39.9451,1110610
06-11-2020,40.1108,40.1752,39.6966,39.8623,701491
09-11-2020,41.5006,43.2309,41.5006,42.2921,3205612
10-11-2020,42.4394,43.5117,42.2277,43.2586,1633846
11-11-2020,43.6727,43.6727,43.1665,43.323,984867
12-11-2020,42.7063,43.0469,42.375,42.6603,1326406
13-11-2020,42.7799,42.8812,42.5529,42.5867,997230
16-11-2020,43.5347,43.7648,43.277,43.6359,1415850
17-11-2020,43.3506,43.9212,43.2217,43.5899,1273331
18-11-2020,43.8568,44.5563,43.6727,44.2342,1007322
19-11-2020,43.9673,44.4551,43.8568,44.4367,1066740
20-11-2020,44.4367,44.7266,44.2434,44.6483,804854
23-11-2020,45.127,45.2374,44.791,44.9521,1100112
24-11-2020,45.4491,45.8126,45.4123,45.6792,1482805
25-11-2020,45.4123,45.8587,45.265,45.7712,1048865
27-11-2020,45.9369,46.3327,45.8725,46.121,661668
30-11-2020,45.9093,46.0566,44.814,44.8784,1194111
01-12-2020,45.8172,46.7468,45.6884,46.2498,1584843
02-12-2020,46.5352,47.1334,46.0105,47.1334,1880534
03-12-2020,47.2162,47.7501,47.2162,47.566,1317440
04-12-2020,47.8237,48.7809,47.6396,48.6337,1526294
07-12-2020,48.3575,48.5968,48.1551,48.3391,1195701
08-12-2020,48.3207,49.1031,48.3207,48.9834,1200686
09-12-2020,49.324,49.4436,48.873,49.1123,826911
10-12-2020,48.9926,49.4896,48.8453,49.4068,650911
11-12-2020,48.9006,49.5587,48.8638,49.5172,854790
14-12-2020,50.0603,50.1523,49.1399,49.1583,757324
15-12-2020,49.5541,49.7749,49.3608,49.416,877610
16-12-2020,49.2595,49.3516,48.873,49.1767,799830
17-12-2020,49.3424,49.416,49.057,49.2779,584325
18-12-2020,49.2135,49.2135,48.8636,48.9282,1026080
21-12-2020,48.2655,48.8177,47.9618,48.6152,1041026
22-12-2020,48.7809,48.7809,48.2563,48.4588,746361
23-12-2020,48.6981,49.1859,48.6889,49.0294,1068407
24-12-2020,49.2687,49.2687,48.9374,49.2319,369569
28-12-2020,49.4988,49.7934,49.2181,49.2779,522040
29-12-2020,49.4896,49.6093,49.2779,49.3608,584926
30-12-2020,49.5909,49.9078,49.508,49.6185,653207
31-12-2020,49.7105,50.0603,49.6645,49.7381,3109193
04-01-2021,50.0011,50.1969,49.2176,49.3948,3704009
05-01-2021,49.3389,50.1503,49.3389,50.0011,1598854
06-01-2021,49.8518,50.602,49.7772,50.4301,2256889
07-01-2021,50.598,50.8217,50.2156,50.7938,1063664
08-01-2021,50.4114,50.6819,49.7492,49.9358,1223066
11-01-2021,49.3202,49.9125,49.1989,49.7119,835722
12-01-2021,49.8705,50.5793,49.7399,50.514,1003089
13-01-2021,50.4674,50.8778,50.3648,50.6819,1523661
14-01-2021,50.8125,51.8571,50.5047,51.6519,969696
15-01-2021,51.1203,51.6323,51.0084,51.4374,1520084
19-01-2021,51.5586,52.0903,51.4747,51.8291,995870
20-01-2021,52.0623,52.2488,51.8198,52.0809,858977
21-01-2021,52.0996,52.1649,51.5213,51.6612,1606319
22-01-2021,51.1762,51.2042,50.6026,50.8311,1132983
25-01-2021,50.6446,51.1949,50.5607,51.1762,1022176
26-01-2021,51.484,51.484,50.9477,51.1109,649182
27-01-2021,50.3648,50.5327,49.6653,49.7399,1681566
28-01-2021,49.9637,50.7565,49.4568,50.3741,1852356
29-01-2021,50.0943,50.2529,49.4041,49.7026,1586180
01-02-2021,49.9637,50.1503,49.7213,49.7586,925660
02-02-2021,50.0943,50.5886,50.0663,50.4954,871679
03-02-2021,50.5607,50.5607,50.2249,50.4114,841693
04-02-2021,50.4954,50.8591,50.4114,50.8498,886466
05-02-2021,50.999,51.2462,50.8684,51.1576,1217492
08-02-2021,51.2975,51.8571,51.2602,51.8478,1005368
09-02-2021,51.8478,52.1649,51.6799,52.0623,779043
10-02-2021,52.1369,52.1462,51.5773,51.8384,761365
11-02-2021,51.8478,51.9877,51.6332,51.941,648671
12-02-2021,51.7265,52.2488,51.6239,52.1555,719455
16-02-2021,52.4633,52.7431,52.2395,52.3607,1340892
17-02-2021,52.0716,52.3328,51.9037,52.1835,800687
18-02-2021,52.1369,52.3449,51.8571,52.2675,802855
19-02-2021,52.6499,53.0696,52.4074,52.8551,998900
22-02-2021,52.7152,53.6385,52.7152,53.3307,1069186
23-02-2021,54.0955,55.1961,53.9556,54.9163,1678931
24-02-2021,55.2614,57.22,54.9163,57.0801,2434079
25-02-2021,57.0801,57.164,55.7837,55.9049,2842829
26-02-2021,55.5039,55.821,54.3567,54.366,2339902
01-03-2021,55.3733,55.8956,54.907,55.7184,1417364
02-03-2021,56.0448,57.0428,55.8956,56.6697,2497434
03-03-2021,56.9402,57.248,56.5485,56.8003,1088701
04-03-2021,56.6977,57.2387,55.765,56.1661,2011878
05-03-2021,56.791,57.2106,56.5578,57.1081,2134481
08-03-2021,57.2107,57.9195,57.0335,57.5838,2262158
09-03-2021,57.5464,58.0035,57.3506,57.5651,1199576
10-03-2021,57.8356,58.6649,57.7237,58.5631,1323329
11-03-2021,58.5444,59.104,58.4325,59.0014,2260367
12-03-2021,59.5797,59.5797,58.9548,59.3279,1070643
15-03-2021,59.3279,59.4025,58.5911,58.9268,1135326
16-03-2021,58.9268,59.3892,58.7263,59.2159,1955748
17-03-2021,59.2159,59.673,59.132,59.4118,2459977
18-03-2021,59.5424,60.046,58.9128,58.9641,1582682
19-03-2021,58.7869,58.9175,58.0501,58.703,1450548
22-03-2021,58.6843,58.7216,58.2366,58.4791,957847
23-03-2021,58.1713,58.4791,57.775,57.8356,1040709
24-03-2021,57.9195,58.4791,57.8822,58.0128,1059272
25-03-2021,57.9195,58.3112,57.6584,58.1434,1104304
26-03-2021,58.6563,59.1134,58.619,58.9828,1230093
29-03-2021,58.6563,58.9735,58.4138,58.8149,1256809
30-03-2021,58.8802,58.8848,58.5491,58.7589,984045
31-03-2021,58.9175,59.0201,58.1527,58.3392,1295705
01-04-2021,58.4512,58.7216,58.2273,58.7123,2959243
05-04-2021,58.8934,59.2331,58.6953,59.0161,4042414
06-04-2021,58.8934,59.0538,58.535,58.6482,858370
07-04-2021,58.5255,58.7425,58.3463,58.4029,908154
08-04-2021,58.2991,58.7991,57.9501,58.7802,1089788
09-04-2021,58.7708,59.0255,58.667,58.9595,651000
12-04-2021,58.9123,59.1293,58.5812,58.9312,1056458
13-04-2021,58.7991,58.8368,58.3227,58.3463,1257434
14-04-2021,58.3086,58.7708,58.1388,58.5161,2146941
15-04-2021,58.6199,58.7519,58.1293,58.3463,820326
16-04-2021,58.7142,58.7142,58.4526,58.5633,1773681
19-04-2021,58.7048,58.8085,58.0161,58.1199,890966
20-04-2021,58.0633,58.1812,57.219,57.3652,1473124
21-04-2021,57.2143,58.5727,57.0775,58.5444,1016061
22-04-2021,58.4123,58.7236,58.1272,58.4784,1148844
23-04-2021,58.5538,59.0727,58.3935,58.9783,1057507
26-04-2021,59.2236,59.7708,59.1293,59.3651,1107042
27-04-2021,59.667,59.733,59.2425,59.5538,826866
28-04-2021,59.6953,60.0349,59.5915,59.9783,1653511
29-04-2021,60.3745,60.4877,60.0349,60.3368,1115520
30-04-2021,60.0915,60.2141,59.8368,60.0821,1253977
03-05-2021,60.2707,60.7424,60.1575,60.3273,878696
04-05-2021,60.1292,60.2519,59.6859,60.0726,1580633
05-05-2021,60.1764,60.7141,60.5207,60.6009,704005
06-05-2021,60.8934,61.4782,60.6481,61.4688,1689496
07-05-2021,61.082,61.799,60.9405,61.7329,803644
10-05-2021,62.0631,62.4027,61.9876,61.9876,999414
11-05-2021,61.6197,62.1291,61.0915,61.2235,2235287
12-05-2021,61.4122,61.7707,60.733,60.8273,1206636
13-05-2021,60.733,61.7046,60.733,61.5537,1531475
14-05-2021,61.9876,62.2989,61.931,62.1103,1523200
17-05-2021,62.2423,62.648,62.0631,62.5442,942113
18-05-2021,62.7423,62.9593,62.1291,62.1669,2060021
19-05-2021,61.6292,61.9782,61.1528,61.6858,1425619
20-05-2021,61.9216,62.0631,61.4971,61.8461,1411604
21-05-2021,62.1008,62.2518,61.516,61.8178,3256529
24-05-2021,61.9216,62.3423,61.7093,62.2235,635948
25-05-2021,62.1103,62.7612,62.1103,62.2235,1323135
26-05-2021,62.1669,62.6574,61.9593,62.5442,1452643
27-05-2021,62.9687,63.4121,62.7612,63.2234,1469108
28-05-2021,63.3744,63.6432,63.1432,63.4876,1848610
01-06-2021,64.0724,64.1479,62.9027,63.2046,1369269
02-06-2021,63.6762,64.1668,63.5064,64.1479,1509888
03-06-2021,63.9687,63.9687,63.5913,63.6479,966345
04-06-2021,63.7611,63.9404,63.2046,63.4215,841965
07-06-2021,63.6008,63.6857,63.2046,63.3649,1562375
08-06-2021,63.5159,63.5159,63.1382,63.1668,871265
09-06-2021,63.3366,63.3838,62.8367,63.0348,1083023
10-06-2021,63.4876,63.5725,62.997,63.0065,1013943
11-06-2021,62.9876,63.0725,62.648,62.8178,821312
14-06-2021,62.7895,62.9593,62.5914,62.7518,1642992
15-06-2021,62.7612,62.9923,62.648,62.8744,761652
16-06-2021,62.9216,63.2895,62.7518,63.0159,1252830
17-06-2021,63.0065,63.1102,61.5443,61.7141,3087586
18-06-2021,61.1952,61.2613,60.0726,60.0915,4861703
21-06-2021,60.5915,61.1103,60.4594,60.9877,1279522
22-06-2021,60.9971,61.1669,60.4877,61.0632,1538371
23-06-2021,61.2896,61.5065,61.1764,61.2707,1225885
24-06-2021,61.4216,61.5065,60.95,61.4216,1105408
25-06-2021,61.6197,62.1103,61.5443,62.0725,1293625
28-06-2021,61.8556,61.8556,61.1386,61.3179,1606831
29-06-2021,61.3367,61.582,61.1952,61.2801,818913
30-06-2021,61.2801,61.4877,61.1669,61.3839,1032285
01-07-2021,61.6858,61.9688,61.431,61.865,2680535
02-07-2021,61.9643,62.137,61.4874,62.012,2902510
06-07-2021,61.7926,61.8212,60.6909,60.7147,1423747
07-07-2021,60.5335,60.9436,60.2282,60.3236,1276121
08-07-2021,59.7131,59.799,58.9977,59.2839,1457817
09-07-2021,59.7799,60.5526,59.7799,60.4762,1436523
12-07-2021,60.0565,60.8101,59.8562,60.791,973140
13-07-2021,60.5907,60.7147,60.047,60.2664,877531
14-07-2021,60.5526,60.8769,60.1109,60.3332,826196
15-07-2021,60.0184,60.3284,59.8181,59.9898,1025256
16-07-2021,60.1901,60.1996,59.3639,59.4365,1014868
19-07-2021,58.5494,58.5494,57.2712,57.5097,2585361
20-07-2021,57.462,58.5732,57.2044,58.4254,1216774
21-07-2021,58.8451,59.4747,58.8451,59.2457,843455
22-07-2021,59.2457,59.2648,58.4254,58.7306,876899
23-07-2021,59.0454,59.427,58.826,59.1408,1004168
26-07-2021,59.198,59.4365,59.0216,59.303,819869
27-07-2021,58.9596,59.508,58.7211,58.9882,999221
28-07-2021,59.0454,59.6654,58.7116,59.5319,911532
29-07-2021,59.9325,60.5239,59.9325,60.3141,891236
30-07-2021,60.2092,60.3904,59.2934,59.5605,1160601
02-08-2021,59.6654,60.5907,59.0931,59.1122,748508
03-08-2021,59.2457,59.5939,58.8356,59.5128,865593
04-08-2021,59.1599,59.7036,59.1503,59.3602,688208
05-08-2021,59.8371,60.1615,59.7513,60.0661,599699
06-08-2021,60.2282,60.5239,60.1519,60.4285,1619592
09-08-2021,60.4381,60.6384,60.1615,60.4858,727925
10-08-2021,60.4762,61.5255,60.4667,61.4778,945036
11-08-2021,61.6114,61.9357,61.3252,61.8308,880773
12-08-2021,61.9548,61.9548,61.4392,61.7735,533094
13-08-2021,61.8403,61.9071,61.5541,61.7068,452205
16-08-2021,61.392,61.5446,60.9532,61.4778,825252
17-08-2021,61.1153,61.2107,60.5526,60.8292,1449999
18-08-2021,60.7529,61.1344,60.5526,60.5621,736512
19-08-2021,59.6845,60.0375,59.0836,59.179,1551277
20-08-2021,58.9023,59.5224,58.6543,59.4365,952600
23-08-2021,59.9707,60.6002,59.9325,60.5239,1139088
24-08-2021,60.7719,60.9055,60.233,60.2855,1135106
25-08-2021,60.3141,61.0924,60.1901,61.0676,1390458
26-08-2021,61.0295,61.144,59.9325,60.0851,1139137
27-08-2021,60.1042,60.3665,59.6559,60.047,1090941
30-08-2021,60.1805,60.295,59.4174,59.427,1023414
31-08-2021,59.6082,59.7322,59.0231,59.055,1626150
01-09-2021,59.3888,59.5748,58.95,58.9691,838835
02-09-2021,59.0931,59.5701,58.9977,59.5319,790517
03-09-2021,59.6941,59.6941,59.3888,59.5033,643132
07-09-2021,59.4174,59.6225,58.9023,58.9214,925504
08-09-2021,58.8069,59.0454,58.4444,58.6829,794673
09-09-2021,58.6829,59.2172,58.6257,58.8833,731726
10-09-2021,59.4079,59.4079,58.7116,58.7116,723754
13-09-2021,59.1408,59.4556,58.7688,59.074,1004501
14-09-2021,59.322,59.3602,58.3205,58.4254,772488
15-09-2021,58.3872,59.2267,58.3586,59.1885,904817
16-09-2021,59.2171,59.3888,58.7306,59.0454,620559
17-09-2021,59.0836,59.2171,58.1869,58.5112,1303821
20-09-2021,57.5287,57.5669,56.3268,57.214,2196217
21-09-2021,57.3475,57.8626,57.1853,57.233,1181907
22-09-2021,57.5764,58.1583,57.4906,57.6527,1013319
23-09-2021,58.1583,59.0645,58.1583,58.8356,973547
24-09-2021,58.7783,58.9977,58.578,58.9596,912036
27-09-2021,59.2171,59.8705,59.1599,59.675,1525198
28-09-2021,59.6845,59.7608,59.0073,59.2076,1765212
29-09-2021,59.2743,59.3602,58.8833,58.9309,958474
30-09-2021,59.074,59.3411,58.2823,58.6925,3244007
01-10-2021,58.7306,59.5224,58.2823,59.3125,1876193
04-10-2021,59.1975,60.0659,59.1927,59.3809,3145147
05-10-2021,59.5642,60.0634,59.3519,59.6896,876539
06-10-2021,59.0914,59.4966,58.8984,59.4677,1052584
07-10-2021,59.9116,59.9984,59.5111,59.8054,1077176
08-10-2021,59.9212,60.7607,59.8151,60.6738,1062259
11-10-2021,60.9537,61.3879,60.5195,60.5388,438383
12-10-2021,60.5388,61.0212,60.3554,60.78,836494
13-10-2021,60.7993,61.0646,60.1238,60.9537,923579
14-10-2021,61.5037,61.8414,61.3589,61.6677,855412
15-10-2021,61.9186,62.2274,61.8414,62.1888,775352
18-10-2021,62.044,62.4493,61.9765,62.3045,822479
19-10-2021,62.5265,63.1633,62.4589,63.1247,934520
20-10-2021,63.2019,64.1379,63.0958,64.0896,1045030
21-10-2021,63.8774,64.1572,63.4142,63.6072,672278
22-10-2021,63.8774,64.1089,63.5782,63.7712,662582
25-10-2021,63.8774,64.2247,63.7519,64.1765,813822
26-10-2021,64.1958,64.7458,64.1765,64.5817,1047528
27-10-2021,64.3984,64.9002,64.244,64.466,1274143
28-10-2021,64.5624,64.7072,64.3116,64.4274,646003
29-10-2021,64.2247,64.3116,63.0861,63.2598,1570136
01-11-2021,63.8581,63.9883,63.2984,63.9449,946583
02-11-2021,63.8195,64.1861,63.53,63.9449,605902
03-11-2021,63.8291,64.63,63.7133,64.5528,945125
04-11-2021,64.4177,64.5142,63.6747,64.2247,1119490
05-11-2021,64.437,64.7651,64.1427,64.2633,951230
08-11-2021,64.4177,64.6879,63.9932,64.0703,1004991
09-11-2021,63.887,64.326,63.5782,64.2151,762889
10-11-2021,64.3212,64.6975,63.8484,63.8677,865701
11-11-2021,63.7809,63.8484,63.2405,63.366,801664
12-11-2021,63.3949,64.1572,63.1826,64.1186,862095
15-11-2021,64.4177,64.4563,63.8291,63.9353,810392
16-11-2021,63.9063,63.9932,63.5203,63.5203,708842
17-11-2021,63.5203,63.6168,62.8835,63.1633,748087
18-11-2021,63.0572,63.3853,62.7291,63.366,758584
19-11-2021,63.1151,63.144,62.6712,62.98,885755
22-11-2021,63.1633,63.1923,62.5168,62.5265,1050731
23-11-2021,62.6809,63.5155,62.6809,63.501,1138774
24-11-2021,63.501,63.5541,63.2212,63.4335,728643
26-11-2021,62.5072,62.6133,61.6967,62.0151,1390115
29-11-2021,62.237,62.5072,61.1756,61.6002,1566274
30-11-2021,61.4361,61.5423,59.9309,60.2396,1904014
01-12-2021,61.3203,63.0765,61.137,62.0923,3084514
02-12-2021,62.4589,63.9449,62.401,63.7809,2432001
03-12-2021,63.9449,64.051,62.8883,63.0765,1683784
06-12-2021,63.7519,64.466,63.501,64.0896,1580230
07-12-2021,64.8905,65.344,64.6107,65.1896,1782887
08-12-2021,65.3633,65.5853,64.8085,65.1896,1073467
09-12-2021,64.794,65.2089,64.5142,65.0739,1109202
10-12-2021,65.3633,65.6048,65.151,65.3247,1269978
13-12-2021,64.9677,65.1317,64.4274,64.6493,1138096
14-12-2021,64.3598,65.1221,64.2826,64.6686,1071757
15-12-2021,64.6782,65.3633,64.2247,65.1125,1376359
16-12-2021,65.8072,66.1932,65.5949,65.6914,1588103
17-12-2021,65.6721,65.8844,64.7844,65.3826,3587772
20-12-2021,64.7361,64.8905,63.9739,64.7361,2684100
21-12-2021,65.4019,65.7782,65.2379,65.5081,2273526
22-12-2021,65.5756,66.6756,65.4116,66.6756,1328682
23-12-2021,66.8589,67.505,66.7528,67.3414,1365969
27-12-2021,67.544,68.4221,67.2739,68.4221,855807
28-12-2021,68.3932,69.03,68.3932,68.7598,1183508
29-12-2021,68.5765,68.9721,68.2195,68.866,1318996
30-12-2021,69.1458,69.3484,68.8756,69.2133,1782677
31-12-2021,68.9335,69.4401,68.8563,69.1747,3672735
03-01-2022,69.0043,70.0189,68.9555,69.6872,3285507
04-01-2022,69.6482,70.2043,69.6189,69.775,2650315
05-01-2022,70.0092,70.2238,68.9653,68.975,1554115
06-01-2022,69.5019,70.214,69.1604,69.9604,2459808
07-01-2022,70.1653,70.775,69.9994,70.6531,2353297
10-01-2022,70.4677,70.7604,69.6287,69.9897,1426435
11-01-2022,70.136,71.2189,70.0384,71.2092,1380140
12-01-2022,71.4628,72.1848,71.375,71.5896,2829988
13-01-2022,71.8823,72.4287,71.814,71.8335,2012739
14-01-2022,71.5604,72.0726,71.2384,71.736,2133796
18-01-2022,72.136,72.214,71.5652,71.9506,1714788
19-01-2022,72.3701,72.3701,70.8384,71.0531,1736768
20-01-2022,70.975,71.9311,70.9067,70.975,1708930
21-01-2022,70.2726,70.6823,69.336,69.7165,2984806
24-01-2022,68.0482,68.7506,67.0628,68.6628,2401296
25-01-2022,68.3506,69.7653,67.4824,69.2384,1691911
26-01-2022,70.2238,70.6433,69.2384,69.6775,2893038
27-01-2022,70.214,70.7311,69.1311,69.3945,1697224
28-01-2022,69.3262,69.3262,68.1311,68.9945,1833438
31-01-2022,68.8189,70.3799,68.7116,70.2043,1513695
01-02-2022,70.4092,71.1701,70.1165,70.9262,1703272
02-02-2022,71.2092,71.8921,70.9848,71.7067,1325150
03-02-2022,71.4238,71.8812,71.297,71.3457,1462032
04-02-2022,71.336,71.5896,70.8092,71.3945,1095065
07-02-2022,71.5896,72.1457,71.3848,71.9506,1142777
08-02-2022,72.1067,72.7408,72.0287,72.5457,1239221
09-02-2022,72.8287,73.0335,72.2091,72.4091,1238480
10-02-2022,72.0677,72.3896,71.3311,71.4531,1352279
11-02-2022,71.3555,72.2189,70.9457,71.297,1563228
14-02-2022,71.1214,71.2774,70.4872,70.8872,1418593
15-02-2022,71.336,71.4628,70.8482,71.2872,1233431
16-02-2022,71.2287,71.9116,71.0921,71.3653,1150580
17-02-2022,71.0921,71.2092,70.4846,70.6531,1469473
18-02-2022,70.9653,71.0043,70.1701,70.2336,1227266
22-02-2022,69.7555,70.4384,69.258,70.0677,1794846
23-02-2022,70.4775,70.6238,69.4531,69.6775,1836700
24-02-2022,66.8092,67.7849,66.5555,67.6385,3158822
25-02-2022,68.458,70.5516,68.1848,70.4482,3551612
28-02-2022,69.3945,70.8189,69.2287,70.575,3385719
01-03-2022,70.7116,71.7652,69.1799,69.5409,2625318
02-03-2022,70.1848,72.1652,70.1848,71.9994,2176372
03-03-2022,72.0384,72.6238,71.6092,72.2043,1828435
04-03-2022,71.2189,71.4921,70.5555,71.4726,1754206
07-03-2022,70.9262,71.5896,70.1018,70.175,2338079
08-03-2022,70.3896,70.6921,68.2238,68.4677,2115865
09-03-2022,69.7653,70.9409,69.258,70.5555,1610596
10-03-2022,69.8726,70.8775,69.7653,70.3506,1261877
11-03-2022,70.7604,71.6774,70.1994,70.2531,1486321
14-03-2022,70.6628,71.4433,70.1165,70.3604,2261275
15-03-2022,70.6921,70.6921,69.6579,70.1653,1485111
16-03-2022,71.0628,71.7457,70.1067,71.3555,1834959
17-03-2022,71.1018,71.736,71.0823,71.7262,1471370
18-03-2022,71.4628,72.2628,71.3165,71.9604,2436687
21-03-2022,72.253,72.5555,71.6774,71.9701,1450305
22-03-2022,72.3604,72.9945,72.214,72.7604,1432984
23-03-2022,72.2726,72.3506,70.575,70.6043,2031798
24-03-2022,71.014,71.2433,70.1994,71.0043,1966567
25-03-2022,71.1896,72.0677,71.0726,71.9994,1732672
28-03-2022,71.7555,71.7652,71.1994,71.6579,1186926
29-03-2022,72.1945,72.4091,71.5409,71.9311,1147893
30-03-2022,72.0091,72.1945,71.1409,71.5116,2196311
31-03-2022,71.0433,71.4628,69.8531,69.9701,1647991
01-04-2022,70.4579,70.5262,69.1214,69.4531,3244421
04-04-2022,69.9492,70.0972,69.1599,69.9492,3419215
05-04-2022,69.9985,71.0147,69.8111,70.4524,1520437
06-04-2022,69.9689,70.3142,69.1057,69.2586,1728762
07-04-2022,69.1994,69.2882,67.907,68.5877,2009569
08-04-2022,68.5877,69.2043,68.4693,68.716,989467
11-04-2022,68.6568,69.0021,67.8379,67.8872,1560787
12-04-2022,67.9662,68.2128,66.7132,66.9302,1195421
13-04-2022,66.5948,67.0092,66.0719,66.9302,1201485
14-04-2022,66.7329,67.2755,66.5652,66.6047,945424
18-04-2022,66.5356,66.6885,65.9634,66.1903,1201250
19-04-2022,66.4567,67.1966,66.2692,67.1276,1276876
20-04-2022,67.7984,68.7258,67.7886,67.9958,1377120
21-04-2022,68.568,69.0909,67.5962,67.8083,1489340
22-04-2022,67.2854,67.4137,65.9412,66.0028,1302422
25-04-2022,65.5096,66.0275,64.6019,65.845,1712760
26-04-2022,64.9965,65.4306,64.2566,64.2862,1415207
27-04-2022,64.1283,64.4342,62.974,63.0825,2485454
28-04-2022,63.1615,64.1283,62.8902,63.3489,3209565
29-04-2022,63.6646,64.0198,62.4018,62.4709,1581568
02-05-2022,62.5005,62.6978,61.6717,62.5892,1752074
03-05-2022,62.9346,63.9409,62.6386,63.6449,1489073
04-05-2022,63.7337,64.6473,63.2207,64.6118,1610974
05-05-2022,64.1481,64.3947,62.6188,63.4279,1964711
06-05-2022,62.9839,63.2897,62.3031,62.8655,1581491
09-05-2022,62.0861,62.5005,61.5632,61.7309,1732429
10-05-2022,62.1749,62.678,60.8134,61.3067,1917921
11-05-2022,61.4053,62.5597,60.8331,61.1587,1924260
12-05-2022,60.695,61.0206,60.0932,60.8331,1951894
13-05-2022,61.1784,62.1058,61.1784,61.9085,1661854
16-05-2022,61.8986,62.757,61.5731,62.5399,1266147
17-05-2022,62.9543,63.7436,62.8359,63.6252,1716476
18-05-2022,63.3489,63.3489,61.5139,61.7408,1550172
19-05-2022,61.5632,62.5597,61.2278,61.9677,1445550
20-05-2022,62.3821,62.6879,60.8529,61.7112,1421838
23-05-2022,62.7175,63.3983,62.4413,63.0628,1261011
24-05-2022,63.0628,63.0628,61.5829,62.7372,2078580
25-05-2022,63.6252,65.0064,63.4131,64.4835,1766249
26-05-2022,64.8979,65.6477,64.7203,65.1642,1624557
27-05-2022,65.4208,66.289,65.3813,66.1607,1445884
31-05-2022,66.1311,66.9993,65.9239,66.802,1339233
01-06-2022,67.2558,67.2657,66.141,66.6441,1126296
02-06-2022,66.4863,67.6702,66.289,67.4827,1080331
03-06-2022,67.3051,67.5518,66.6047,66.7823,1128357
06-06-2022,67.3347,67.5321,66.3383,66.3679,871929
07-06-2022,66.0719,67.1572,65.9338,67.1572,827566
08-06-2022,67.1078,67.1078,65.9141,66.358,896196
09-06-2022,66.0818,66.1706,64.7252,64.7301,1109321
10-06-2022,63.5166,63.6942,62.7964,63.2503,1547400
13-06-2022,61.8394,62.4215,61.4251,62.0269,2013238
14-06-2022,61.9578,62.2242,61.0551,61.4448,1366545
15-06-2022,61.8,62.5991,60.8233,61.9677,1572058
16-06-2022,60.9318,61.2771,59.7183,60.5569,1814350
17-06-2022,60.3398,60.8923,59.59,60.0438,1474788
21-06-2022,61.4645,61.6915,61.1245,61.2376,1500966
22-06-2022,60.4188,60.5569,59.373,59.4124,1836826
23-06-2022,59.4223,59.521,57.1531,57.4393,2039881
24-06-2022,57.7451,58.3074,57.6415,57.7944,2009132
27-06-2022,58.0608,59.1707,57.9621,58.8797,1550306
28-06-2022,59.4914,59.8021,58.4949,58.7021,1294480
29-06-2022,58.9586,59.1066,58.3666,58.7514,3985747
30-06-2022,57.9424,58.5492,57.3702,58.416,3958399
01-07-2022,57.93,58.92,57.42,58.79,4153208
05-07-2022,57.42,57.8113,56.3509,57.36,1768016
06-07-2022,57.42,57.65,56.66,57.33,1454278
07-07-2022,57.82,58.48,57.7554,58.06,1132776
08-07-2022,58.39,58.63,57.81,58.33,1837085
11-07-2022,57.85,58.11,57.52,58,930035
12-07-2022,57.56,58.165,57.31,57.57,1357465
13-07-2022,57.21,57.34,56.43,57.13,1382088
14-07-2022,55.81,55.81,54.23,54.75,1824887
15-07-2022,55.35,55.835,54.93,55.61,1432492
18-07-2022,56.43,57.42,56.315,56.51,1361351
19-07-2022,57.2,58.29,57.08,58.13,1349877
20-07-2022,57.84,58.23,57.68,58.18,1272011
21-07-2022,58,58.49,57.55,58.46,741032
22-07-2022,58.39,58.87,57.8197,58.13,705187
25-07-2022,58.66,59.265,58.55,58.96,1117131
26-07-2022,58.6,59.07,58.57,58.84,780299
27-07-2022,58.96,60.2,58.96,59.79,1357047
28-07-2022,59.96,60.385,59.27,60.21,1048284
29-07-2022,60.34,61.23,60.21,60.95,959096
01-08-2022,60.69,60.835,60.31,60.63,722137
02-08-2022,60.42,60.65,59.76,60.15,907009
03-08-2022,60.65,60.9455,60.16,60.76,768874
04-08-2022,60.63,60.91,60.49,60.77,610095
05-08-2022,60.45,60.83,60.1,60.67,810332
08-08-2022,61.14,61.4,60.825,60.9,891611
09-08-2022,60.93,60.93,60.03,60.34,753402
10-08-2022,61.1,62.53,60.92,62.13,944095
11-08-2022,62.62,62.86,62.275,62.4,780872
12-08-2022,62.66,63.02,62.42,62.97,935994
15-08-2022,62.21,62.89,61.94,62.84,835489
16-08-2022,62.84,63.75,62.7,63.54,855467
17-08-2022,62.9,63.445,62.73,63.24,665871
18-08-2022,63.3,63.42,62.98,63.24,965874
19-08-2022,62.91,63.02,62.175,62.52,741085
22-08-2022,61.8,62.1,61.53,61.84,1017343
23-08-2022,61.39,61.4,58.96,59.09,1846470
24-08-2022,58.43,58.45,57.36,57.86,2471101
25-08-2022,57.94,58.9,57.73,58.57,1799318
26-08-2022,58.76,58.9,57.14,57.36,1590587
29-08-2022,57.05,57.26,56.75,57.13,1115184
30-08-2022,57.38,57.44,55.82,56.16,1308512
31-08-2022,56.05,56.12,55.29,55.29,1642906
