Student_ID,Student_Name,Study_Hours,Attendance,Assignment_Score,Previous_Score,Participation,Final_Score
1,Christopher Kane,3.2,59,72,58,1,51
2,Andrea Reeves,9.1,96,86,89,8,89
3,Nicole Terry,7.6,61,58,72,5,64
4,Gabriel Smith,2.3,99,69,62,7,66
5,Virginia Carlson,4.7,92,58,37,8,62
6,Kimberly Carter,7.0,92,82,75,9,81
7,James Harrison,9.7,77,54,55,1,64
8,Tracy Norris,7.6,61,43,84,1,59
9,Christy Fitzpatrick,6.6,76,53,35,4,56
10,Sharon Nunez,4.5,89,71,80,5,70
11,Samantha Murray,6.9,90,60,42,10,69
12,Lauren Brown,9.7,95,49,98,10,85
13,Richard Bennett,7.2,53,61,59,10,64
14,Anne Matthews,5.8,61,58,93,9,68
15,Matthew Williams,3.9,74,47,59,3,52
16,Taylor Hall,3.5,91,63,57,4,60
17,Rhonda Lopez MD,8.5,89,55,95,7,79
18,Jasmine Mullins,3.2,60,59,39,1,44
19,Jennifer Reed,1.9,92,79,42,8,62
20,Beth Murphy,3.6,86,65,83,2,63
21,Jennifer Mclaughlin,3.9,68,71,72,9,65
22,Morgan Allison,7.4,71,77,89,6,75
23,Roy Fernandez,8.5,65,49,75,7,67
24,Jennifer Blair,3.3,94,71,37,7,62
25,Timothy Novak,4.6,84,74,39,7,63
26,Daniel Romero,3.8,52,77,36,3,50
27,Kimberly Johnson,9.1,54,91,80,10,80
28,John Tapia,7.7,69,46,74,2,60
29,Kelly Greene,8.5,51,56,50,8,61
30,Julia Harris,9.3,73,96,45,6,75
31,Austin Todd,1.2,90,87,36,4,57
32,Luis Rodriguez,8.6,52,91,59,8,72
33,Dr. Anna Ashley,5.9,56,76,74,3,62
34,Eric Bailey,8.8,63,63,55,4,64
35,Randy Long,5.1,80,58,87,4,66
36,Amber Edwards,3.9,66,95,46,7,64
37,Anthony Harris,5.1,77,73,74,9,71
38,Jeanette Myers,3.5,59,45,43,8,49
39,Lauren Hansen,5.7,90,54,98,7,74
40,Todd Greer,9.6,61,85,57,9,76
41,Corey Mcbride,7.9,58,100,58,6,72
42,Daniel Vance,9.1,65,65,100,10,80
43,John Holt,5.9,75,55,56,8,63
44,Ashley Castillo,7.8,83,92,95,7,85
45,Christina Johnson,4.7,99,53,53,5,63
46,Chad King,4.0,92,86,91,7,77
47,Cynthia Pearson,9.0,88,93,60,9,84
48,Jimmy Cole,9.1,80,42,84,2,67
49,Holly Petersen,4.2,50,85,56,2,55
50,Ms. Angela Harvey,5.4,85,76,89,7,75
51,Jack Strong,8.5,51,43,91,4,62
52,Nathaniel Clark,7.4,72,95,68,6,76
53,Stephanie Richardson,9.0,87,69,66,9,79
54,Joseph Walton,1.8,67,83,63,2,55
55,John Clay,3.1,85,54,84,6,63
56,Jerome Stewart,9.5,71,96,35,1,68
57,Kristen Miller,6.2,63,40,79,4,57
58,John Lopez,8.8,66,74,36,4,63
59,Stephanie Harmon,2.2,80,96,50,8,66
60,Aaron Fitzpatrick,3.5,76,64,89,3,62
61,Isaiah Rivera,5.3,98,64,96,9,79
62,Brian Fletcher,9.4,88,55,42,4,66
63,Kaitlyn Watson,3.2,83,60,60,7,61
64,Thomas Mendez,6.5,89,48,62,3,62
65,Linda Harrison,6.1,58,78,72,10,70
66,Julie Odonnell,7.1,75,87,81,2,72
67,Tom Gallagher,4.1,100,70,98,2,72
68,Rebecca Hansen,6.0,85,86,46,7,70
69,Kristin Brown,6.8,64,57,95,7,69
70,Alexis Farmer,4.2,60,46,85,8,59
71,Nicole Harrell,6.1,76,61,56,5,62
72,Brittany Kirk,8.4,73,99,68,1,74
73,Gregory Norris,7.0,66,48,54,4,57
74,Jesse Wheeler MD,6.8,50,94,94,3,71
75,Thomas Mccoy,7.1,94,99,93,3,84
76,Nicholas Flores,9.4,85,57,65,5,72
77,Christine Ashley,9.5,79,64,53,7,72
78,Devin Clark,4.7,54,84,64,2,58
79,Mrs. Emily Garcia,3.0,66,65,74,5,58
80,James Chavez,1.0,77,46,61,6,50
81,Charles Pierce,4.8,88,62,61,5,64
82,Tanner Long,4.8,90,86,65,2,68
83,Nancy Klein,4.2,66,49,64,7,56
84,Anthony Thompson,5.2,65,68,38,5,56
85,Heather Montes,3.5,100,63,36,7,61
86,Mark Boyd,4.2,60,74,44,10,60
87,Timothy Berry,9.6,65,91,67,5,76
88,Jason Bean,3.1,91,87,60,3,65
89,Ricardo Young,5.0,94,47,39,6,59
90,Michael Alvarez,5.9,82,71,71,7,71
91,Dustin Murray,4.2,81,74,41,1,56
92,Joseph Silva,1.1,59,77,74,9,60
93,Autumn Martinez,7.5,96,93,90,1,81
94,Larry Davies,6.2,100,97,97,7,88
95,Daryl Vega,9.0,55,56,99,9,74
96,Ricardo Mayer,5.0,80,88,53,1,63
97,Stacie Walker,2.2,68,43,87,9,58
98,Stacey Wilson,3.5,63,84,37,8,59
99,Robert Sanchez,4.4,89,47,67,1,57
100,Timothy Brooks,3.1,71,86,52,2,57
101,Sabrina Nelson,2.3,77,91,64,3,62
102,Tara Rogers,6.7,85,60,59,2,63
103,Mark Williams,2.3,100,73,57,7,66
104,John Allen,7.2,58,100,51,3,67
105,Lisa Scott,4.8,53,86,47,2,55
106,Anthony Brooks,4.5,73,40,65,6,56
107,Samuel Lewis,7.1,52,95,45,10,69
108,Michael Burns,2.9,53,82,72,1,54
109,Joe Baker,1.0,85,68,100,9,69
110,Dustin Buchanan,5.6,97,56,98,10,79
111,Michael Adams,8.7,68,57,57,7,67
112,Shawn Mclaughlin,2.3,75,75,66,4,59
113,Samantha Smith,4.5,97,92,55,9,76
114,Mrs. Margaret Williams,7.7,91,47,80,6,71
115,Donald Duncan,7.2,64,95,96,2,75
116,Tommy Williams,1.7,95,83,94,9,75
117,Jeremy Lee,6.1,73,98,77,3,73
118,Christina Clements,9.4,92,73,83,5,81
119,Miranda Vazquez,8.6,94,73,93,6,83
120,Samantha Gomez,3.2,90,79,83,9,74
121,Christopher Thompson,8.6,62,71,75,4,69
122,Thomas Richard,5.1,94,73,89,5,74
123,David Wilson,4.4,61,48,39,10,53
124,Amanda Pearson,2.1,78,98,95,8,75
125,Luke Molina,4.7,71,99,50,4,65
126,Nicole Gibson,9.2,73,48,45,8,65
127,Janet Jones,2.4,76,80,77,4,63
128,Joseph Dean,9.0,88,80,52,4,74
129,Paul Meadows,4.1,89,52,90,5,66
130,Randy Cole,2.8,99,74,81,5,70
131,Brandi Hansen,6.3,89,66,56,1,63
132,Jessica Brooks,1.7,70,51,62,1,47
133,Bruce Fields,7.3,50,47,58,6,56
134,Laura Johnson,1.5,86,86,86,10,73
135,Susan Grant,3.9,71,80,63,4,62
136,Robin Sandoval,1.7,61,74,75,9,61
137,Shannon Espinoza,9.9,85,72,63,9,80
138,Claudia Turner,7.5,67,67,71,6,68
139,Kelly Foley,5.0,100,57,42,10,67
140,Brittany Ramirez,5.2,66,88,47,1,59
141,Beth Fowler,9.7,100,95,90,5,91
142,Elizabeth Walker,1.5,64,52,60,10,54
143,Robert Solis,8.7,59,89,37,2,63
144,Lauren Ruiz,9.4,96,72,41,1,70
145,Edward Ray,9.0,65,65,75,3,68
146,Vanessa George,6.6,99,63,87,4,75
147,Alexis Orozco,7.1,96,74,79,2,74
148,Michael Wong,3.7,83,45,40,3,50
149,Thomas Wilson,9.4,61,67,83,1,68
150,Tiffany Washington,9.7,72,71,100,3,78
151,Mr. Jeffrey Ryan,1.4,97,83,51,10,68
152,Jessica Khan MD,6.9,88,94,43,1,68
153,Joseph Ferguson,1.2,51,57,87,2,48
154,Luke Cantu,7.5,86,55,47,1,60
155,Terry Robbins,8.7,92,69,47,8,75
156,Jessica Brown,8.2,55,74,81,5,69
157,Denise Wolf,8.5,77,49,53,6,65
158,Brianna Vega,3.1,81,49,57,5,55
159,Jacob Carter,5.2,74,89,88,3,71
160,Courtney Bradshaw,1.5,88,72,65,10,66
161,Christine Burgess,6.6,92,94,43,9,77
162,Clinton Robinson,4.6,63,59,99,9,68
163,Kristen Payne,8.2,95,43,40,7,65
164,Jessica Phillips,9.0,50,68,93,9,75
165,Nathan Ramos,8.6,100,71,41,3,71
166,Michael Conway,8.9,95,83,75,2,79
167,Taylor Williams,6.7,50,79,36,1,53
168,Paul Davis,6.4,52,96,65,3,65
169,Charles Boyd,8.2,80,49,36,5,60
170,Thomas Nelson,3.8,97,43,41,8,58
171,Kelly Li,6.1,66,74,42,8,63
172,Shannon Bass,6.5,63,82,74,3,67
173,Allen Chandler,5.4,95,58,59,5,65
174,Gloria Myers,9.9,76,78,91,7,83
175,Todd Stewart,1.2,79,60,90,6,61
176,Deanna Adams,8.4,67,49,40,5,58
177,Sylvia Spencer,6.9,67,65,69,8,68
178,Eric Reyes,5.2,74,62,99,3,67
179,Jessica Guzman,4.1,63,83,44,8,61
180,Michelle Miles,3.9,70,67,58,10,63
181,Christina Hawkins,9.4,80,94,53,7,79
182,Trevor Jones,4.4,76,55,66,4,58
183,Curtis Raymond,5.9,62,67,59,1,56
184,Nicole Jackson,9.6,82,53,71,6,73
185,Steven Foley,9.8,81,77,56,1,71
186,Cynthia Everett,8.1,61,42,96,5,66
187,Mrs. Jessica Mccoy PhD,6.7,87,44,66,9,68
188,Lindsey Terry,2.9,96,44,71,6,61
189,Bethany Rojas,7.2,71,65,68,8,70
190,David Castillo,1.4,96,86,77,6,69
191,William Rogers,3.8,75,91,70,7,70
192,Christopher Myers,2.4,63,57,80,3,53
193,David Walton,8.5,80,76,100,1,77
194,Michael Ortiz,1.6,81,81,79,2,61
195,Sarah Olson,2.3,86,66,54,8,61
196,Robert Phillips,2.6,84,52,40,10,57
197,Tracy Dunn,7.5,66,88,54,2,66
198,Cheryl Graves,2.2,89,65,55,1,54
199,Daniel Koch,4.4,68,58,100,6,66
200,Zachary Ray,8.7,92,74,54,6,75
201,Antonio Tran,5.7,55,80,69,5,63
202,Sarah Jackson,7.5,54,74,89,10,74
203,Kevin Novak,4.4,78,98,35,6,65
204,Brian Price,7.8,50,73,36,8,61
205,Darren Jackson,9.3,90,73,97,3,81
206,Malik Ramirez,7.1,88,65,40,3,63
207,Bruce Payne,4.9,71,55,38,1,49
208,Eric Taylor,8.8,59,60,60,8,67
209,David Goodman,9.9,91,68,73,2,76
210,Mario Wong,9.0,56,70,50,1,60
211,Beverly Ford,8.3,94,84,68,2,76
212,Patrick Jacobson,8.4,94,63,61,9,77
213,Misty Gomez,2.7,62,64,99,6,62
214,Misty Coffey,6.1,83,95,96,7,82
215,Tamara Mckenzie,3.2,93,56,60,7,62
216,Kevin Bailey,3.4,55,70,68,10,61
217,Dr. James Miller,5.2,81,75,58,1,62
218,Dawn Espinoza,9.1,68,90,89,2,77
219,Sarah Smith,6.8,75,98,96,4,80
220,Kimberly Hernandez,7.7,93,84,84,5,81
221,Robert Hernandez,6.5,73,76,47,4,63
222,Daniel Harper,7.6,72,88,84,10,82
223,Gary Woods,8.0,57,52,83,8,67
224,Donald Walker,1.1,79,61,86,4,58
225,Cheryl Hughes,2.3,59,80,49,8,57
226,Nicole Bender PhD,8.7,91,66,49,2,68
227,Dr. James Dean,8.3,75,91,42,2,68
228,Joshua Massey,2.6,73,42,49,7,50
229,Amber Molina,5.3,81,60,75,10,70
230,Erin Jones,1.9,86,86,81,8,71
231,Melissa Little,8.3,65,78,64,7,72
232,Laura Bryant,7.6,96,70,67,2,72
233,Eric Rodriguez,5.0,80,55,63,10,66
234,Susan Johnson,8.9,82,46,46,1,60
235,Peter Brown,4.8,53,59,51,1,48
236,Sheri Obrien,8.8,74,61,84,10,78
237,Karen Bentley,7.2,72,80,89,4,74
238,Jennifer Owen,5.5,50,100,39,3,59
239,Shane Brown,3.5,92,43,91,7,65
240,Anne Woods,4.6,94,90,97,4,78
241,Shelby Newton,5.1,56,83,78,10,70
242,David Macdonald,5.2,59,54,37,7,53
243,Brandon Herrera,1.8,95,64,99,1,64
244,Robert Perez,7.0,62,87,51,5,66
245,Patricia Perez,7.3,55,46,65,10,62
246,Jesus Moore,6.9,56,52,61,1,54
247,Peter Horn,7.2,60,71,53,9,66
248,Tanya Gutierrez,3.8,85,42,53,6,55
249,Michael Rogers,5.7,74,45,80,10,67
250,Tonya Allen,5.7,52,63,95,8,67
251,Jessica Bell,3.1,61,70,97,7,65
252,James Kim,2.3,54,93,72,3,58
253,Lori Taylor,3.0,74,45,80,4,55
254,Brittany Martin,8.6,65,78,74,3,70
255,Maureen Mcpherson,6.4,52,54,78,4,58
256,Matthew Wilson,3.7,67,69,84,7,65
257,Jessica Brown,8.7,96,73,62,9,81
258,Adam Collins,9.0,72,79,83,7,79
259,Michael Scott,5.4,59,74,36,2,53
260,Ann Howard,7.4,89,97,64,7,81
261,Tim Beck,1.3,75,96,92,5,68
262,Jesus Mendoza,7.8,100,84,62,7,81
263,Andrew Burton,7.4,55,89,74,6,71
264,Linda Davis,7.6,71,74,93,6,76
265,Jessica Jones,3.4,66,72,39,10,59
266,Gregory Estrada,2.1,55,44,51,8,47
267,Mr. Alex Coleman II,3.1,90,71,37,1,54
268,Michelle Rush,4.0,99,42,79,7,66
269,Amanda Jones,5.2,54,97,86,10,75
270,Sandra Henderson,2.9,67,85,71,8,66
271,Daniel Wallace,1.3,95,56,92,2,60
272,Kellie Bishop,3.1,78,47,81,5,58
273,Debbie Callahan,6.6,97,94,84,10,87
274,Cynthia Mitchell,7.3,58,54,98,7,69
275,James Fernandez,4.8,72,64,55,2,56
276,Tanya Walsh,1.8,85,45,38,4,47
277,Allison Taylor,2.3,85,65,73,5,61
278,Douglas Franklin,6.6,55,88,64,10,71
279,Sabrina Gilmore,5.2,77,45,64,8,61
280,Paul Burgess,6.1,95,42,54,4,61
281,Sheila Foley,6.4,95,57,38,7,65
282,Whitney James,6.9,78,57,67,9,69
283,Mark Davis,3.4,91,47,84,10,68
284,Pamela Gray,7.4,91,59,80,10,78
285,Bernard Lee,9.3,99,80,46,6,78
286,George Thompson PhD,5.7,68,66,55,4,59
287,Nicole Brown,3.4,92,77,80,4,69
288,Nathan Luna,3.9,85,47,75,5,60
289,Donna Walker,4.9,57,47,69,6,55
290,Mark Brown,8.0,98,68,63,8,78
291,Kristin Hutchinson,7.5,69,75,42,6,65
292,Andrew Ramirez,5.4,90,55,63,2,61
293,Duane Townsend,1.9,62,55,37,9,49
294,Janice Phillips,6.2,98,99,44,1,71
295,Gabriela Bowers,9.1,51,72,99,1,69
296,Paul Allen,8.1,50,54,84,9,68
297,Patrick Patel,6.2,71,55,62,4,60
298,Shelly Daniel,9.4,97,81,67,3,79
299,Joshua Boyle,5.2,96,94,84,10,84
300,Teresa Horn,5.2,90,55,100,7,73
301,Barbara Calderon,3.6,55,78,48,6,56
302,David Castaneda,2.6,74,49,79,3,54
303,Haley Bailey,1.1,71,69,84,4,58
304,Tara Parker,8.2,90,40,37,2,58
305,Walter Reed,3.6,88,99,66,3,70
306,Eric Wilson,1.3,68,92,47,9,61
307,Lisa Frazier,4.0,82,63,78,8,67
308,Alan Leach,5.5,77,60,44,5,59
309,James Freeman,9.2,98,82,87,2,82
310,Peter Warren,5.8,74,77,67,9,71
311,Brian Morgan,9.3,58,44,90,5,67
312,Diana Wilson,4.5,88,66,100,8,75
313,Kimberly Anderson,2.9,87,46,44,3,50
314,Cory Rios,8.9,65,89,88,6,79
315,Katherine Gonzalez,8.0,98,47,40,10,70
316,Michael Acosta,9.1,99,63,60,7,77
317,Kevin Perez,7.8,65,65,48,3,60
318,Mark Wilson,1.9,66,88,59,4,58
319,Ricardo Jefferson,4.5,93,89,91,3,75
320,Dr. Faith Allen DDS,3.4,99,66,95,9,76
321,Robert Baxter,8.1,62,70,77,2,66
322,Timothy Bradley,3.1,92,89,69,5,70
323,Sabrina Wilson,6.7,63,55,93,7,68
324,Francisco Morrow,5.0,59,73,78,10,68
325,Kyle Gutierrez,8.0,91,61,96,7,80
326,Wayne Chen,6.3,64,96,57,1,65
327,Eric Fowler,8.1,88,97,42,8,78
328,Shawn Baird,2.1,92,76,100,7,73
329,Richard Cole,1.5,51,89,76,10,63
330,Robert Leonard,3.1,91,89,75,10,76
331,Hailey Wilson,5.8,87,88,62,10,77
332,Hector Arroyo,8.2,67,60,50,1,59
333,Jessica Bell,4.8,84,76,77,2,67
334,Diana Fox,9.0,68,93,55,4,73
335,Jason Nelson,4.7,95,50,73,2,62
336,Nicole Reese,7.1,62,80,87,2,69
337,Mark Brown,8.8,99,84,36,7,77
338,James Williams,8.4,96,73,97,7,85
339,Michelle Dalton,2.4,78,97,84,2,67
340,Stephen Hall,4.9,66,58,60,10,62
341,Joseph Alexander,2.9,77,75,78,9,68
342,Penny Marshall,8.9,56,61,49,10,66
343,Krista Riggs,6.4,57,71,55,3,58
344,Micheal Reese DVM,4.5,84,99,96,1,74
345,Scott Morales,3.7,76,57,49,1,51
346,Dr. Carol Baird,2.6,67,56,61,9,57
347,Carl Santos,4.6,92,51,43,5,58
348,John Vazquez,6.5,52,62,98,4,65
349,Rebecca Lewis,8.1,50,59,58,2,57
350,Benjamin Lewis,8.5,51,82,45,4,63
351,Danielle Herrera,5.2,80,65,44,3,58
352,Yvonne Harris,8.3,90,96,65,10,86
353,Nicole Murphy,7.2,83,64,67,7,71
354,Mr. John Dixon MD,8.8,90,65,54,10,77
355,Denise Santos,3.5,79,88,91,4,70
356,Stephanie Lewis,4.0,83,73,49,3,59
357,Michelle Fox,1.7,83,92,90,1,66
358,Matthew Koch,8.7,84,91,70,8,83
359,Carol Dixon,4.7,68,76,67,2,60
360,Rhonda Gonzalez,6.2,50,60,37,10,57
361,Ryan Clark,8.3,91,48,59,8,71
362,Lisa Bryant,6.7,99,62,62,9,75
363,Dylan Jones,5.9,61,61,44,8,59
364,Melissa Carey,2.2,80,65,61,4,56
365,Emily Foster,6.0,86,68,92,3,71
366,Marcus Duncan,8.5,57,40,53,4,55
367,Steven Peters,2.8,74,42,66,9,56
368,Daniel Henderson,5.2,57,76,68,2,59
369,Angela Jacobson,8.1,79,51,58,3,63
370,Sarah Garrett,1.3,86,74,74,7,64
371,Sarah Tucker,3.9,75,63,44,8,59
372,Suzanne Nelson,5.1,57,51,56,4,52
373,Kristi Robertson,8.2,99,48,93,6,77
374,Larry Reynolds,1.8,82,96,99,1,68
375,Julia Pearson,4.0,73,47,45,2,49
376,Shane Turner,4.2,64,67,57,6,58
377,Patricia Singh,4.7,96,89,80,7,78
378,Julie Mendez,5.7,69,40,98,8,66
379,Megan Graham,2.2,87,94,50,6,65
380,Carolyn Lopez,8.0,96,100,68,2,80
381,Lance Miller,9.5,81,72,41,3,68
382,Mrs. Kathryn Logan,5.6,73,43,46,10,59
383,Brandi Pierce,7.1,68,76,84,1,68
384,Joseph Huerta,7.4,86,76,99,4,79
385,Emily White,8.9,66,53,43,2,58
386,Cheryl Jones,9.9,56,41,62,8,64
387,Dawn Stevens,7.7,70,70,65,2,65
388,Eduardo Barton,2.4,59,50,68,10,55
389,Emily Ponce,8.0,87,58,62,1,65
390,Kristina Finley,8.4,64,98,57,6,74
391,David Wiggins,8.8,63,83,74,10,78
392,Daniel Hodge,6.9,58,57,68,5,61
393,Bradley Lopez,4.0,98,66,73,6,69
394,Ana Cervantes,1.5,50,88,40,3,48
395,Jeremy Jones,5.8,67,76,59,1,60
396,Nicholas Allen,3.7,95,72,37,3,59
397,Heather Hansen,9.5,74,45,83,10,75
398,Norman Alvarado,2.4,97,100,97,2,75
399,Jennifer Brown,2.3,99,55,55,2,56
400,Christina Townsend,5.8,73,51,65,10,65
401,Theresa Poole,2.6,62,40,77,10,56
402,Sara Rice,5.9,98,85,38,6,71
403,James Kennedy,2.0,96,63,51,7,60
404,Steven Oconnor,3.4,67,75,75,7,64
405,Susan Davis,6.3,76,72,81,2,67
406,Sarah Singh,6.1,82,91,80,10,81
407,Amanda Taylor,6.9,65,94,84,8,78
408,Jamie Griffin,6.5,51,58,97,7,66
409,Faith Greene,2.1,56,85,56,3,53
410,Manuel Price,9.9,92,98,59,8,87
411,Mark Moreno,4.7,71,69,56,3,58
412,Teresa Nelson,3.9,54,82,71,2,58
413,Anthony Walters,6.3,70,99,58,7,73
414,Corey Sanchez,8.1,61,42,79,4,61
415,Jean Bowman,2.4,75,69,80,10,66
416,Brooke Burns,3.9,96,59,36,3,56
417,Hannah Vasquez,7.7,96,87,59,2,74
418,Rachel Hall,6.1,74,90,53,9,72
419,James Martin,5.3,91,75,100,8,80
420,Tiffany Hernandez,3.7,90,59,60,8,64
421,Joseph Jackson,1.6,84,91,57,1,59
422,Francisco Harris,5.7,55,70,93,6,67
423,Bianca Lopez,8.1,100,73,94,4,82
424,Mr. Ruben Carter,1.1,83,59,42,10,56
425,Joanna Brooks,7.2,62,75,94,3,70
426,Nicole Tran,3.2,77,89,41,4,60
427,Brandon Duran,6.3,61,76,85,3,66
428,Robert Payne,3.1,61,68,83,5,60
429,Joseph Silva,2.6,80,59,47,8,57
430,Kirk Burke,7.2,95,97,50,4,76
431,Diana Ali,1.1,96,61,82,3,60
432,Michelle Chapman,9.0,56,59,94,6,71
433,Rodney Edwards,4.0,73,94,53,1,61
434,Jeffery Moore,5.8,77,68,87,4,69
435,Steve Brown,7.3,50,46,97,10,68
436,Katie Hayden,8.4,90,84,92,5,83
437,Seth Bernard,4.1,99,55,49,7,63
438,Jacqueline Krause,2.2,79,54,86,10,64
439,Eric Anderson,9.7,88,49,98,6,79
440,Stephen Barnes,6.9,97,67,45,2,65
441,Fred Wright,5.3,61,42,71,6,56
442,Reginald Houston,6.9,87,71,60,8,73
443,Russell Turner,7.1,53,65,49,2,55
444,Robert Luna,5.3,63,49,78,10,64
445,Andrew Ramirez,4.7,96,45,90,1,63
446,Alexander Johnson,2.2,100,67,94,7,71
447,Priscilla Morgan,1.3,80,81,37,4,54
448,Mariah Martin,4.5,51,52,54,7,52
449,Dana Jacobs,7.6,93,52,90,3,72
450,Charles Hawkins,5.1,50,86,100,10,74
451,Glen Mercado,6.2,98,48,74,8,71
452,Elizabeth Sexton,6.5,73,41,47,3,53
453,Maria Strong,3.4,69,69,68,9,63
454,Lindsay Bernard,4.6,93,50,94,3,66
455,Latoya Melendez,5.9,61,72,61,2,59
456,Patricia Thompson,6.2,56,85,79,9,72
457,James Mcdaniel,3.2,55,88,40,7,57
458,Elizabeth Morgan,6.7,65,79,67,1,63
459,Emily Fuller,9.2,78,58,69,1,67
460,Daniel Cobb,8.9,96,91,75,1,80
461,Matthew Jones,3.9,99,66,92,7,74
462,Kristina Kennedy,7.7,85,98,84,5,82
463,Michael Mccarthy,8.7,50,76,70,7,69
464,Martha Jones,2.9,80,55,56,7,57
465,Sarah Knight,5.4,70,76,67,8,68
466,Samantha Johnson,6.1,80,47,70,5,62
467,Stephanie Williamson,3.8,100,80,37,9,69
468,Brandy Long,3.6,77,98,36,3,61
469,Kayla Allen,4.3,54,63,84,3,57
470,Mark Cruz,1.9,57,60,78,10,58
471,Courtney Patel,4.7,86,69,97,1,68
472,Lorraine Graham,4.9,71,70,79,10,70
473,Carrie Price,7.9,54,92,52,1,63
474,Lisa Johnson,8.8,70,40,86,3,65
475,Lisa Kelley,9.1,62,56,47,3,60
476,Angela Patterson,8.8,71,48,67,8,68
477,Sarah Calderon,4.7,75,68,80,9,70
478,Phyllis Williams,9.3,89,73,98,8,86
479,Caitlin Taylor,8.7,77,90,57,1,71
480,Nicholas Leonard,1.6,88,100,57,2,63
481,Marco Maynard,9.5,64,65,65,2,66
482,Anthony Rocha,6.7,59,69,63,5,63
483,Sarah Lynch,3.7,87,76,78,6,69
484,John Harmon,2.6,65,63,39,1,46
485,Robert Young,5.3,91,70,53,9,70
486,Mr. Daniel Benson,9.2,85,42,80,5,71
487,Cheryl Smith,5.8,96,43,46,6,61
488,Melissa Mullen,2.9,54,53,49,8,50
489,Olivia Lowery,9.6,89,62,61,4,73
490,Sean Scott,2.7,70,75,50,1,52
491,Gabriella Gonzalez,6.6,79,83,66,4,70
492,Bridget Ramirez,3.0,80,42,83,5,58
493,Savannah Smith,4.0,96,67,57,8,68
494,Tanya Cunningham,6.5,56,52,87,2,59
495,Jennifer Copeland,7.4,63,79,64,10,73
496,Andrea Anderson,3.7,54,82,97,4,64
497,Karina Zamora,1.1,80,80,57,3,56
498,Christian Carter,1.3,61,81,71,2,54
499,Jason Jones,1.7,62,93,75,9,66
500,Gloria Moyer,7.4,57,56,67,9,65
501,Casey Allen,4.3,57,74,61,9,62
502,Alexander Campbell,6.7,72,48,75,2,60
503,Emily Walters,2.3,61,68,92,3,58
504,Daniel Robinson PhD,6.2,90,73,64,10,75
505,Lauren King,4.5,98,63,97,10,78
506,Sandra Washington,9.2,64,52,43,5,61
507,Colin Gonzales,6.5,100,75,72,5,76
508,Tracy Townsend,2.9,56,62,40,1,44
509,Beth Cox,9.2,95,88,80,3,83
510,Meredith Clark,3.2,84,95,66,8,72
511,Mark Walker,4.4,84,78,38,7,63
512,Mason Mcdaniel,8.2,59,98,84,1,73
513,Mrs. Sara Kelley DDS,5.8,65,95,53,8,70
514,Kelly Williams,1.3,81,61,46,2,49
515,Emily Coleman,4.8,89,41,58,9,62
516,Brian Turner,3.1,92,72,49,3,60
517,Gregory Bowers,2.6,58,92,87,9,69
518,Brad Simmons,5.2,64,58,37,3,51
519,Andrew Gonzalez,6.1,76,45,64,6,61
520,Brian West MD,9.5,74,65,51,2,65
521,Tara Smith,9.3,77,52,88,4,72
522,Susan Lawson,3.5,100,79,77,10,77
523,Kimberly Robertson,9.4,66,95,80,9,84
524,Jessica Hoover,7.1,51,84,85,2,66
525,Jason Pitts,1.8,68,47,77,7,54
526,Katherine Robinson,4.4,65,86,63,5,64
527,Mrs. Angela Greer,5.4,59,76,53,2,57
528,William Reed,5.9,60,78,75,7,68
529,Paul Smith PhD,6.7,74,59,82,4,67
530,Kimberly Price,8.2,58,61,42,4,58
531,Megan Chavez,8.2,53,77,72,7,70
532,Christopher Novak,1.7,51,64,80,5,53
533,Molly Boyd,2.8,92,87,65,2,65
534,Cody Harris,3.7,99,66,40,1,57
535,Nicole Foster,6.5,53,51,50,7,56
536,Kimberly Johnson,2.2,85,77,52,3,58
537,Victor Johnson,5.6,76,67,49,8,64
538,Matthew York,6.7,53,97,78,9,75
539,Julie Sullivan,4.1,76,50,53,8,58
540,Susan Camacho,5.7,72,96,82,6,75
541,Justin Moreno,1.7,99,87,77,9,74
542,Benjamin Bailey,1.1,84,81,47,7,59
543,Nicholas Solis,3.3,77,65,84,7,65
544,Alicia Blair,9.6,74,71,99,8,83
545,Monique Smith,9.7,59,80,41,9,71
546,Aaron James,3.6,80,79,74,10,71
547,Blake Porter,9.6,64,44,44,2,57
548,Maria Robinson,9.4,79,85,97,6,85
549,Joseph Jones,3.5,89,42,91,4,61
550,Jeffrey Lawrence,3.0,80,81,54,5,62
551,Ms. Robin Vasquez,5.0,84,48,41,8,59
552,Michael Cummings,6.5,77,48,91,10,72
553,Lisa Hatfield,2.7,59,61,94,9,63
554,Andrew Mcdonald,8.9,58,53,66,1,59
555,Christopher Knight,7.8,100,76,35,9,75
556,Jason Greer,7.7,57,88,42,1,61
557,Brandy Carter,4.7,87,95,46,5,69
558,Whitney Gutierrez,1.7,90,45,96,10,66
559,Thomas Joyce,6.7,95,92,56,5,76
560,Matthew Tanner,3.3,50,91,69,9,64
561,Marissa Miller,1.2,78,55,79,10,61
562,Mrs. Carla Mason,3.8,89,69,60,9,68
563,Gregory Thompson,8.7,74,89,88,5,80
564,Barbara Peters,2.0,91,98,36,3,61
565,Christopher Moore,9.0,77,49,40,4,61
566,Chelsea Jimenez,9.5,65,92,36,7,72
567,Misty Cochran,4.2,61,80,96,3,65
568,Debbie Gay,9.6,89,97,89,7,90
569,Renee Buck,4.7,62,91,74,1,63
570,Shannon Knight,9.4,95,60,83,8,82
571,Brandy French,6.9,98,64,57,10,75
572,Maurice Mcneil,8.7,81,82,93,2,78
573,Joseph Juarez,1.7,75,85,51,10,63
574,Andrea Lawson,4.1,69,87,98,3,69
575,Rachel Ortiz,4.6,57,47,92,7,60
576,John Olsen,4.8,98,61,49,9,68
577,Rachel Benitez,9.1,88,77,61,4,75
578,Daniel Scott,8.1,83,54,37,8,65
579,Robin Pope,5.2,73,54,41,3,53
580,Elizabeth Joseph,7.3,100,100,57,2,78
581,Michael Galvan,5.9,63,40,67,6,56
582,Brian Anderson,6.3,51,41,65,7,55
583,Karen Williams,5.6,76,80,69,5,69
584,Jordan Bender,1.3,53,72,46,3,46
585,Russell Mann,1.7,96,74,76,9,70
586,John Griffin,9.0,58,41,77,5,63
587,Peggy Green,1.9,81,60,69,6,58
588,Brittany Duncan,8.5,97,85,39,6,76
589,Elizabeth Rodriguez,5.5,90,71,100,4,75
590,Susan Hood,2.5,92,65,35,2,53
591,Deborah Hicks,9.6,74,77,62,2,71
592,Natalie Hopkins,4.7,53,92,42,2,56
593,Robert Anthony,6.6,84,77,92,2,73
594,Anthony Thomas,2.2,92,87,99,4,72
595,Candace Ortiz,7.5,88,87,84,6,81
596,Paul Rich,3.2,55,93,45,5,57
597,William Soto,2.6,54,80,91,3,59
598,Lauren Jones,8.5,84,66,91,4,76
599,Keith Stanton,2.4,58,97,41,4,55
600,Mr. Joshua Coleman MD,7.6,61,60,54,6,62
601,Katie Black,8.7,60,89,70,6,74
602,Raymond Collins,6.1,87,99,48,7,75
603,Melinda Simon,4.1,82,92,66,6,70
604,Albert Bowman,1.3,52,91,75,3,56
605,Brian Ward,3.5,95,99,41,5,68
606,Steven Martinez,4.3,81,99,66,1,67
607,Karen Charles,4.8,58,81,73,10,68
608,Holly Perkins,6.7,88,88,75,6,78
609,Jonathan Randall,3.7,61,49,45,9,52
610,Courtney Rocha,2.6,64,48,56,1,45
611,Jessica Boyer,8.1,69,56,76,6,68
612,Craig Romero,9.5,56,52,63,7,65
613,Christopher Larson,1.2,54,92,60,10,60
614,Savannah Edwards,9.6,76,61,72,2,69
615,Timothy Moore,3.8,94,67,83,4,68
616,Jason Diaz,7.0,61,72,65,4,64
617,Joseph Smith,3.0,78,47,58,4,52
618,Stacey Valentine DVM,4.0,55,65,36,7,52
619,Deborah Miller,8.6,59,47,82,3,63
620,Emily Lucero,6.4,98,45,90,3,69
621,Julie Webb,6.4,83,66,94,2,70
622,Marcus Evans,3.5,59,66,70,3,55
623,Pamela Bradley,5.6,94,55,37,10,65
624,Steven Thompson,6.6,90,47,40,4,59
625,Isabella Hunt,9.3,99,98,77,1,84
626,Theresa Walker,9.5,92,86,50,3,76
627,Wendy Harris,6.6,64,69,64,8,67
628,Amanda Curry,4.8,54,77,66,10,65
629,Teresa James,8.7,86,83,74,6,80
630,Tamara Reid,8.7,66,49,54,1,57
631,Lindsay Leon,9.9,52,58,55,1,59
632,Timothy David,7.3,83,71,44,3,64
633,Jacqueline Thomas,6.4,72,72,35,7,62
634,Maurice Ramirez,2.3,89,79,39,4,58
635,Lisa Lucas,10.0,95,57,78,9,82
636,Peter Griffin,6.4,99,47,65,1,63
637,Stephanie Leon,3.1,90,61,58,10,65
638,Tyler Lee,1.4,66,58,45,1,43
639,Natalie Watts,3.5,51,49,81,7,55
640,Linda Jacobson,8.4,90,83,74,1,75
641,Lisa Shepherd,9.2,59,40,80,8,67
642,Oscar Barnes,4.3,52,98,74,5,65
643,Brent Gates,2.7,69,57,83,7,60
644,Caitlin Roman,2.5,70,97,82,5,68
645,Jordan Allen,6.3,84,45,100,10,74
646,Donna Simmons,7.1,64,91,70,7,73
647,Richard Olsen,6.0,57,76,54,5,61
648,Jason Ball,5.3,94,66,62,7,70
649,William Dunn,9.7,65,44,90,9,73
650,Mr. James Montgomery,4.6,62,42,42,9,52
651,Michael King,5.2,86,95,98,5,80
652,Mark Joseph,7.5,62,60,72,7,66
653,Jennifer Ramirez,4.7,66,96,57,3,64
654,Jamie Rodriguez,2.0,98,53,95,7,67
655,Anthony Davis,2.4,78,86,47,3,58
656,Edwin Farrell,6.5,83,72,53,10,72
657,Amanda Washington,9.0,97,72,94,1,80
658,Hunter Patterson,5.4,87,50,70,10,69
659,Thomas Jackson,5.3,96,100,43,7,75
660,Curtis Chavez,8.4,62,54,42,5,59
661,James Allen,5.1,88,40,74,4,61
662,Stacey Meyers,9.6,57,75,39,9,69
663,Jeffery Howell,5.3,64,78,53,5,61
664,Jessica Andrade,2.4,91,83,50,5,63
665,Eric Smith,8.9,98,52,83,1,72
666,William Moore,4.6,93,41,58,6,60
667,Michele Sanchez,5.9,68,93,87,9,78
668,Kyle Scott,6.8,100,91,59,6,79
669,Steven Lee,3.8,67,87,37,9,62
670,Willie Pierce,1.2,66,46,51,1,41
671,Colleen Ramos,5.1,63,96,60,3,64
672,Cory James,8.5,65,69,74,8,73
673,John Rodgers,9.7,78,82,60,3,74
674,Laura Stephens,2.8,78,44,38,4,47
675,Jermaine Alvarez,2.4,76,81,78,5,64
676,William Barker,5.4,57,44,66,6,55
677,Wesley Martin,7.6,53,63,45,9,62
678,Stacy Jordan,2.9,66,100,79,10,73
679,Shannon Graham,9.7,89,89,67,4,81
680,Jacqueline Brown,6.1,72,47,37,7,56
681,Sandra Rodriguez,5.4,57,58,72,8,61
682,David Mcfarland,3.5,70,91,40,1,56
683,Alexa Barnes,4.2,57,71,87,5,62
684,Trevor Chapman,5.5,65,40,55,3,51
685,Joseph Schaefer PhD,3.4,70,85,65,2,60
686,Robert Gomez,9.9,90,73,41,4,72
687,Mike Miller,4.8,74,74,38,6,60
688,Amanda Schultz,3.7,82,67,58,8,64
689,Jennifer Alexander,9.4,62,60,75,1,65
690,Melissa Frey,1.2,78,77,82,5,62
691,Darren Smith,5.8,78,67,80,5,68
692,Kelli Yates,1.4,53,77,62,9,56
693,Gloria Ortiz,3.1,54,81,44,4,52
694,Alexander Hernandez,2.9,94,57,39,1,52
695,Larry Miller,6.7,61,55,99,2,64
696,Joann Joyce,2.3,86,45,66,3,53
697,Shaun Stewart,8.1,78,69,39,6,66
698,David Ray,3.7,70,43,75,3,53
699,Matthew Young,4.1,82,48,71,5,59
700,Michelle Patterson,5.5,66,100,77,2,69
701,Rebecca Jackson,9.7,82,79,36,1,67
702,Jenny Zimmerman,3.2,96,59,62,5,62
703,Katrina Vance,7.9,95,52,83,7,76
704,Jaime Adams,3.8,96,93,93,5,78
705,Lori Jones,7.6,64,50,39,1,52
706,Rhonda Michael,3.5,73,41,58,1,48
707,Miguel Jones II,3.7,79,93,97,3,72
708,Jeanette Wallace,3.1,51,79,82,6,61
709,Sarah Oneal,2.7,72,72,76,5,61
710,Kimberly Swanson,9.2,51,45,89,5,65
711,Rebecca Miller,1.8,86,86,58,1,59
712,Destiny Branch,1.1,68,60,41,9,51
713,Donna Martinez,2.8,52,48,90,3,51
714,Richard Evans,3.2,68,90,85,3,65
715,Andrew Phelps,4.0,98,52,79,7,68
716,Raymond Harper,3.7,100,71,96,7,76
717,Jennifer Williams,1.5,69,79,75,2,57
718,Tyler Miller,7.7,95,56,100,7,80
719,Roger Moore,8.6,62,52,60,10,67
720,Danielle Nguyen,6.7,69,84,57,4,67
721,Terri George,5.4,62,95,54,9,69
722,Michael Butler,9.5,80,58,37,4,64
723,Megan Schwartz,8.8,50,92,90,2,73
724,Vanessa Williamson,3.5,76,76,71,7,66
725,Patrick Moody,8.0,66,42,71,5,62
726,Angela Hill,5.9,81,55,57,9,66
727,Ronald Reyes,6.1,74,49,54,8,61
728,Richard Smith,3.2,89,64,66,10,67
729,Rachel Kennedy,4.0,68,63,38,4,52
730,Kristin Walker,8.1,70,84,54,7,72
731,Jeremy Simpson,7.2,85,61,52,4,65
732,Adrienne Williams,3.4,50,66,67,8,57
733,Pedro Meyer,1.3,86,47,45,9,53
734,Jerry Lara MD,9.8,93,81,77,6,84
735,Kristen Fisher,7.2,56,71,77,3,64
736,Ian Hoffman,2.5,100,84,46,5,65
737,Kimberly Wong,7.4,89,47,63,6,67
738,Gregory Salazar,4.7,66,55,85,6,62
739,Sarah Mccarthy,6.3,52,93,45,7,64
740,David Carter,7.3,92,67,50,9,73
741,Caroline Burns,1.7,77,99,53,5,63
742,Kenneth Andrews,3.7,95,43,65,3,57
743,Matthew Taylor,1.8,58,50,37,4,42
744,Amy West,9.3,96,90,47,5,79
745,Alicia Cervantes,7.4,97,73,37,8,72
746,Courtney Reynolds,5.8,94,74,62,5,71
747,Amy Johnson,1.1,51,69,46,6,47
748,Joshua Rodriguez,2.2,81,93,83,8,72
749,James Thompson,6.9,86,61,81,10,76
750,Maria Cantrell,1.6,88,76,84,4,65
751,Todd White,3.9,60,81,98,7,69
752,Jeffrey Miller,1.7,81,47,79,1,52
753,Jessica Hall,5.6,81,71,72,2,65
754,Curtis Adams,8.0,83,64,65,8,73
755,James Smith,4.3,51,55,71,1,50
756,Ross Smith,9.0,64,68,97,9,79
757,David Leon,5.7,55,50,57,9,58
758,Mary Marshall,9.4,61,96,64,10,80
759,Brandy Reynolds,4.3,59,99,37,7,62
760,Sandra Moreno,4.3,60,48,42,10,54
761,Cassandra Robinson,8.9,66,100,92,7,84
762,Taylor Herman,6.1,57,60,56,9,61
763,Darlene Barrera,9.7,56,97,93,6,82
764,Charles Gonzales,5.4,82,90,92,9,81
765,Jacqueline King,1.6,69,95,51,5,59
766,Elizabeth Andrews,9.8,82,53,57,5,69
767,Linda Ramirez,7.3,96,65,69,2,70
768,Roberto Chambers,5.9,89,44,89,1,63
769,Jessica Brown,3.3,93,60,70,3,61
770,Nicholas Mcdowell,2.5,59,70,57,4,52
771,Ashley Juarez,7.7,93,72,35,9,72
772,Dominique Ashley,2.7,69,54,78,8,59
773,Eric Hester MD,4.1,63,93,71,5,66
774,April Baker MD,5.8,96,50,66,8,69
775,Dr. Betty Payne,5.6,64,99,95,5,75
776,Elizabeth Nichols,6.6,77,66,89,1,67
777,Mary Woods,8.9,92,43,67,7,71
778,Lindsay Travis,9.0,58,43,75,5,63
779,Mary Lane,4.5,70,58,90,4,63
780,Bruce Smith,9.6,91,80,91,5,85
781,Holly Morris,3.1,65,98,100,2,68
782,Christopher Martinez,9.6,63,78,56,7,72
783,Sharon Reyes,7.7,77,42,49,2,56
784,Timothy Mcdaniel,6.4,65,80,90,9,76
785,Gina Fisher,3.4,78,45,58,6,55
786,Samantha Ramirez,4.2,88,59,63,4,61
787,Amber Martinez,8.9,80,42,50,10,68
788,Shane Holmes,7.5,60,96,90,2,74
789,Mark Clay,3.3,77,66,58,5,58
790,Samuel Hall,3.8,56,77,90,8,66
791,Hannah Jackson,7.3,88,89,90,7,83
792,Margaret Dominguez,6.8,79,57,49,6,63
793,Rachel Nelson,9.9,82,85,59,1,74
794,Edwin Brewer,6.1,97,93,84,7,83
795,Alison Young,1.5,54,83,67,3,53
796,Jason Barber,1.3,70,54,92,7,59
797,Neil Hess,4.5,53,82,72,9,66
798,Kelly Berry,6.9,62,75,97,8,75
799,Christina Miller,2.4,59,51,36,6,45
800,Jennifer Garcia,1.3,95,71,94,5,67
801,Dakota Perez,3.9,86,51,75,2,59
802,Steven Jones,6.6,67,63,85,9,71
803,Eric Odom,3.4,80,77,70,6,66
804,Joseph Lucero,4.7,55,64,44,5,52
805,Margaret Peterson,2.6,90,47,99,6,65
806,Luke Trevino,6.6,65,87,88,2,70
807,Carmen Quinn,5.9,73,80,63,5,67
808,Samantha Avila,8.7,51,92,61,1,66
809,David Davis,5.0,70,57,46,3,53
810,Jose Jackson,9.5,73,96,65,6,80
811,Tracy Franklin,7.3,99,88,36,3,71
812,Dawn Jacobson,5.5,67,50,76,2,57
813,Elizabeth Moreno,6.4,64,62,97,6,69
814,Jasmine Lopez,1.5,81,62,35,6,51
815,Sabrina Johnson,5.4,81,51,87,3,64
816,Charles Hernandez,7.6,60,98,95,8,81
817,Jim Rivera,9.2,100,56,37,9,73
818,Bailey Hill,3.3,99,55,43,9,62
819,Curtis Barron,9.4,55,58,60,7,66
820,Erica Edwards,2.4,77,44,68,2,50
821,Emily Bowers,6.7,55,66,58,7,62
822,John Chen,5.9,85,58,36,10,64
823,Joshua Robertson,4.4,82,52,99,1,63
824,Ronald Carson,2.8,89,40,49,1,48
825,Jason Nelson,4.3,50,89,99,7,70
826,Phyllis Weaver,4.3,91,89,53,4,68
827,Chad Poole,8.2,84,60,61,6,70
828,Anthony Delacruz,2.8,76,93,73,1,63
829,Heather Hernandez,2.9,87,61,78,8,66
830,Katherine Thompson,1.9,80,55,45,7,53
831,David Potts,4.5,69,53,96,6,64
832,Shannon Davis,8.8,50,53,78,5,63
833,David Baker,8.1,69,40,80,2,61
834,Charles Gutierrez,8.0,76,41,96,1,65
835,Maxwell Camacho,9.9,78,50,48,7,68
836,Cody Thompson,1.8,71,56,100,1,56
837,Brittany Sanders,9.9,64,59,100,2,72
838,Mr. Charles Yu,8.6,50,49,77,2,59
839,Claudia Harris,1.6,85,97,52,4,63
840,Dean Johnson,8.1,66,79,87,7,76
841,Sarah Harris,2.1,51,88,83,10,65
842,Christopher Wallace,3.3,67,74,64,4,58
843,Jason Cook,2.2,96,95,63,10,74
844,Max Duncan,9.5,53,93,96,6,80
845,Christine Reyes,8.2,98,61,38,9,72
846,Dana Wright,6.2,96,66,89,3,73
847,Lisa Davis,1.4,58,74,60,9,56
848,Mark Pace,6.4,61,90,59,7,69
849,Kevin Chang,5.0,94,81,77,9,78
850,Tammy Garcia,5.5,96,94,64,7,78
851,Allen Huerta,2.0,72,92,51,7,62
852,Danielle Morgan,7.8,69,85,50,10,74
853,Patrick Ali,7.9,56,57,70,9,67
854,Mary Brooks,6.4,88,82,75,10,80
855,John Henson,1.2,99,46,96,8,65
856,Dr. Stephanie Griffith,1.9,75,85,91,2,64
857,Charlotte Wilson,1.4,78,55,57,2,49
858,Randall Anderson,6.7,91,58,92,7,76
859,Keith Beck,9.1,73,99,43,8,77
860,Toni Vang,7.6,82,49,86,4,69
861,Paul Wallace,5.5,74,40,67,9,61
862,Theodore Dunn,6.5,62,45,79,9,64
863,Eric Valdez,8.9,54,51,64,5,61
864,Tamara Davis,5.0,62,85,77,3,65
865,Vanessa Bryan,5.0,65,85,46,5,61
866,Erin Clarke,4.3,96,62,71,2,64
867,Elizabeth Silva,8.1,52,85,70,3,67
868,Amanda Wilkinson,9.2,56,41,81,5,63
869,Justin Shaw,8.1,95,66,75,6,77
870,Ms. Gina Winters,7.9,68,75,94,2,72
871,Christopher Herring,5.7,79,99,75,10,80
872,Elizabeth Hernandez,10.0,69,65,47,1,63
873,Eric Neal,2.6,77,76,36,4,54
874,Catherine Murphy,2.5,74,85,63,1,58
875,Chad Chandler,7.5,92,62,79,5,74
876,Loretta Steele,3.9,93,42,64,7,61
877,Randy Allen,9.4,77,100,93,7,88
878,Melanie Grant,6.6,55,57,70,4,59
879,Derrick Hawkins,5.5,79,97,98,2,76
880,Diana Wilkins,7.5,65,51,36,9,60
881,David Ellis,6.2,61,84,53,9,68
882,Emily Miles,3.3,87,48,65,6,59
883,Austin Coleman,7.9,96,84,74,9,84
884,Kenneth Valentine,2.2,67,56,88,4,56
885,Kimberly Cox,8.8,73,60,57,9,71
886,Matthew Singh,5.4,85,74,80,10,76
887,Timothy Ramsey,1.5,78,72,56,3,54
888,Veronica Harper,6.7,71,67,44,10,66
889,Joseph Harper,2.7,91,57,39,5,55
890,Elizabeth Singh,4.3,85,71,53,1,59
891,Dr. Erin Miller,4.5,60,53,77,4,56
892,Karen Gordon,1.1,64,83,45,4,51
893,Tammie Johnston,3.9,76,60,43,8,58
894,Tina Fernandez,3.4,70,79,69,10,67
895,Jeffrey Wolf,8.0,92,99,63,8,84
896,Jocelyn Schultz,9.1,81,88,88,3,81
897,Sandra Cohen,6.8,78,76,66,6,71
898,Dalton Lozano,6.8,73,97,63,1,69
899,Kristin Greene,4.0,70,42,58,3,50
900,Randy Zavala,2.4,72,48,74,8,57
901,Christopher Moore,7.3,70,57,35,7,60
902,Karen Hayes,9.4,92,48,61,9,75
903,Michael Morris,7.9,73,64,38,4,61
904,Rachel Lopez,4.3,93,42,38,2,51
905,David Martinez,5.7,98,94,37,10,76
906,Ashley Nguyen,9.3,70,62,73,8,74
907,Ricky Spencer,5.7,85,42,40,3,54
908,Ana Thompson,2.3,99,48,66,1,55
909,Andrea Wallace,2.6,88,73,57,6,62
910,Kevin Hill,8.3,76,56,68,9,72
911,Melissa Drake,2.1,66,86,80,3,61
912,Kimberly Davis,4.6,100,67,41,10,69
913,Matthew Williams,1.6,96,97,70,9,74
914,Eric Mason,7.3,69,85,66,9,75
915,Mary Russell,7.6,90,91,79,6,82
916,Charles Ramirez,2.2,69,46,81,4,53
917,Angela Lee,1.2,99,68,100,6,70
918,Jonathan Gonzalez,5.0,60,43,60,10,57
919,Steve Brooks,9.8,79,100,48,8,81
920,Patrick Mcdowell,8.9,87,82,85,9,86
921,Wanda Washington,5.1,73,49,92,3,62
922,Jo Hopkins,8.3,74,71,37,5,65
923,Kristen Chandler,7.3,96,88,82,5,82
924,Shirley Smith,3.3,86,54,97,2,63
925,Robert Smith,9.3,63,62,76,10,75
926,Erika Mccarthy,6.1,61,68,39,7,59
927,Albert Burnett,4.8,87,96,82,7,78
928,Brenda Leach,8.2,91,47,55,6,67
929,Tiffany Hernandez,2.9,50,83,97,4,62
930,Jessica Byrd,9.2,61,57,85,1,65
931,Kristen Bowers,9.1,79,87,41,1,68
932,Brooke Snyder,4.9,86,90,97,9,82
933,Jeffrey Chapman,8.2,64,42,44,3,54
934,Erik Patterson,2.0,58,78,45,5,52
935,Evan Jones,7.3,76,67,78,9,74
936,Robert Warren,4.5,98,63,59,8,69
937,Jesse Martin,5.2,71,45,35,5,51
938,Matthew Graham,8.0,51,61,52,2,56
939,Lisa Jones,7.9,91,75,66,9,79
940,Matthew Powell,6.3,94,100,59,7,79
941,Zachary Harris,8.8,83,94,45,3,73
942,Terri Whitehead,6.5,93,40,73,2,62
943,Alexis Johnson MD,7.8,70,82,39,3,64
944,Mike Leblanc,6.1,52,83,40,4,57
945,Christopher Lucas,1.6,76,59,59,2,50
946,Toni Moore,3.1,77,70,58,2,56
947,Mary Marshall,1.4,51,59,89,9,57
948,Kimberly Brown,7.5,52,47,62,10,62
949,Ricky Horton,8.1,63,59,49,3,59
950,Ashley Perez,7.8,50,57,53,9,61
951,Natasha Jones,7.6,97,44,49,10,70
952,Alexandra Wilson,8.2,67,65,76,6,70
953,Aaron Richardson,8.8,99,90,70,5,83
954,Lori Wallace,3.9,90,67,83,10,73
955,Julia Simon,4.4,82,67,71,5,65
956,James King,6.6,93,53,52,5,65
957,Joseph Brown,1.8,90,89,72,8,70
958,Tracy Bishop,7.8,96,65,89,6,79
959,James Maynard,6.3,58,71,68,2,60
960,Jennifer Garcia,2.3,57,83,79,2,57
961,Michael Griffin,3.9,88,45,40,7,56
962,Vickie Murphy MD,7.4,90,60,65,5,70
963,Dana Porter,4.5,83,53,49,2,54
964,Darin Flynn,9.2,89,73,83,10,85
965,Kara Bowman,4.1,78,56,80,6,63
966,Colleen Reese,4.4,91,73,99,3,72
967,Bethany Flores,1.7,92,60,94,10,70
968,Brenda King,7.0,53,94,99,9,79
969,Rachel Elliott,3.2,68,99,75,5,68
970,Kimberly Brady,7.1,85,99,44,5,74
971,Elizabeth Hale,1.9,77,60,93,3,59
972,Monica Cook,4.6,59,46,92,4,57
973,Loretta Cruz,2.9,51,66,44,8,51
974,Manuel Perry,8.0,63,69,42,7,64
975,Erica Pena,7.6,93,67,94,1,75
976,Mrs. Alexandra Hall,6.2,82,61,82,8,72
977,Lauren Mcbride,4.7,98,61,54,1,60
978,Brett Soto,4.9,56,49,65,9,58
979,Joseph Conner,1.5,55,93,91,1,59
980,Ethan Coleman,2.6,70,88,46,8,61
981,Jason Miller,1.1,57,60,70,4,49
982,Cindy Gonzalez,3.7,83,87,54,5,65
983,Christopher Thomas,10.0,87,76,83,4,81
984,Ronald Stewart,3.1,87,68,100,8,72
985,Martha Scott,7.8,80,83,91,5,79
986,Joshua Rhodes,4.6,63,87,75,9,70
987,Alexis Salinas,8.7,71,96,74,7,80
988,Samuel Marshall,9.7,83,41,43,3,62
989,Tiffany Wilson,2.3,98,61,60,9,65
990,Darren Hampton,6.1,80,96,65,7,76
991,Linda Adams,7.0,91,69,47,4,67
992,Heather Nelson,3.4,84,46,56,9,59
993,Anthony Mahoney,5.7,92,82,88,2,74
994,Ruth Russell,8.8,95,45,88,2,72
995,Paula Roth,6.3,59,69,81,3,63
996,Alicia Cox,3.6,58,82,90,2,62
997,Brent Cohen,9.0,68,63,35,10,67
998,Tiffany Davis,9.8,80,78,69,5,77
999,Robert Johnston,3.4,61,93,51,10,65
1000,Thomas Ayala,6.9,86,56,55,5,65
1001,David Lewis,2.8,57,60,36,5,47
1002,Donna Guerrero,1.5,53,87,95,10,67
1003,Joshua Buck,8.7,60,76,85,1,69
1004,Kimberly Jacobs,8.0,62,80,77,4,70
1005,Marissa Finley,4.6,96,57,60,10,69
1006,Rachel Bowers,4.4,95,41,90,7,67
1007,Tracey Morrison,8.5,59,40,67,8,63
1008,Jonathan Jones,9.2,80,84,67,9,81
1009,Gabrielle Edwards,8.3,68,74,72,3,69
1010,Tammy Howard,6.6,55,52,47,7,56
1011,Christina Phillips,3.7,90,62,89,9,72
1012,Kevin Conway,2.6,86,45,59,1,50
1013,Tyler Mathis,9.6,55,96,66,9,79
1014,April Rodriguez,2.6,55,71,52,2,49
1015,Caitlin Meyer,6.5,89,60,51,5,65
1016,Dustin Murillo,2.4,70,46,47,5,48
1017,Edward Kaufman,8.9,93,97,90,6,89
1018,Lauren Fernandez,3.5,80,85,67,10,71
1019,Curtis Gordon,8.5,70,72,95,7,78
1020,Maureen Murphy,8.9,98,40,77,6,73
1021,Michelle Armstrong,2.3,89,42,39,2,47
1022,Sarah Underwood,5.5,64,44,58,1,50
1023,Cassandra Johnson,1.9,90,75,84,2,63
1024,Jay Mcfarland,4.1,95,84,74,5,72
1025,John Knight,9.9,88,61,50,3,70
1026,Kayla Watson,5.4,71,64,46,4,57
1027,Claudia Lopez,2.8,80,54,71,2,55
1028,Chelsea Duran,2.4,74,55,90,5,60
1029,Tracey Clayton,3.6,94,51,58,6,61
1030,Nicholas Nguyen,7.9,89,49,89,10,78
1031,Gregory Bartlett,9.8,77,76,75,10,82
1032,Angela Reyes,2.7,96,74,88,9,74
1033,Alexandra Walker,3.8,50,95,85,4,64
1034,Laurie Huffman,9.7,68,58,63,1,64
1035,Diana Gonzalez,6.2,95,79,69,8,77
1036,Joel Reed,2.0,57,75,94,4,59
1037,Scott Moore,7.4,67,83,52,10,72
1038,Elizabeth Johnson,6.9,99,68,69,9,78
1039,Vincent Luna,7.5,88,40,74,6,67
1040,Rose Mitchell,3.2,58,40,98,6,56
1041,Lisa Rogers,10.0,56,95,41,10,75
1042,Nathan Richardson,3.7,84,78,65,3,63
1043,Andrew Hampton,3.0,54,49,61,9,52
1044,Eric Patrick,9.6,81,60,49,9,73
1045,Jamie Johnson PhD,8.7,50,55,70,3,60
1046,Ann Gonzalez,8.5,68,52,77,10,72
1047,Paul Good,3.0,98,99,35,8,70
1048,Matthew Turner,3.1,52,40,69,10,53
1049,Brandy Macias,6.3,65,68,92,8,72
1050,Colleen Green,3.4,55,85,96,6,67
1051,Nicholas Williams,9.8,89,47,89,6,77
1052,Christina Mejia,6.9,78,85,49,2,66
1053,Laurie Rivera,4.4,66,99,97,3,72
1054,Christina Watson,6.2,84,93,43,9,74
1055,Jacqueline Myers,3.6,53,86,97,9,70
1056,Mary Rhodes,1.4,79,40,72,5,51
1057,Stephanie Boyd,8.5,90,99,96,5,88
1058,Madeline Hendricks DVM,5.2,83,65,72,8,69
1059,Francisco Sullivan,6.3,73,75,55,5,65
1060,Tiffany Stevenson,1.5,50,75,36,5,46
1061,Samantha Glover,2.3,66,45,95,8,59
1062,Linda Lynch,6.8,60,94,52,7,69
1063,Daniel Johnson,3.2,61,49,97,2,55
1064,David Kennedy,7.0,90,47,95,2,69
1065,Kimberly Wilson,9.2,92,61,50,8,74
1066,Pamela Myers,2.5,93,65,80,6,66
1067,Sheila Fisher,3.4,58,43,43,2,42
1068,James Brock,3.8,56,41,60,8,51
1069,Andrew Hoffman,1.7,79,47,77,3,53
1070,Pamela Neal,5.9,78,68,90,2,68
1071,Timothy Howard,8.0,87,96,52,9,81
1072,Mark Higgins,8.2,94,58,48,4,68
1073,Nicole Li,2.1,57,65,85,1,52
1074,Erin Smith,5.1,85,95,38,9,71
1075,Linda Bullock,2.8,64,54,67,5,53
1076,Carol Ewing,1.2,94,86,52,3,60
1077,Michael Mcdowell,1.1,75,98,48,6,61
1078,Jacob Larsen,6.8,87,52,36,9,64
1079,Ryan Parker,8.7,86,96,38,9,79
1080,Samuel Stephenson,6.1,84,54,97,2,68
1081,Heather Chapman,4.6,76,67,65,4,61
1082,Steve Smith,9.4,83,74,64,9,79
1083,Angie Richmond,1.7,52,85,41,7,52
1084,Jeremy Miller,5.4,93,77,99,10,83
1085,Linda Howard,1.9,55,77,99,7,63
1086,Leslie Christensen,8.5,99,92,67,7,85
1087,Jim Harris,7.5,68,83,64,6,71
1088,Brittney Fleming,6.4,67,93,48,5,67
1089,Stephanie Elliott,8.7,80,42,82,10,74
1090,Nicholas Sanders,6.4,60,48,81,8,64
1091,Trevor Nguyen,1.1,61,89,73,10,64
1092,Nathan Thompson,5.8,50,91,50,3,59
1093,Lindsay Flowers,3.4,75,99,90,5,73
1094,Brittany Mills,9.5,92,84,61,4,79
1095,Garrett Chan,9.8,78,65,35,10,72
1096,Sandra Walker,9.5,80,55,95,9,80
1097,Steve Martinez,2.1,90,87,63,2,63
1098,Christopher Turner,6.4,50,58,37,8,55
1099,Paul Davis,2.3,83,96,88,3,69
1100,Hailey Joseph,8.2,55,83,97,8,78
1101,Gabrielle Franklin,3.1,64,60,54,8,56
1102,Ruth Myers,5.4,69,69,68,3,61
1103,Nicole Young,2.7,98,56,76,5,64
1104,Claire Taylor,5.2,94,90,100,7,83
1105,Matthew Garner,4.9,90,65,90,2,68
1106,Craig Lane,9.0,67,93,62,5,75
1107,Pamela Fleming,3.0,91,43,81,9,64
1108,Rita Miller,4.0,70,78,41,7,60
1109,Megan Wilson,9.6,55,99,69,4,75
1110,Matthew Richardson,4.9,78,43,37,6,53
1111,Kevin Page,5.0,86,76,71,10,74
1112,John Cortez,4.8,75,68,86,10,72
1113,Tonya Solomon,8.8,77,91,58,9,80
1114,John Roberts,1.3,52,44,43,10,45
1115,Diana Rivera,2.7,96,40,94,8,66
1116,Shane Kelley,3.3,50,51,40,9,48
1117,Kathy Allen,5.4,55,74,79,10,68
1118,Alexandra Larsen,7.0,67,74,71,8,71
1119,Zachary Mora,4.9,73,48,47,1,50
1120,Dr. Kendra Davis,6.6,89,87,59,1,70
1121,Angela Jones,6.5,100,81,47,2,69
1122,Cory Barker,5.9,76,84,59,2,65
1123,Michael Randall,7.4,53,99,90,1,71
1124,Shannon Little,8.8,79,90,55,2,72
1125,Kathleen Anderson,6.7,88,99,46,7,76
1126,Brian Conway,6.2,82,58,72,8,69
1127,Jamie Bishop,7.0,69,50,65,3,59
1128,Cynthia Silva,4.1,59,53,39,2,46
1129,Joel Bond,3.4,94,70,79,8,71
1130,Wayne Spence,5.2,86,93,65,2,70
1131,Joseph Fuller,7.9,78,57,86,2,68
1132,Lynn Morgan,8.7,95,96,79,1,81
1133,Joseph Webb,9.6,66,85,86,4,78
1134,Allison Baker,9.1,71,56,72,2,66
1135,Emma Mendoza,4.0,51,58,37,5,47
1136,Robert Cooper,4.9,82,94,69,9,76
1137,Melissa Christensen,4.9,100,63,76,4,69
1138,Derek Mcdonald,6.2,62,67,90,4,66
1139,Joshua Carey,9.9,78,81,39,8,75
1140,Katherine Davis,1.8,100,73,65,8,67
1141,Julia Stone,4.2,93,80,73,10,76
1142,Jacqueline Bishop,3.6,77,45,69,8,59
1143,Jennifer Rios,2.8,68,61,51,5,53
1144,Crystal Garza,9.9,68,47,47,5,62
1145,Daniel Ellis,7.6,67,80,86,4,73
1146,Mary Warren,5.1,63,80,56,6,63
1147,Robert Lopez,7.8,88,45,59,9,69
1148,Christopher Case,2.5,84,42,89,7,61
1149,David Hart,3.4,87,63,92,6,68
1150,Kimberly Gray,4.5,61,46,85,5,57
1151,John Santiago,7.8,89,91,68,2,76
1152,Paul Bates,6.0,91,86,54,6,73
1153,April Moran,6.2,99,59,87,7,76
1154,Ryan Hart,8.7,50,55,78,5,64
1155,Jaime White,4.0,67,81,90,7,70
1156,Marcus Hancock,2.5,53,76,86,7,61
1157,Pamela Martin,6.5,64,93,42,8,68
1158,Melissa Robinson,4.9,64,64,37,6,55
1159,Ryan Murphy,1.6,94,50,58,6,56
1160,Kaylee Reese,1.8,50,82,46,1,46
1161,Tricia Lucas,8.8,53,89,39,6,66
1162,Gregory Clarke,8.7,99,81,74,7,84
1163,Brandon Smith,1.2,81,100,56,5,63
1164,Pam Young,8.8,97,47,79,4,73
1165,Sheila Collins,9.1,53,86,52,1,64
1166,Aaron Mora,3.7,93,48,66,1,56
1167,Tina Lawrence,3.1,60,67,47,4,51
1168,Christopher Allen,2.6,60,91,85,7,66
1169,Veronica Luna,2.7,57,68,36,10,53
1170,Jason Hart,3.2,62,87,81,5,64
1171,Kimberly Wall,9.2,64,90,70,5,75
1172,Andrew Lyons,8.3,72,73,62,10,75
1173,Melanie Harrell,7.4,58,81,40,7,64
1174,Aimee Randall,3.9,82,44,48,4,52
1175,Jamie Foster,8.9,99,73,63,1,74
1176,Bradley Thompson,3.8,57,49,79,4,53
1177,Jason Weaver,8.8,69,54,57,3,62
1178,Hannah Elliott,4.7,56,58,71,6,58
1179,Chris Campbell,4.8,53,45,95,10,63
1180,Christina Johnson,9.9,77,85,68,2,75
1181,Erin Young,4.3,65,99,92,8,76
1182,Connor Petersen,7.1,83,55,73,7,70
1183,Thomas Hancock,6.3,96,99,100,7,88
1184,Jasmine Myers,4.3,70,71,94,3,65
1185,Aaron Contreras,5.7,97,77,53,7,72
1186,Michelle Horton,5.8,84,75,68,1,65
1187,Mr. Matthew Calhoun Jr.,7.1,94,50,46,3,62
1188,Jaime Moore,8.4,80,89,63,7,78
1189,William Bridges,7.5,70,56,83,3,66
1190,David Campbell,9.5,86,85,80,8,85
1191,Denise Parker,8.6,50,43,85,3,60
1192,Andrew Green,2.5,81,49,89,8,63
1193,Debbie James,1.0,50,87,47,9,54
1194,William Mills,8.5,99,91,90,9,91
1195,Sandra Howe,7.0,88,90,96,2,79
1196,Jordan Burns,4.0,85,77,51,5,63
1197,Krystal Bowman,9.3,59,98,44,10,76
1198,Michael Cain,8.8,59,49,81,1,61
1199,Meghan Pham,9.8,90,49,100,3,77
1200,Jeffrey Lynch,6.2,81,52,65,5,63
1201,Justin Martin,3.9,88,72,72,5,67
1202,Anthony Graham,3.3,60,62,81,9,62
1203,Ryan Rice,8.6,79,46,47,3,60
1204,Leslie King,2.8,75,58,47,2,50
1205,Leslie Glover,5.6,80,65,44,9,65
1206,Jordan Stewart,7.4,97,87,97,10,90
1207,Justin Smith,5.1,81,93,81,10,79
1208,Lori Harris,8.3,92,85,48,7,77
1209,Craig Wilson,4.9,83,42,84,2,59
1210,Danielle Wilkerson,9.2,66,81,56,3,69
1211,Cindy Newman,6.2,81,98,40,4,69
1212,Mark Boyd,9.1,80,75,48,9,75
1213,Timothy Shea,9.8,71,87,100,7,86
1214,David Reynolds,1.1,79,63,62,9,59
1215,Latasha Williamson,5.2,91,65,63,7,69
1216,Jonathan Miller,9.3,51,82,50,2,63
1217,Nathan Wade,2.9,86,73,99,3,68
1218,Brandon Fox,2.9,70,49,49,3,48
1219,Michael Lopez,4.5,85,45,46,9,59
1220,Kristen Dawson,3.4,61,61,76,5,57
1221,Joanne Walls,7.9,53,69,52,1,57
1222,Mark Johnson,4.0,73,56,99,2,62
1223,William Allen,9.7,53,51,73,3,63
1224,Jennifer Edwards,7.3,68,96,59,4,71
1225,Erin Barber,5.6,60,81,47,10,65
1226,Stacey Vance,1.4,76,60,67,4,54
1227,Jared Greer,7.1,72,90,94,2,75
1228,Walter Roberson,9.0,52,87,45,7,68
1229,Dr. Angelica Walker MD,8.1,73,80,80,2,72
1230,Christopher Nash,3.8,66,56,58,10,59
1231,Natalie Russell,3.1,73,80,41,2,54
1232,Megan Garza MD,8.6,95,68,66,7,78
1233,Julia Gallegos,6.8,65,79,54,2,62
1234,Crystal Benson,3.6,82,87,39,10,67
1235,Margaret Serrano,6.7,100,92,55,3,75
1236,Matthew Gomez,8.9,70,87,98,8,84
1237,Amanda Neal,5.5,85,88,81,6,76
1238,Cynthia Terry,2.2,98,92,51,6,68
1239,Maxwell Cook,3.0,51,69,39,8,51
1240,Ashley Hall,3.0,76,57,46,1,49
1241,Jonathan Bender,6.6,74,49,45,1,53
1242,Paula Holmes,9.8,85,71,65,5,76
1243,Mackenzie Christensen,7.6,60,57,89,8,70
1244,Rachel Gonzalez,5.4,76,75,99,1,69
1245,Paula Patterson,10.0,97,60,93,7,84
1246,James Schneider,7.4,92,86,47,2,70
1247,Eric Russell,8.4,71,78,39,10,71
1248,Justin Buchanan,9.6,95,53,40,2,66
1249,Kevin Rosario,3.1,50,51,62,9,52
1250,Denise Baxter,5.2,75,92,88,3,72
1251,Tyler Wallace,8.6,90,47,97,7,77
1252,Heidi Barker,9.9,88,97,45,8,83
1253,Nancy Jackson,5.7,84,80,61,2,66
1254,Carrie Hernandez,6.9,59,65,59,8,64
1255,Kimberly Johnson,7.7,68,41,61,8,62
1256,Debra Garcia,1.6,58,70,44,4,48
1257,Kenneth Taylor,9.5,96,84,61,1,77
1258,Darrell Clay,3.8,58,78,87,8,67
1259,Scott Vaughn,8.9,50,72,70,8,70
1260,Pamela Harris,4.5,95,44,50,7,60
1261,Travis Woodward,2.7,62,83,86,9,67
1262,Cindy Carroll,9.0,64,86,80,5,76
1263,Carla Martin,7.0,91,75,46,6,70
1264,Sara Barnett,8.5,74,44,43,3,58
1265,James Evans,6.7,63,100,50,7,71
1266,Andrew Flynn,9.5,77,86,92,2,80
1267,Thomas Harris,8.1,86,73,64,7,75
1268,Pamela Rodriguez,7.8,56,75,95,2,69
1269,Rebecca Gill,9.9,51,95,57,2,69
1270,Mr. Edward Michael,9.8,92,97,62,7,86
1271,Joshua Hanson,1.3,60,66,73,3,51
1272,Robert Patterson MD,9.0,92,100,73,1,81
1273,Ronald Boyer,2.3,52,91,90,3,61
1274,Randy Snow,4.1,67,96,90,7,73
1275,Juan Lawson,2.5,71,88,43,10,63
1276,Tammy Alvarado,4.0,87,57,39,3,54
1277,Madeline Shah,6.0,80,79,58,1,64
1278,Frederick Hill,8.2,63,75,98,4,74
1279,William Clark,6.3,84,76,36,4,63
1280,Philip Phillips,9.3,79,50,52,2,63
1281,Gabriel Dominguez,8.9,77,66,40,9,70
1282,Brandy Arroyo,4.8,92,83,51,4,67
1283,Jessica Williamson,5.2,100,99,45,7,76
1284,Sharon Hayes,1.7,98,96,50,8,69
1285,Jonathan Freeman,2.0,58,66,47,4,48
1286,Danielle Harris,4.5,88,40,70,10,65
1287,Emily Anderson,9.8,59,53,43,4,60
1288,Michael Hansen,4.6,95,100,45,8,74
1289,Erica Johnson,1.9,91,70,53,7,61
1290,Phillip Williams,7.2,69,59,48,9,65
1291,Michael Carroll,9.3,75,63,73,8,75
1292,Rodney Garrett,9.1,100,86,82,10,91
1293,Jordan Branch,7.5,91,60,79,1,69
1294,Darren Romero,3.6,52,73,51,2,50
1295,Vincent Miller,5.5,99,92,51,6,74
1296,Kyle Cooper,1.4,90,83,57,8,65
1297,Bradley Johnson,6.1,51,52,47,10,57
1298,Andrea Gonzalez,3.1,78,97,69,7,70
1299,Annette Walters,4.1,82,85,55,8,68
1300,Tony Gillespie,2.6,64,63,39,4,48
1301,Henry Winters,3.3,72,100,38,5,62
1302,Brian Winters,1.1,86,88,94,7,71
1303,Mr. Charles Mcgee DDS,5.0,58,83,91,1,64
1304,Jessica Reyes,9.8,51,62,35,4,58
1305,Aimee Rios,8.1,67,75,95,5,75
1306,Christina Leblanc,3.7,66,45,84,4,55
1307,Jessica Ryan,7.5,67,100,84,10,83
1308,Anthony Hodges,3.4,81,100,92,10,80
1309,David Roach,1.4,67,47,46,8,48
1310,Jason Short,6.2,57,76,86,10,72
1311,John Bass,3.6,68,94,70,7,68
1312,Lisa Johnson,8.9,65,45,45,9,63
1313,Timothy Williams,4.5,90,76,65,9,72
1314,Caroline Jones,9.6,57,99,41,2,68
1315,Gabriel Cochran,6.0,87,49,61,10,68
1316,Janice Madden,1.9,100,77,83,7,71
1317,Miguel Evans,5.6,96,52,67,10,71
1318,Thomas Stanley,2.6,96,64,57,6,62
1319,Steve Salas,1.6,92,81,96,10,75
1320,Scott Morales,9.6,99,94,57,6,84
1321,Andrew Wright,8.3,55,44,44,8,58
1322,Sharon Hopkins,3.9,82,86,43,5,63
1323,John Oneill,9.5,77,87,73,10,84
1324,Richard Goodman,8.1,74,66,89,1,70
1325,Brian George,9.0,85,90,96,10,90
1326,Steven Smith,3.0,65,100,44,6,62
1327,Ana Donovan,1.7,54,46,74,6,49
1328,Evan Nolan,2.9,76,86,60,1,59
1329,Jeremy Velasquez,9.4,89,44,55,7,70
1330,Sharon Silva,2.4,84,44,53,9,56
1331,Joseph Russell,3.7,89,56,88,8,69
1332,Anita Duran,5.4,72,94,61,1,65
1333,Kristen Carter,6.8,70,93,55,1,66
1334,Maxwell Martinez,2.4,67,84,56,8,61
1335,Monique Hurst,1.7,50,73,91,7,59
1336,Keith Holland,7.7,51,63,91,6,68
1337,Robert Cruz,2.4,77,72,47,10,61
1338,Robert Thompson,4.8,78,99,64,3,69
1339,Brian Gonzalez,5.5,72,79,38,9,65
1340,Kimberly Yoder,8.8,79,79,64,10,79
1341,Victoria Murillo,6.4,91,48,63,3,63
1342,Elizabeth Howell,5.6,53,84,93,7,71
1343,Donna Nichols,2.6,52,54,39,7,46
1344,William Wang,6.0,97,72,67,7,74
1345,Antonio Miller,5.7,100,81,96,5,80
1346,Casey Anderson,1.5,63,57,54,5,48
1347,Elizabeth Sanchez,2.7,62,49,74,10,57
1348,Erin Casey,9.7,84,59,51,1,66
1349,Elizabeth Gonzalez DDS,8.1,68,80,60,6,71
1350,Jonathan Barber,6.4,57,65,87,5,65
1351,James Shepard,2.1,73,65,63,5,56
1352,Kenneth Thomas,1.9,64,64,66,4,53
1353,Kayla Guzman,5.6,71,79,79,8,72
1354,Sarah Moore,6.7,89,41,65,6,64
1355,Tamara Rowland,2.8,75,48,70,10,60
1356,Virginia Williams,1.5,55,53,63,6,48
1357,Sara Hall,7.5,63,66,49,10,67
1358,Kendra Abbott,1.4,87,67,45,8,58
1359,Carlos Smith Jr.,2.7,63,50,57,2,47
1360,Ralph Smith,6.8,57,96,39,3,62
1361,Jeffrey Foley,2.6,93,80,46,10,67
1362,Eric Wagner PhD,1.0,90,94,95,9,76
1363,Rhonda Tanner,5.3,90,72,59,4,66
1364,Dr. Adam Rogers DVM,7.1,56,57,47,1,52
1365,Katherine Melendez,4.6,76,50,75,10,65
1366,Jesse Garner,4.2,100,49,95,9,73
1367,James Jones,5.4,55,91,90,7,72
1368,Courtney Turner,9.1,81,79,67,6,77
1369,Eric Blackburn,10.0,58,76,64,1,67
1370,Tanya Jackson,6.9,57,49,64,4,57
1371,Emily Jones,4.4,66,74,61,4,60
1372,Michelle Hernandez,2.4,85,99,55,5,66
1373,Kathryn Moore,3.9,76,98,53,9,70
1374,Haley Castro,7.1,52,75,75,5,65
1375,Benjamin Carter,8.6,76,44,63,9,68
1376,James Wright,9.1,54,86,94,2,74
1377,Claudia Carter,4.2,51,40,86,8,56
1378,John Ortiz,7.4,98,60,43,1,63
1379,Mary Beasley,2.2,85,83,69,7,67
1380,Ryan Smith,3.8,74,85,71,1,62
1381,Jordan Fitzgerald,8.5,60,56,69,1,60
1382,Veronica Mueller,6.6,58,40,71,3,54
1383,Kelly Smith,3.7,88,79,96,2,70
1384,Suzanne Burke,6.9,65,40,69,10,63
1385,Adam Williams,6.4,52,88,73,6,68
1386,Joanne Bowers,7.0,60,76,100,8,76
1387,Sonya Foster,1.8,69,86,67,9,64
1388,Patricia Sanders,4.4,95,58,68,1,61
1389,Tammy Lambert,6.5,63,87,67,6,69
1390,Tina Banks,1.3,78,95,42,6,60
1391,Michael Contreras,2.4,56,90,36,1,49
1392,Sarah Burgess,9.8,80,80,71,5,78
1393,Maria Tanner MD,8.9,78,90,67,6,79
1394,Chase Kerr,5.7,80,48,41,4,55
1395,Lori Davis,1.4,96,97,64,3,66
1396,Jackie Gutierrez,3.9,59,86,67,3,60
1397,Kenneth Smith,8.0,76,68,36,4,63
1398,Shelby Hogan,9.1,82,59,47,7,69
1399,Danielle Sweeney,3.4,100,85,39,8,68
1400,Teresa Kelly,4.6,60,76,86,4,64
1401,Casey Best,6.6,54,80,36,6,59
1402,Ashley Gray,6.9,77,45,35,6,57
1403,Jennifer Bradley,4.2,75,59,46,6,57
1404,Sean Mayer,9.9,100,95,48,6,84
1405,Christine Taylor,3.6,69,59,65,2,54
1406,Shannon Phillips DDS,4.9,53,72,58,10,62
1407,Timothy Lee,2.5,60,67,90,1,55
1408,Jennifer Gilbert,5.3,96,77,88,3,74
1409,Jeffrey Richardson,7.5,71,73,48,1,61
1410,Anthony Hernandez,2.0,59,44,96,4,52
1411,Jeffery Perry,3.3,88,59,54,4,58
1412,Chelsea Adams,7.1,84,96,66,4,76
1413,Brianna Richardson,3.7,94,100,80,7,78
1414,Joseph Sweeney,5.2,59,78,43,1,54
1415,Travis White PhD,1.2,53,63,51,2,43
1416,Alexandra Henderson,5.0,71,79,92,1,66
1417,Bobby Turner,2.6,58,61,86,3,55
1418,Kim Wheeler,6.2,71,53,51,7,60
1419,Stephen Jacobs,1.9,71,47,77,1,49
1420,Timothy Sanchez,4.8,98,88,49,9,74
1421,Kyle Clark,5.2,78,91,51,3,65
1422,Jeff Elliott,8.9,82,70,90,5,78
1423,Brittany Shaw,5.4,79,65,82,6,69
1424,Chelsea Vaughn,6.4,100,94,61,10,83
1425,Frederick Nguyen,3.9,88,45,35,4,52
1426,Susan Kirk,7.6,77,85,49,10,75
1427,Brian Ruiz,2.2,99,57,50,4,57
1428,Katrina Mercer,4.5,59,47,59,5,52
1429,Kenneth Perry,3.5,50,67,58,10,57
1430,Justin Alexander,7.9,62,42,93,6,66
1431,David Brown,3.3,85,74,53,8,64
1432,David Zamora,2.4,97,64,37,4,56
1433,David Ramirez,5.9,90,65,75,8,73
1434,Wendy Sexton,9.5,88,59,45,1,65
1435,Curtis Williams,8.0,100,100,74,9,89
1436,Anthony Lewis,8.7,55,45,45,10,61
1437,Charles Cortez,3.7,84,64,53,10,65
1438,Diana Bradley,6.8,78,50,64,6,64
1439,Steven Martin,2.3,80,86,61,4,62
1440,Susan Torres,9.6,50,64,58,5,64
1441,Jack Parks,5.3,58,65,81,9,66
1442,Sara Reese,8.3,66,68,37,6,63
1443,Alexander Bowen,3.1,71,91,77,10,72
1444,Carla Chandler,7.8,60,89,60,4,68
1445,Ashley Schmidt,7.8,86,74,40,6,69
1446,Anthony Herrera,3.1,74,74,45,5,57
1447,Jeff Cooper,1.6,72,41,65,5,49
1448,Michael Payne,8.2,65,90,52,9,74
1449,Paul Miller,9.5,79,78,47,10,77
1450,Cody Glenn,9.5,85,77,44,4,72
1451,Bethany Ramirez,1.1,70,80,63,7,59
1452,Joshua Myers,7.0,95,94,62,1,74
1453,Linda Johnson,8.9,65,54,92,7,72
1454,Gina Juarez,3.1,69,74,69,7,62
1455,Zachary Lee,7.4,79,80,97,1,74
1456,Angela Lucas,5.6,64,94,77,4,70
1457,Kurt Nash,5.2,64,60,95,3,63
1458,Mark Strickland,1.4,84,78,89,10,71
1459,Brian Powell,7.7,85,80,89,2,76
1460,Christopher Porter,2.7,50,71,58,6,53
1461,Lisa Moore,6.2,62,81,37,8,63
1462,Matthew Price,9.9,77,58,93,3,75
1463,Andrea Hodges,7.6,53,65,86,5,66
1464,Brian Miller,6.2,57,68,63,7,63
1465,Ryan Dean,1.6,78,47,100,7,61
1466,Katelyn Miller,5.4,80,67,62,6,65
1467,Bryan Padilla,5.3,80,83,58,10,72
1468,Christopher Smith,6.5,76,46,74,6,64
1469,Rachael Buck,8.5,88,74,79,1,74
1470,Christian Holt,2.2,87,70,47,5,58
1471,Gloria Crawford,4.0,76,74,80,8,69
1472,Anthony Jones,5.2,66,80,80,8,70
1473,Roberto Herman,3.9,51,100,79,8,69
1474,Craig Hodge,6.5,79,55,79,7,69
1475,Jeffrey Gordon,8.6,92,46,44,8,68
1476,Erica Jensen,3.6,70,47,74,6,57
1477,Micheal Mcguire,3.3,61,87,89,1,62
1478,Sierra Chavez,6.5,92,92,56,5,75
1479,Jill White,2.1,100,40,62,7,58
1480,Sierra Cook,8.2,59,63,86,4,68
1481,Tracy Clark,5.4,99,84,68,1,71
1482,Olivia Kemp,1.7,82,59,43,4,51
1483,Isaiah Snyder,2.3,96,81,39,8,64
1484,Paul Jacobs,2.4,69,68,40,7,54
1485,Tracey Nelson,2.7,80,49,36,7,51
1486,Jonathan Kirby,6.0,100,57,92,7,76
1487,Lauren Meadows,8.6,93,42,59,4,66
1488,Kim Crawford,7.4,96,100,43,7,79
1489,Ralph Nash,4.9,76,73,88,6,70
1490,Justin Morris,5.7,94,80,48,10,74
1491,Brittany Elliott,7.8,60,81,61,6,69
1492,Amanda James,8.2,53,90,76,1,68
1493,Chelsea Williams,4.9,91,60,65,7,67
1494,Nicole Wilkinson,1.0,98,85,37,6,61
1495,Emily Roach,4.0,62,50,84,4,56
1496,Richard Vincent,9.5,87,90,77,3,81
1497,Lindsay Porter,6.1,54,78,74,1,61
1498,Nancy Taylor,1.9,66,60,36,8,50
1499,Laurie Lee,8.2,80,85,68,4,75
1500,Eric Curtis,3.1,82,78,89,5,69
1501,Ashley Alvarado,5.5,74,73,51,1,58
1502,Mark Hernandez,2.4,68,48,45,3,45
1503,Andrew Rodriguez,5.5,87,58,85,7,71
1504,Gloria Cantu,8.1,98,75,64,9,81
1505,Lisa Manning,1.9,61,64,69,5,53
1506,Tanya Austin,3.8,58,61,77,5,57
1507,Nicole Mcconnell,3.9,65,70,58,2,55
1508,Douglas Johnson,1.6,60,43,38,10,46
1509,Todd Mccormick,9.8,58,71,81,5,73
1510,Chase Novak,4.6,92,92,72,2,71
1511,Mark Gray,2.0,68,42,54,9,51
1512,Julie Reed,4.0,74,92,44,5,63
1513,Sheila Brown,7.3,69,45,52,10,63
1514,Eric Park,6.9,61,88,96,1,71
1515,Teresa Kerr,1.4,72,69,55,10,59
1516,Joseph Lewis,6.3,72,62,87,7,70
1517,Michelle Wagner,7.8,57,75,52,1,60
1518,Amy Owens,5.3,51,57,44,10,56
1519,Spencer Williams,8.3,79,52,75,6,70
1520,Caitlin Bradley,2.9,67,79,79,2,60
1521,Nicole Harris,8.0,98,84,48,10,81
1522,Craig Coleman,6.9,58,88,60,4,66
1523,Anthony Fletcher,8.9,55,84,50,7,69
1524,Dr. Melissa Jones MD,9.0,83,83,50,3,72
1525,Annette Perry,3.4,83,42,42,8,54
1526,Joyce Chambers,1.0,72,72,63,5,55
1527,Kelly Ward,5.8,56,80,58,4,61
1528,Andrea Waters,2.5,88,48,52,3,52
1529,Ariana Smith,1.2,66,46,69,9,53
1530,Isabella Duncan,6.4,76,86,90,8,79
1531,Samantha Knox,6.8,81,66,78,4,69
1532,Mr. Nicholas Garcia MD,6.5,89,90,47,6,73
1533,Amy Munoz,2.6,93,94,50,3,64
1534,Eddie Thompson,1.3,54,89,40,4,50
1535,Eric Callahan,1.4,59,50,87,9,56
1536,James Meyers,5.5,73,40,73,3,56
1537,Brianna Brown,3.0,75,81,38,1,53
1538,James Gordon,4.8,93,42,68,4,60
1539,Sharon Carson,7.1,52,78,91,4,68
1540,Diane Mcbride,6.3,100,83,51,1,69
1541,Ethan Nicholson,4.6,68,64,98,1,62
1542,Lisa Mcmillan,9.1,58,83,72,6,73
1543,Jessica Marshall MD,7.4,53,99,65,10,75
1544,Pam Smith,6.8,63,54,77,5,63
1545,Lindsey Tyler,5.8,77,68,82,2,66
1546,Sarah Lee,3.6,81,86,58,8,68
1547,Stephanie Frank,4.3,89,75,94,9,77
1548,Nathan Clark,6.4,73,90,91,10,81
1549,Francisco Davis,4.3,54,88,85,3,64
1550,Curtis Cannon,7.1,62,82,100,9,79
1551,Robert Mcguire,2.5,73,42,35,10,50
1552,Martha Martinez,7.5,60,80,49,1,60
1553,David Howard,5.0,87,78,83,5,72
1554,Robert Hull,4.0,67,72,71,4,60
1555,Christine Mcbride,4.2,93,60,83,8,71
1556,James Harris,2.4,87,46,45,3,50
1557,Bradley Moon,1.1,88,55,74,10,62
1558,Scott Jackson,5.0,95,43,47,1,54
1559,James Campos,6.5,95,43,73,9,71
1560,Alyssa Hunter,9.8,74,77,82,10,83
1561,Brandon Hood,5.3,96,62,76,9,74
1562,Jamie Taylor,4.4,57,89,78,2,62
1563,Alejandro Miller,3.3,92,70,35,4,58
1564,Curtis Myers DDS,9.3,57,67,81,6,71
1565,Dr. Christian Robinson,7.1,91,95,63,4,77
1566,Lisa Parsons,3.7,65,93,70,1,61
1567,Jared Harris,7.7,56,81,35,4,60
1568,Philip Phillips,2.1,99,44,59,10,61
1569,Willie Kelly,5.6,64,94,86,6,73
1570,Hayley Zimmerman,9.6,97,59,37,8,73
1571,Donald Henry,9.5,95,85,35,6,77
1572,Erik Price,7.7,71,51,100,7,72
1573,Jennifer Lynn,4.1,74,83,93,1,67
1574,Victor Cortez,2.6,77,92,99,3,70
1575,Scott Bray,1.8,93,94,94,5,74
1576,Kelly Patel,7.1,84,66,39,1,60
1577,James Hodges,2.4,76,79,35,9,59
1578,Laurie Martinez,5.9,62,93,92,2,70
1579,Ms. Michele Adams MD,8.8,81,99,45,10,81
1580,Megan Hawkins,7.7,87,95,80,10,86
1581,Lauren Lawrence,2.8,86,71,94,9,72
1582,Stephanie Evans,9.1,92,64,53,10,77
1583,Charles Cooley,5.9,85,58,60,8,67
1584,Elizabeth Schwartz,1.5,60,82,42,5,51
1585,Troy Wang,8.2,61,80,74,10,76
1586,Michelle Brown,7.7,88,55,95,7,77
1587,Sherry Waller,7.3,56,75,93,5,70
1588,Alice Brooks,8.9,97,78,55,10,82
1589,Edward Miller,5.4,95,97,46,4,72
1590,Kevin Stewart,8.4,69,75,90,2,72
1591,Rachel Galloway,3.1,73,62,52,3,53
1592,Tara Patterson,7.7,99,73,75,9,82
1593,Alexis Baker,8.7,67,53,44,2,58
1594,Dean Spencer,9.1,54,68,46,3,60
1595,Sarah Smith,7.9,66,72,71,3,67
1596,Matthew Gregory,2.6,59,56,70,4,51
1597,Michelle Dawson,1.8,67,98,44,10,63
1598,Donna Castro,2.0,85,40,78,2,52
1599,Mark Rodriguez,3.3,65,61,62,1,51
1600,April Clark,7.8,86,75,39,4,67
1601,Robert Guerrero,6.3,94,44,98,10,76
1602,Jeffrey Baker,7.6,83,85,57,7,75
1603,Tara Sanchez,2.7,70,50,69,1,50
1604,Katherine Cross,5.2,51,97,51,6,63
1605,Matthew Sosa,4.0,82,91,93,5,74
1606,Stephanie Mills,6.5,98,85,70,2,74
1607,Jennifer Jenkins,8.6,90,46,83,4,71
1608,Cynthia Peters,2.0,87,74,61,10,66
1609,Bradley Oconnell,2.7,56,56,64,4,50
1610,Kathy Vaughn,9.8,56,59,60,7,67
1611,Megan Jackson,6.0,63,81,35,6,61
1612,Angelica Steele,5.0,84,48,72,7,64
1613,Lawrence Carrillo,3.3,84,83,84,10,75
1614,Angie Miller,2.7,94,66,42,4,57
1615,Michael Kline,3.5,90,56,62,7,62
1616,Andrew Ramirez,6.2,54,89,53,4,62
1617,Theresa Riley,3.3,66,84,58,2,57
1618,Dr. David Nichols,1.2,84,91,61,9,67
1619,John Cox,8.4,96,63,61,3,71
1620,Michelle Mosley,1.4,61,73,65,4,53
1621,Jennifer Lynn,3.8,82,84,62,6,67
1622,Matthew Martinez,1.2,65,76,53,9,57
1623,Mark Adams,6.8,98,92,79,2,78
1624,Lindsey Perry,9.9,59,68,88,10,79
1625,Nicole Downs,7.9,62,100,60,2,70
1626,Calvin Andrews,2.7,60,47,84,6,54
1627,Jared Wilson,4.2,71,100,38,8,66
1628,Keith Harris,5.3,59,97,72,4,68
1629,Amy Martin,3.0,58,44,88,5,54
1630,Corey Reilly,9.7,84,42,65,4,67
1631,Brandy Bowen,3.1,72,65,38,3,51
1632,Steven Brandt,1.7,50,66,43,1,42
1633,Craig Medina,7.9,75,86,42,3,67
1634,Kevin Robertson,9.4,94,51,87,9,81
1635,Robert Hicks,5.3,79,59,49,4,58
1636,Anna Chapman,7.3,67,93,69,7,75
1637,Sarah Oliver,9.2,96,97,37,10,84
1638,Tracy Turner,8.7,97,81,71,7,83
1639,Christopher Mcguire,2.6,87,40,82,3,56
1640,Michelle Harrison,5.0,98,68,74,2,68
1641,Richard Santiago,6.5,65,46,55,7,58
1642,Peter Jones,9.3,75,66,41,3,65
1643,Stephanie Hernandez,5.6,57,83,46,2,57
1644,Jacqueline Reed,9.9,82,47,78,8,75
1645,Jared Willis,4.9,77,92,51,2,64
1646,Patricia Palmer,6.4,70,69,54,6,64
1647,Stephen Nelson,7.8,69,93,89,5,78
1648,Grace Lopez,2.2,87,74,38,1,53
1649,William Jimenez,3.8,70,82,37,5,58
1650,Lydia Gonzalez,8.7,91,52,60,1,66
1651,Carmen Rogers,1.4,76,98,70,4,64
1652,Melinda Moore,4.4,76,50,35,9,56
1653,Ashley Olson,9.8,94,58,37,5,70
1654,Kenneth Hayes,7.9,92,41,98,1,69
1655,Michelle Cook,5.2,68,41,70,1,52
1656,James Andrews,2.3,80,99,49,1,60
1657,James Bush,3.7,92,44,79,10,67
1658,Ryan Bowman,3.0,85,41,82,2,55
1659,Melissa Wheeler,5.7,71,86,96,5,74
1660,Ernest Simon,1.8,57,75,45,7,52
1661,Cody Adams,1.1,69,77,44,10,57
1662,Jessica Diaz,4.9,87,40,85,8,66
1663,Cody Berger,7.8,61,100,48,7,72
1664,Terry Wagner,9.7,93,65,100,2,80
1665,Melissa Andrews,4.5,63,49,69,1,51
1666,Emily Davis,7.3,97,68,98,2,77
1667,Eric Franklin,9.2,82,44,45,3,61
1668,Michael Green,7.9,64,100,100,9,85
1669,Joseph Williams,2.3,79,83,43,8,61
1670,Jeremy Martinez,6.4,54,82,87,9,73
1671,Gregory Turner,8.1,51,44,100,4,63
1672,William Lang,9.7,76,57,79,1,69
1673,Sarah Fitzpatrick,3.6,89,83,44,3,62
1674,Amy Hayes,7.8,83,99,95,2,82
1675,Jessica Lee,1.7,50,76,51,7,52
1676,Dakota Rodgers,6.0,95,67,75,5,72
1677,Latoya Carpenter,1.5,57,93,87,4,61
1678,Dustin Lee,6.6,76,61,41,1,56
1679,Timothy Watkins,9.5,81,48,36,3,61
1680,Amanda Kelley,5.5,56,97,80,1,66
1681,Lauren Coleman,9.5,72,61,48,5,66
1682,Stephen Alexander,8.2,88,89,81,5,81
1683,Kelly Edwards,7.9,93,49,71,1,66
1684,Adam Christian,3.3,94,90,78,3,71
1685,Heather Long,4.3,51,67,96,7,64
1686,Paula Sellers,8.0,79,43,52,3,59
1687,Valerie Hodge,8.7,81,60,60,8,72
1688,Justin Whitehead,6.8,53,91,87,9,76
1689,Gina Smith,1.2,53,58,88,7,54
1690,Nathan Cardenas,3.6,93,43,36,9,57
1691,Kayla Clarke,1.0,56,43,45,3,38
1692,Joe Robinson,4.5,62,75,96,10,72
1693,Ryan Sosa,8.4,51,67,44,1,56
1694,Sarah Flowers,2.3,74,84,70,1,59
1695,Ryan Cherry,9.7,59,56,46,5,62
1696,Steven Lopez,3.6,73,84,69,1,61
1697,Victoria Johnson,2.0,84,42,40,4,47
1698,Shannon Vazquez,6.8,100,98,82,3,82
1699,Todd Davis,6.3,64,74,46,8,64
1700,Thomas Rivera,2.3,100,46,52,6,57
1701,Dawn Ramirez,4.5,68,41,79,2,54
1702,Erika Myers,8.1,86,70,90,10,83
1703,John Sharp,1.3,93,49,52,10,58
1704,Daniel Jackson,1.4,89,71,65,2,57
1705,Steven Diaz,4.2,100,91,84,5,77
1706,Cory Wright,6.3,56,40,94,5,60
1707,James Sweeney,3.9,57,96,68,4,63
1708,Derrick Valdez,5.9,83,92,82,10,81
1709,Nathan Mitchell DVM,1.8,62,64,100,7,62
1710,Mary Morton,1.2,52,61,99,2,52
1711,Christopher Black,2.1,92,74,46,6,60
1712,Kari Gray,3.5,97,95,64,4,71
1713,Alicia Moore,6.3,72,86,42,4,64
1714,Paula Rodriguez,2.8,62,58,84,9,61
1715,Jacqueline Andersen,3.6,92,73,91,1,67
1716,Debra Barnes,7.0,75,56,55,9,66
1717,James Pacheco,6.4,58,49,35,10,56
1718,Wayne Nash,4.0,84,41,91,5,62
1719,Kimberly Pennington,1.9,56,69,96,5,59
1720,Crystal Gallegos MD,6.3,72,55,40,7,59
1721,Marissa Davis,6.5,61,56,55,2,55
1722,Holly Braun,7.6,58,44,72,2,57
1723,Susan Shepherd,5.9,83,42,87,4,64
1724,Donald Martin,9.6,77,63,48,7,70
1725,Ariana Mcdowell DDS,9.1,50,76,38,10,67
1726,Traci Brooks,2.8,70,60,94,6,62
1727,Francisco Roberts,1.9,87,68,52,10,62
1728,Angel Bowman,5.1,66,96,86,6,73
1729,James Taylor,6.5,77,71,54,8,68
1730,James Bowers,5.8,89,82,35,10,71
1731,Tonya Miles,1.4,100,100,46,10,72
1732,Tracy Jackson,6.2,82,91,57,4,71
1733,Keith Vaughn,3.0,90,80,99,6,74
1734,Sharon Sherman,2.4,66,90,97,1,64
1735,Joshua Davis,6.1,66,81,78,7,71
1736,Ethan Thompson,8.1,75,70,73,9,76
1737,Justin Gomez,6.8,90,55,74,8,72
1738,Jamie Jackson,7.5,78,62,79,9,74
1739,Corey Hernandez,9.4,66,66,99,7,78
1740,Todd Green,8.5,67,81,47,9,72
1741,Jeff Riddle,8.4,95,99,78,1,81
1742,Melanie Poole,5.1,77,52,77,7,64
1743,Cody Merritt,8.8,63,46,58,4,60
1744,Sara Lopez,4.3,68,58,68,7,60
1745,Adriana Le,1.2,50,89,91,1,56
1746,Gary Johnson,8.0,63,40,44,2,52
1747,William Brooks,9.0,68,61,96,8,77
1748,Kaitlyn Mills,9.5,82,86,82,8,85
1749,Vanessa Barron,2.6,82,51,84,5,60
1750,Mr. Alexander Russell,5.3,84,66,65,10,71
1751,Robert Castillo,2.7,78,45,72,6,56
1752,Gina Stewart,6.9,53,91,50,7,66
1753,Patricia Reyes,5.3,66,45,70,7,59
1754,Gregory Park,8.5,68,70,60,8,71
1755,John Davidson,4.9,54,100,87,6,71
1756,Brittany Lee,9.8,98,59,96,5,83
1757,Christopher Fowler,3.0,99,72,73,10,73
1758,Kimberly Yang,4.6,84,43,63,7,60
1759,Kristin Ortiz,4.6,61,63,38,6,53
1760,Victoria Reyes,8.7,100,96,37,8,81
1761,Lisa Horton,5.3,89,41,39,5,55
1762,Thomas Bartlett,3.7,85,71,92,5,69
1763,Nicholas Sanchez,2.7,81,94,97,1,69
1764,Kenneth Johnson,7.3,75,58,50,10,67
1765,Shelly Martin,3.7,53,83,60,1,54
1766,Jason Harris,8.7,74,65,61,1,65
1767,Christy Warren,8.1,60,70,76,3,66
1768,Steven Fox,1.9,50,49,78,5,49
1769,Ashley Barnes,7.7,55,52,67,10,65
1770,Keith Moreno,3.4,66,45,92,1,53
1771,Chad Potter,6.3,65,55,74,9,66
1772,Marissa Cochran,8.5,54,84,47,2,62
1773,Jorge Hall,9.5,50,89,76,1,69
1774,Connie Gross,7.3,75,70,87,8,76
1775,Erica Jones,8.7,85,71,46,3,68
1776,Chad Lynch,7.7,83,93,40,7,74
1777,Jo Navarro,7.4,64,91,88,8,79
1778,Eileen Sanchez,2.1,74,76,48,1,52
1779,Dean Valenzuela,1.8,84,45,90,10,63
1780,Jerry Peck,7.9,85,45,74,2,65
1781,Christina Bauer,6.3,75,71,61,6,67
1782,Victoria Armstrong,8.7,73,75,72,2,70
1783,William Simon,8.7,51,92,63,9,74
1784,Annette Robinson,8.1,58,68,93,8,74
1785,Emily Green,7.0,78,49,70,9,68
1786,Gregory Ballard,6.3,75,70,87,5,71
1787,Jennifer Valencia,8.1,79,80,61,9,77
1788,Anthony Jackson,4.1,86,81,37,4,61
1789,Linda Duran,5.8,85,76,35,5,63
1790,Benjamin Hall,5.7,83,48,81,5,65
1791,Maureen Torres MD,4.1,76,61,58,5,59
1792,John Lynch,1.6,80,76,76,10,67
1793,Derrick Reyes,3.6,81,68,53,1,56
1794,Bryan Hamilton,8.0,98,95,80,1,81
1795,Laura Stafford,2.0,80,94,87,9,73
1796,Juan Medina,8.8,97,88,57,2,77
1797,Michael Dixon,8.8,72,79,85,1,73
1798,Anne Martinez,9.2,60,57,70,1,62
1799,Reginald Perez,6.4,67,64,62,8,65
1800,Tammy Rogers,2.0,55,93,89,10,68
1801,William Ortega Jr.,8.6,82,84,94,6,83
1802,Kyle Medina,8.9,89,80,90,7,85
1803,Alyssa Torres MD,7.1,58,74,88,5,69
1804,Matthew Adkins,1.6,78,81,75,5,62
1805,Aaron Boyd,2.5,63,43,54,8,50
1806,Elizabeth Harris,2.9,97,74,74,6,69
1807,Julie Brown,6.6,59,51,80,3,59
1808,Sarah Barnett,6.7,97,64,84,1,71
1809,Cheryl Ellison,8.3,59,55,39,1,53
1810,Gregory Velazquez,2.4,87,49,86,6,62
1811,Matthew Solomon,5.7,81,78,75,2,68
1812,Christine Fuentes,5.5,82,45,99,9,71
1813,Marcia Vang,3.2,94,69,61,2,61
1814,Penny Dillon,4.9,89,48,48,3,56
1815,Denise Long,8.0,63,95,63,8,76
1816,Renee Thomas,1.8,83,69,50,6,57
1817,Stephanie Edwards,5.9,70,60,39,1,53
1818,Olivia Rodriguez,1.6,94,82,88,1,65
1819,Michele Myers,5.7,56,55,59,7,57
1820,Joshua Newman,5.2,58,64,61,8,61
1821,David Jennings,6.6,53,55,71,3,57
1822,Debra Rubio,1.2,59,59,40,6,45
1823,Thomas Chan,2.5,64,42,53,5,47
1824,Erin Pugh,1.6,51,96,57,2,53
1825,Alyssa Brown,9.9,52,40,91,3,64
1826,Katherine Smith,5.7,54,87,39,6,60
1827,Corey Robinson,1.3,96,93,48,7,66
1828,Brenda Peterson,4.1,91,45,58,6,59
1829,Tracy Davidson,8.5,86,69,64,8,76
1830,Dustin Rogers,5.3,51,43,83,1,51
1831,Matthew Miller,8.0,90,97,71,2,78
1832,Kristen Fowler,4.7,62,52,79,8,61
1833,Dave Huff,4.3,60,65,74,8,62
1834,Roberta Rodriguez,6.8,54,75,45,1,55
1835,Jessica Ruiz,9.4,85,70,37,3,67
1836,Donna Wallace,4.1,90,61,69,4,63
1837,James Kelly,4.3,97,63,44,10,67
1838,Heather Nelson,6.0,77,93,85,1,72
1839,Victoria Quinn,3.8,64,53,62,5,54
1840,Ronnie Barrett,5.2,95,99,86,5,81
1841,Jordan Morgan,6.0,77,86,99,3,75
1842,Zoe Willis,1.0,86,62,72,2,55
1843,Megan Bell,7.3,89,97,83,1,78
1844,Dennis Bailey,3.3,79,99,40,10,69
1845,Mr. Ernest Walker,5.7,87,72,80,4,71
1846,Laura Price,1.9,56,66,100,2,56
1847,Tyler West,7.7,99,46,72,2,68
1848,Carolyn Lopez,6.7,54,54,94,7,66
1849,Mary Wallace,8.6,60,65,76,9,72
1850,Kristina Hunter,4.2,87,93,64,10,76
1851,Steven Marsh,3.1,74,56,43,5,52
1852,Amber Green,1.9,56,60,79,10,58
1853,Edward Robinson,8.7,95,98,53,6,82
1854,Johnathan Harvey,5.5,89,66,89,2,69
1855,William Robinson,5.9,74,95,92,4,76
1856,William Dorsey,9.4,90,68,88,7,82
1857,Heather Saunders,7.0,100,44,81,9,75
1858,Kristin Gilbert,3.0,58,46,70,6,52
1859,Timothy Carpenter,5.1,62,95,55,8,68
1860,Diana Booth,7.8,76,84,95,5,79
1861,Travis Lin,6.5,85,69,74,6,72
1862,Paige Flores,4.4,93,47,84,6,66
1863,Samuel Johnson,6.2,51,48,67,5,55
1864,Catherine Paul,2.1,53,95,93,7,66
1865,Mrs. Kimberly Rodgers,1.0,63,82,84,8,63
1866,Michelle Long,6.6,82,45,99,2,66
1867,William Edwards,8.7,83,51,37,3,61
1868,Jacob Case,6.7,98,72,90,2,75
1869,Karen Webster,7.6,57,58,37,4,55
1870,Andrew Ortiz,3.1,53,47,67,4,48
1871,Eduardo Smith,9.0,76,57,60,6,69
1872,Kyle Christensen,7.4,78,54,70,9,70
1873,Mark Washington,2.7,84,78,42,9,63
1874,Ethan Taylor,3.1,65,55,95,4,59
1875,Joseph Underwood,9.5,74,43,98,7,74
1876,Yvette Allen,4.9,62,66,63,7,61
1877,Dr. Jennifer Hudson MD,4.7,85,70,100,7,75
1878,Timothy Ortiz,6.3,74,59,87,10,73
1879,Angela Coleman,8.3,51,41,37,6,53
1880,Joseph Walker,9.9,92,83,58,3,78
1881,Luke Kennedy,5.8,72,88,100,9,80
1882,Alan Carr,9.4,66,40,87,6,68
1883,Diana Petersen,3.4,53,68,67,10,60
1884,Wendy Walker,6.7,97,63,45,3,65
1885,Jennifer Choi,9.2,82,99,49,7,80
1886,Ryan Carlson,1.3,90,65,43,5,54
1887,Joseph Garcia,7.7,98,47,67,4,69
1888,Michael Graham,9.3,68,65,43,9,69
1889,Mary Stanley,2.4,57,94,39,1,51
1890,Meredith Morton,6.3,81,51,55,2,58
1891,Amy Reed,7.0,89,47,73,4,66
1892,David Thompson,6.3,54,90,96,8,75
1893,Nicole Cervantes,8.6,75,54,73,2,66
1894,Cindy Williams,5.5,66,87,42,10,67
1895,Aaron Duran,6.3,98,93,89,2,80
1896,Allison Thomas,4.0,54,86,44,7,58
1897,Cheryl Daniel,6.5,51,83,49,9,65
1898,Gene Mayo,4.1,77,99,78,3,70
1899,Joseph Boyd,8.2,97,83,44,10,80
1900,David Evans,8.4,58,87,58,9,73
1901,Jeremy Taylor,8.2,69,90,99,8,83
1902,Craig Alexander,9.6,62,87,81,8,80
1903,Melissa Ayala,1.2,65,58,85,2,52
1904,Charles Hall,6.2,99,73,87,3,75
1905,Mr. Brendan Morgan,4.4,71,96,91,3,71
1906,Todd Graham,2.2,69,93,45,9,62
1907,Lindsey Nelson,5.3,57,73,74,7,64
1908,Shawn Williams,2.4,53,76,38,2,46
1909,Jose Cardenas,3.6,63,60,50,5,52
1910,Pamela Martinez,4.7,56,96,66,6,66
1911,Lauren Zimmerman,2.5,86,99,43,8,67
1912,Brent Graham,6.4,82,62,48,10,68
1913,James Williams,8.6,86,96,48,8,80
1914,Heidi Osborn,6.4,95,86,76,5,78
1915,Russell Ramos,8.5,79,41,60,7,66
1916,Sarah Cooper,6.4,92,48,90,1,66
1917,Jennifer Wilson,4.5,80,42,39,10,57
1918,Donald Jones,4.4,78,48,57,7,58
1919,Gregory Smith,5.5,72,87,100,5,75
1920,Peter Bell,2.4,65,40,76,7,53
1921,Diana Walker,9.6,73,89,82,9,85
1922,Brenda Davis,9.3,52,60,35,7,60
1923,James Ford,5.8,62,54,48,4,54
1924,Kerry Banks,9.1,91,45,70,8,74
1925,Jessica Carson,7.1,75,94,44,6,71
1926,Theresa Odom,9.5,54,91,95,8,82
1927,Kimberly Woods,8.2,84,55,48,5,65
1928,Karen Stuart,3.4,73,63,81,1,58
1929,Monica Murphy,6.1,91,99,84,5,81
1930,Mrs. Tabitha Strong PhD,2.3,88,57,82,5,62
1931,Julian English IV,4.6,55,97,89,3,68
1932,Todd Miller,2.6,88,78,37,9,63
1933,Jacqueline Anderson,1.6,95,100,46,4,65
1934,Kevin Woodard,3.2,75,93,56,2,61
1935,Katherine Williams,9.8,100,57,57,7,77
1936,Elizabeth Perez,3.3,89,84,61,3,65
1937,Wanda Oneill,5.0,59,89,88,1,65
1938,Cameron Berry DVM,5.1,90,66,85,10,76
1939,Christine Olson,5.1,59,91,75,3,65
1940,Mrs. Valerie Carter,7.5,86,72,46,4,67
1941,David Lee,1.4,64,85,89,6,63
1942,Katherine Glenn,5.8,93,63,58,8,70
1943,Louis Cooper,2.5,86,85,92,2,68
1944,Taylor Marks,5.8,60,40,79,8,60
1945,Sharon Brock,2.8,64,100,52,6,63
1946,Melissa Davis,7.7,50,42,83,5,60
1947,Troy Johnson,1.2,75,81,38,7,56
1948,Joseph Kennedy,1.6,84,80,75,2,61
1949,James Lopez,1.6,54,75,74,4,54
1950,Ann Hall,7.8,75,84,51,10,75
1951,Christopher Duarte,8.8,77,78,65,10,79
1952,Troy Figueroa,9.3,56,78,43,5,65
1953,Kara Brooks,6.8,72,43,49,5,57
1954,Howard Small,5.6,58,99,45,9,68
1955,Dawn Edwards,7.2,60,88,77,3,69
1956,Dana Patterson,1.9,90,48,99,1,59
1957,Melissa Hatfield,3.7,55,74,47,4,53
1958,Kevin Wagner,4.7,55,45,84,9,60
1959,Jennifer Kelley,4.1,57,60,68,8,59
1960,Jacqueline Leon,2.4,63,59,66,5,53
1961,Nathaniel Jensen,3.8,89,93,95,5,77
1962,Mark Davis,5.0,79,77,37,2,58
1963,Sarah Howe,8.4,50,80,49,4,63
1964,Anthony Mora,9.6,87,48,50,8,70
1965,Dominique Riley,5.6,76,90,84,3,72
1966,Kevin Walsh,4.6,51,54,68,5,54
1967,Mr. Donald Paul DDS,4.8,84,71,35,10,65
1968,Cassandra Sims,8.7,50,52,62,7,62
1969,Allison Landry,6.6,68,66,67,2,62
1970,Joyce Wagner,1.9,51,74,75,9,59
1971,Erika Wilson,4.4,61,100,61,3,64
1972,Jill Daniel,5.7,74,41,42,7,55
1973,Danny Harrell,4.0,61,42,56,6,50
1974,Sarah Reid,7.7,96,43,97,7,76
1975,Thomas Welch,8.6,56,71,42,6,63
1976,Timothy May,5.1,58,95,63,6,67
1977,Stanley Clark,6.8,65,78,53,8,67
1978,Spencer Taylor,4.1,62,60,86,8,63
1979,John Williams,1.5,56,68,73,2,50
1980,Michael Cunningham,1.7,57,75,88,6,60
1981,Casey Fry,4.6,100,86,77,8,79
1982,Steven Sandoval,3.3,94,46,47,10,61
1983,Abigail Stuart,2.0,88,59,44,8,57
1984,Lisa Conner,3.9,85,96,41,3,64
1985,Susan Welch,7.7,64,81,78,1,68
1986,Sharon Howard,6.8,78,94,91,6,80
1987,Christopher Lewis,4.6,69,94,59,2,63
1988,Justin Wyatt,4.7,60,96,63,7,68
1989,Zachary Martinez,5.3,61,92,66,9,71
1990,Michael Price,6.7,53,92,41,8,65
1991,Carol Hoover,2.4,94,93,42,9,68
1992,Jason Rosales,3.4,78,62,89,6,65
1993,Carolyn Guzman,6.5,99,85,78,8,82
1994,Tamara Wood,2.0,83,82,82,1,62
1995,Ethan Jones,9.9,83,99,82,9,90
1996,Charles Fleming DVM,7.4,69,53,46,6,60
1997,Zachary Romero,1.2,52,41,44,1,35
1998,Andrew Warren,1.3,75,83,68,7,62
1999,Kevin Cummings,2.1,59,86,53,5,56
2000,James Branch,3.7,86,76,78,4,67
2001,Sharon Crawford,1.3,80,99,97,10,76
2002,William Murray,3.1,75,93,97,3,70
2003,Kyle Harris,2.1,98,78,56,9,68
2004,Amber Fry,9.3,73,85,82,3,77
2005,Michelle Molina,5.8,69,88,50,8,68
2006,Gina Anderson,7.5,73,50,49,4,59
2007,Elizabeth Cox,3.9,75,50,86,7,63
2008,Wesley Patton,1.5,96,89,93,7,74
2009,Cynthia Davidson,3.0,98,45,72,7,63
2010,John Jackson,9.0,60,63,69,4,66
2011,Nathan Powell,8.6,61,56,89,7,71
2012,Michael Johnson,9.6,89,81,68,6,81
2013,Nicholas Hayes,8.1,72,70,39,3,62
2014,Kenneth Heath,4.4,98,75,86,3,72
2015,Samantha Duncan,5.5,82,72,46,6,64
2016,Daniel Castro,1.7,71,74,67,1,54
2017,Mary Mccoy,6.1,57,51,66,1,53
2018,Kristin Blevins,5.2,57,52,46,2,48
2019,William Swanson,6.9,99,97,49,2,74
2020,Elizabeth Goodman,2.9,83,73,44,10,63
2021,Rebecca Brown,5.9,56,64,78,3,60
2022,Sandra Nelson,9.9,74,75,84,6,79
2023,Joe Cox,6.1,91,45,52,2,58
2024,Debra Schmidt,2.5,57,72,73,8,59
2025,April Jackson,5.9,94,54,88,8,74
2026,Alexandra Gibbs,6.7,93,41,100,4,70
2027,Jason Campbell,5.5,53,66,45,3,52
2028,Jessica Johnson,4.2,52,84,84,8,67
2029,Jeff Jimenez,7.0,77,50,74,8,68
2030,Scott Bryant,6.8,75,67,99,2,70
2031,Erika Spencer,1.2,65,63,85,6,57
2032,Patrick Henry,3.1,88,96,49,5,67
2033,Cheryl Thomas,1.2,75,99,97,2,67
2034,Nancy Ferguson,9.0,51,83,68,8,73
2035,Matthew Spencer,1.4,81,52,56,9,56
2036,Randy Moore,6.5,98,60,41,9,69
2037,John Collins,4.2,98,97,37,10,74
2038,Andrew Shelton,8.9,51,89,96,7,79
2039,Tamara Simpson,8.4,94,74,56,3,73
2040,Teresa Moore,1.3,75,74,56,4,55
2041,Dennis Jones,9.5,96,47,52,5,70
2042,Tina Baker,3.9,66,68,56,6,58
2043,Kimberly Cobb,3.9,69,70,63,6,61
2044,David Davis,5.2,64,54,78,6,61
2045,Dave Sanchez,4.1,88,57,88,8,70
2046,Leslie Marshall,9.5,69,60,57,1,63
2047,Colleen Burnett,3.4,85,59,92,1,62
2048,Paul Escobar,8.7,60,96,71,8,78
2049,Amanda Mendoza,3.3,88,89,73,9,74
2050,William Garcia MD,4.5,71,100,79,7,74
2051,Jimmy Edwards,9.5,75,76,56,7,74
2052,Craig Miller,3.0,82,61,84,3,61
2053,Diane Spencer DVM,3.3,67,88,61,8,65
2054,Douglas Mccoy,8.6,51,60,83,7,68
2055,Nicholas Williams,7.7,94,81,91,4,81
2056,Kevin Miller,3.4,66,83,95,1,64
2057,Tiffany Hall,7.6,80,60,63,10,72
2058,Michelle Thompson,7.8,93,47,38,3,61
2059,Debra Mcdaniel,3.8,72,58,64,9,61
2060,Kevin Hill,4.3,78,41,93,8,64
2061,Leah Wright,6.1,63,85,78,3,67
2062,Laura White,2.6,71,43,36,8,48
2063,Randall Day,1.8,80,55,93,1,56
2064,Stephanie Juarez,3.3,52,83,91,1,59
2065,Luke Baldwin,7.5,76,93,36,4,68
2066,Stephen Warner,3.0,54,61,87,5,57
2067,Robert Hernandez,4.3,91,42,79,1,58
2068,Kim Jones,7.3,62,91,77,5,73
2069,Timothy Everett,1.4,79,88,100,6,70
2070,Jon Hodges,5.2,96,87,38,8,71
2071,Michael Riley,6.2,50,95,57,10,70
2072,Lori Rojas,3.7,63,55,39,1,45
2073,Anthony King,9.5,87,75,100,8,87
2074,Jennifer Harris,8.2,80,98,84,5,82
2075,Maria Baker,1.4,76,71,78,5,60
2076,William Turner,9.2,73,62,61,2,66
2077,Sandra Gray,5.2,56,71,78,5,62
2078,Matthew Jordan,3.2,98,83,55,2,64
2079,David Nelson,3.4,78,90,74,2,65
2080,Ian Wilson,2.0,69,95,81,9,70
2081,James Walters,1.2,92,94,61,1,62
2082,Linda Wood,2.2,93,64,88,3,64
2083,Tyler Jones,7.8,73,48,76,5,66
2084,Kristin Martin,6.1,55,41,57,8,55
2085,Joshua Henson,2.3,68,86,89,3,63
2086,Tyler Meyers,8.5,91,44,73,10,75
2087,Beth Thompson,5.1,54,84,49,5,59
2088,Cheryl Reynolds,4.9,53,75,70,9,64
2089,Lisa Lopez DVM,4.5,81,64,57,7,63
2090,Valerie Turner,6.6,85,41,49,6,60
2091,Ryan Blackburn,6.4,87,56,61,4,64
2092,Stephen Werner,1.4,70,65,65,8,57
2093,Kimberly Carter,8.6,66,49,65,5,63
2094,Amanda Adkins,5.6,63,72,48,2,56
2095,Joseph Hamilton,1.7,97,75,61,10,68
2096,Steven Dominguez,3.8,61,64,74,7,60
2097,Candice Holt,8.0,82,43,56,5,63
2098,Donald Dillon,8.7,91,48,71,6,72
2099,Collin Black,9.7,54,55,75,8,69
2100,Kevin Baker,7.8,60,44,79,5,62
2101,Debra Hill,2.3,62,62,48,8,53
2102,Anna Castillo,3.3,51,45,56,3,44
2103,Rachel Brown,9.5,74,87,98,6,84
2104,Ashley Johnson,4.2,76,83,51,5,63
2105,William Dean,7.0,51,90,38,3,59
2106,Bryan Wright,7.2,91,70,95,8,81
2107,Heather Davis,1.0,81,87,81,10,70
2108,Kimberly Blake,6.3,65,68,42,1,55
2109,Zachary Graves,6.4,67,92,36,9,68
2110,Raven Buchanan,3.7,67,51,58,9,57
2111,Catherine Watkins,3.2,96,73,45,4,61
2112,Carla Johnson,8.5,77,64,59,2,66
2113,Diane Griffin,9.1,85,73,65,7,77
2114,Samuel Evans,3.2,80,72,60,2,58
2115,Blake Hicks,1.9,84,92,98,9,76
2116,Tamara Porter,2.7,88,68,83,3,64
2117,Thomas Martin,3.7,84,95,38,10,69
2118,Jesse Poole,4.4,50,58,73,5,55
2119,Alice Thornton,4.3,71,67,40,4,55
2120,Ivan Stephenson,7.3,85,75,66,7,74
2121,Jonathan Sanchez,4.6,84,49,66,1,56
2122,Erin Young,2.0,64,42,58,8,50
2123,Gary Rogers,1.3,64,91,92,3,62
2124,Amber Lawrence,1.6,86,42,58,6,52
2125,Elizabeth Thompson,1.5,86,80,64,4,61
2126,Kristen Roberts,3.2,86,57,40,5,55
2127,Brittany Contreras,1.1,75,57,94,6,60
2128,Cassandra Hogan,2.4,51,63,71,8,55
2129,Joshua Williamson,3.2,90,85,67,7,70
2130,Dalton Guzman,4.3,96,64,73,10,73
2131,Bruce Arnold DDS,7.6,73,56,40,8,63
2132,Philip Thompson,4.8,72,82,99,9,76
2133,Sean Carney,6.6,82,89,70,5,74
2134,Chad Smith,1.9,91,87,98,10,77
2135,Brenda Gonzalez,7.0,93,76,82,7,79
2136,Ashley Hall,5.1,67,81,73,10,71
2137,Nichole Rogers,6.8,65,67,89,10,74
2138,Jeanette Weber,6.0,72,84,63,1,64
2139,Annette Campbell,7.1,78,46,78,2,62
2140,Crystal Tucker,9.4,72,81,43,5,70
2141,Casey Miller,9.6,88,73,76,2,76
2142,Katrina Neal,4.0,73,85,77,4,66
2143,Jamie Morse DVM,8.5,72,98,72,2,75
2144,Garrett Houston,8.7,81,100,98,8,90
2145,Katie Glover,4.9,65,60,67,9,63
2146,Adam Moran,6.3,59,51,74,6,60
2147,Sierra Mccormick,1.1,79,94,64,5,63
2148,Rachel Lloyd,4.7,63,44,55,5,52
2149,Julia Mahoney,7.9,84,56,47,10,70
2150,Melinda Oconnell,2.8,76,82,86,9,71
2151,Darlene Hall,4.8,59,91,36,4,58
2152,Heather Davenport,9.4,79,47,57,9,70
2153,Rodney Chang,4.9,100,73,70,2,69
2154,Alex Rodriguez,6.8,96,93,96,8,88
2155,Kimberly Walker,7.7,59,92,98,7,79
2156,Kyle Wood,5.5,64,99,82,6,74
2157,Deborah Cook,6.6,66,44,54,5,56
2158,Jessica Rodriguez,5.9,87,41,66,2,59
2159,Daniel Alvarado,3.3,68,53,52,3,50
2160,Derek Williams,4.5,95,68,45,8,66
2161,Brittany Roberts,2.7,84,67,78,1,59
2162,Joanne Santos,1.4,98,50,36,3,50
2163,Jacqueline Miles,8.3,97,72,100,2,80
2164,Rachel Sanchez,7.9,81,75,56,8,74
2165,James Edwards,3.4,55,48,82,7,55
2166,Nicole Sweeney DDS,1.4,81,78,58,1,55
2167,Christopher Ramsey,6.4,63,47,77,4,59
2168,Morgan Roberts,1.0,65,95,40,2,52
2169,Cindy Bond,4.8,77,47,76,4,59
2170,Sean Anderson,2.7,80,44,38,9,53
2171,Allison Patton,5.5,83,84,67,1,67
2172,Stephanie Bernard,6.4,57,60,86,2,61
2173,James Daniels,4.1,93,72,64,5,67
2174,Christina Chavez,1.9,100,95,82,1,69
2175,Maria Hunt PhD,2.5,86,82,35,6,60
2176,Scott Taylor,4.5,70,79,72,3,63
2177,Kenneth Stokes,4.6,51,48,37,7,48
2178,Catherine Lopez,7.3,53,71,63,6,64
2179,Jeffery Robinson II,6.1,58,46,57,6,55
2180,John Harris,2.1,84,52,81,6,60
2181,Michelle Wilson,1.6,95,94,36,4,61
2182,Bradley Larsen,7.1,86,74,81,6,76
2183,Christopher Johnson,6.1,80,97,92,6,80
2184,Sally Jimenez,3.8,76,63,94,5,66
2185,Casey Macias,2.5,96,96,63,5,70
2186,Robert Tyler,2.8,53,44,72,10,54
2187,Brenda Miller,1.5,56,77,69,10,60
2188,Tanya Goodman,8.6,81,93,71,4,78
2189,Peter Marshall,8.0,78,57,41,8,65
2190,Robert Odom,2.9,50,96,54,10,63
2191,Holly Thomas,2.0,83,68,88,9,68
2192,Jacqueline Edwards,2.6,74,60,59,10,60
2193,Rodney Jackson,4.6,55,84,78,8,67
2194,Briana Bean,8.5,78,59,67,6,70
2195,Marissa Brown,3.6,79,73,50,3,58
2196,Melissa Galloway,8.6,54,81,74,10,75
2197,Thomas Warner,3.9,87,65,91,9,73
2198,Roy Bradshaw,7.6,84,87,37,7,72
2199,Joseph Price,8.9,57,74,95,1,70
2200,Michelle Green,7.1,61,67,86,7,70
2201,Zoe Smith,3.4,98,68,73,9,71
2202,Thomas Snow,9.9,90,53,76,9,79
2203,Stacey May,6.3,57,70,92,8,70
2204,Denise Johnson,4.8,53,46,42,5,47
2205,Sara Pitts,2.4,55,52,83,4,52
2206,John Murillo,4.6,66,41,45,5,49
2207,Sharon Wilson,2.5,86,91,68,8,70
2208,Stephanie Watson,1.6,87,77,84,5,66
2209,Garrett Allen,5.4,79,89,40,6,66
2210,Robert Estrada,2.8,54,70,83,8,61
2211,Maria Arias,3.7,76,41,67,4,54
2212,Andrea Williams,6.3,85,60,74,5,68
2213,Victoria Bush,2.7,59,94,62,6,62
2214,Nicholas Johnson,8.5,54,53,40,2,53
2215,Timothy Moran,6.4,95,51,55,6,66
2216,Jennifer Knapp,6.5,84,60,58,7,67
2217,Tracy Horn,4.3,73,58,78,6,62
2218,Philip Nichols,7.8,89,71,43,2,66
2219,Melissa Cooper,9.6,52,47,84,8,68
2220,Alison Alexander,3.2,58,62,54,4,51
2221,Travis Dixon,4.3,51,62,97,3,59
2222,Robert Robinson,4.0,86,76,46,4,61
2223,Ethan Cummings,2.6,79,98,37,6,62
2224,Jonathan Flynn,1.7,55,42,53,6,44
2225,Mrs. Amy Forbes MD,8.1,65,89,65,5,72
2226,Emily Peterson,1.1,69,46,58,2,44
2227,Zachary Henderson,8.6,73,77,39,6,68
2228,Michelle Burns,9.5,67,91,95,9,86
2229,Lorraine Sullivan,8.5,68,44,57,1,57
2230,Michelle Thomas,3.4,57,65,43,1,46
2231,Sean Dawson,2.3,95,55,91,10,70
2232,Tammy Smith,4.4,97,72,77,7,73
2233,Linda Moore,9.3,95,100,96,2,88
2234,Tina Lopez,1.1,72,78,46,2,50
2235,Tyler Conley,9.2,74,46,90,5,71
2236,James Lawrence,7.8,86,75,48,9,74
2237,Tony Larsen,3.8,88,44,76,4,59
2238,William Smith II,1.3,69,69,79,6,58
2239,Eric Silva,6.6,62,56,89,9,69
2240,Susan Welch,2.8,78,73,63,5,60
2241,Cassandra Morton,5.7,56,94,57,3,63
2242,Heather Lopez,6.0,84,87,68,5,73
2243,John Spencer,6.8,54,85,98,1,68
2244,Thomas Rubio,4.0,54,42,52,1,43
2245,Molly Banks,7.0,100,65,63,2,69
2246,Levi Cochran,3.3,92,97,58,10,75
2247,Samantha Costa,8.6,71,53,72,9,71
2248,Jeffrey Clark,3.0,62,85,60,2,56
2249,Shannon Ramirez,5.8,65,72,35,2,54
2250,Kristi Taylor,4.0,69,62,98,10,70
2251,Julie Krause,9.2,70,42,58,3,61
2252,Linda Williams,2.2,98,69,57,9,66
2253,Melinda Bryant,4.6,56,63,92,4,61
2254,Brenda Smith,5.3,90,47,39,3,55
2255,Joshua Johnson MD,2.4,74,74,100,9,70
2256,Daniel Coleman,7.6,99,51,100,10,82
2257,Richard Hansen,9.8,99,83,51,5,80
2258,Kevin Hernandez,6.1,56,95,57,6,67
2259,Evan Ramirez,2.7,54,77,44,9,55
2260,Danielle Bennett,4.3,59,68,94,9,68
2261,Douglas Williams,3.7,71,79,91,9,72
2262,Lisa Brown,8.4,90,45,37,9,66
2263,Phillip Terry,2.2,99,57,77,5,63
2264,Stephanie Mitchell,4.5,50,80,85,6,64
2265,Meagan Stephens,6.3,53,40,64,7,55
2266,George Rogers,9.5,59,92,93,10,85
2267,Cheryl Craig,7.5,51,77,64,1,60
2268,Paul Walker,7.3,70,52,69,4,62
2269,Charles Roberts,5.6,77,71,43,4,60
2270,Robin Ortiz,1.7,78,89,89,7,69
2271,Christy Fitzpatrick,8.9,79,71,70,6,75
2272,Gregory Ray,8.3,82,62,79,1,69
2273,Karen Watkins,3.9,54,91,66,2,59
2274,Lori Montes,2.0,57,41,93,9,56
2275,Hunter Eaton,6.3,68,42,38,3,50
2276,Robin Maxwell,2.0,58,42,45,2,40
2277,Sabrina Hayes,9.5,58,56,76,2,64
2278,Amanda Carter,9.1,92,79,56,9,81
2279,Steve Miller,5.6,80,50,60,4,59
2280,Vicki Dudley,8.8,51,96,92,8,80
2281,Jennifer Green,9.3,52,85,53,6,69
2282,Ashlee Hall,9.9,97,98,90,7,93
2283,Kevin Gillespie,1.7,60,51,75,6,52
2284,Catherine Tucker,4.3,89,96,63,10,77
2285,Jennifer Miller,4.6,73,97,50,2,63
2286,Adam Miller,4.6,98,44,66,5,62
2287,Marie Reed,5.4,65,67,98,5,68
2288,John Hogan,1.2,79,87,75,6,64
2289,Charles Johnson,5.6,83,85,57,6,70
2290,Bryan Webb,7.6,68,98,75,10,81
2291,James Stevens,7.8,88,74,76,4,75
2292,Ashley Wells,3.7,87,67,56,9,66
2293,Christopher Giles,9.8,95,46,64,3,70
2294,Heather Romero,2.3,95,97,46,7,68
2295,Rebecca Rowe,7.2,63,67,45,2,57
2296,Adam Castillo,3.7,86,51,100,2,63
2297,Charles Bernard,9.0,69,73,96,9,81
2298,Christopher King,8.0,73,78,49,4,67
2299,Ricky Clark,7.1,55,50,71,1,55
2300,Tammy Hall,7.8,50,91,45,7,66
2301,Crystal Williams,7.1,69,90,64,5,71
2302,Michelle Stanton,3.1,96,89,46,5,66
2303,Kathleen Bowman,3.4,56,66,66,3,53
2304,Kelly Patterson,6.8,54,65,36,4,54
2305,Nicole Dixon,8.2,100,55,78,6,76
2306,Johnny Fleming,3.8,77,88,80,7,71
2307,Dennis Olson,3.1,95,77,95,9,77
2308,Miguel Rivas,5.8,75,88,51,9,71
2309,Kyle Murphy,5.8,91,84,44,3,67
2310,Rachael Rivera,8.5,70,89,72,10,81
2311,Colleen Smith,2.9,72,91,96,2,67
2312,Jennifer Lozano,4.2,63,73,49,1,53
2313,Steven Snow,3.4,55,85,43,3,53
2314,Mrs. Jennifer Wilkerson MD,3.8,59,95,88,7,70
2315,Matthew Garcia,4.8,91,71,96,2,71
2316,Brenda Clay,1.7,70,63,56,1,48
2317,Louis Cox,7.5,91,52,74,3,68
2318,Susan Castillo,3.9,71,58,60,3,55
2319,Brian Reeves,1.1,69,83,78,6,61
2320,Joseph Durham,1.2,93,75,47,3,56
2321,Shannon Collins,2.4,67,98,44,5,59
2322,Gloria Jones,6.6,61,81,86,3,68
2323,Jonathan Clark,3.0,62,64,77,4,56
2324,Jordan Chang,9.3,53,43,92,2,63
2325,Melissa Brady,1.8,71,42,37,2,41
2326,Melissa Delgado,4.0,81,63,48,3,56
2327,Zachary Davis,10.0,96,54,95,1,77
2328,Matthew Mason,1.9,65,74,71,5,57
2329,Carolyn Morgan,9.3,50,64,63,6,65
2330,Michelle Sanchez,9.1,59,86,37,9,70
2331,Phyllis Johnson,3.6,84,97,43,4,65
2332,Dylan Moss,4.6,54,96,84,1,64
2333,Ronald Mccarty,7.9,82,87,84,7,81
2334,Deanna Parks,7.8,61,53,85,4,65
2335,Jordan Mccullough,7.4,53,82,56,2,61
2336,Kelli Scott,3.8,78,97,88,7,75
2337,Nicole Harris,3.3,70,97,70,1,63
2338,Jose Rosario,4.5,81,86,50,2,62
2339,Michelle Tate,1.1,65,77,59,3,52
2340,Adam Perry,1.0,60,95,68,8,62
2341,Thomas Bates,4.9,69,81,83,6,69
2342,Luis Dunn,6.1,54,51,95,5,62
2343,Pamela Osborne,2.3,57,49,57,9,51
2344,Brady Anderson,3.7,72,44,80,6,58
2345,William Costa,6.9,76,41,61,3,58
2346,Stephanie Wang,8.6,74,61,58,5,67
2347,Mary Wilson,5.5,84,46,84,1,61
2348,Stephanie Garrett,5.0,93,96,51,4,71
2349,Jose Smith,5.6,66,82,41,4,60
2350,Samantha Dawson,3.1,57,64,58,4,52
2351,Sarah Griffin,7.2,58,44,82,9,65
2352,Sandra Brown,1.4,71,77,36,4,51
2353,Robert Watson,8.9,57,67,54,9,68
2354,Victoria Brown,8.1,61,60,57,6,63
2355,Mr. Andrew Fisher,4.5,75,69,41,1,54
2356,Brianna Briggs,7.2,61,83,36,9,66
2357,Jonathan Jones,1.5,72,52,71,7,55
2358,William Ingram,9.8,55,64,70,4,67
2359,Michael Hudson,5.0,61,80,71,4,63
2360,Tanner Le,5.8,50,97,73,10,72
2361,Jennifer Robertson,1.7,72,41,67,7,52
2362,Emily Brown,3.2,66,45,68,10,57
2363,Charles Foster,1.5,93,100,96,1,71
2364,Nicholas Marquez,2.5,98,52,47,1,52
2365,Maurice Harris,7.0,98,75,40,2,67
2366,Dr. Samantha Ruiz PhD,1.9,77,63,76,10,64
2367,Angela Williams,2.1,58,70,44,3,48
2368,Juan Brown,5.2,53,52,54,10,57
2369,Kimberly Ramirez,6.4,86,80,51,4,68
2370,Eddie Nguyen,5.1,82,52,70,2,59
2371,Amy Young,3.0,88,67,97,6,70
2372,Joel Ortiz MD,6.2,84,77,36,4,63
2373,Brittany Garcia,6.8,61,64,77,7,67
2374,Kimberly Anderson,4.0,74,78,50,5,61
2375,Glenn Harper,2.4,54,41,71,5,47
2376,Alexandra Washington,2.6,65,100,65,3,62
2377,Jason Jackson,5.9,93,93,53,3,71
2378,Kimberly Patel,1.1,64,67,91,6,59
2379,Janet Franklin MD,10.0,62,52,58,4,64
2380,Christian White,9.8,64,100,68,6,80
2381,Chase Alvarez,2.9,88,57,77,7,64
2382,Danielle Schmidt,7.0,66,72,43,7,64
2383,Jamie Peterson,2.2,100,55,87,5,65
2384,Michael Combs,3.9,50,75,84,5,60
2385,Elizabeth Aguirre,6.7,100,100,75,10,88
2386,Marissa Howard,9.2,58,72,96,10,80
2387,Kathryn Wallace,4.3,87,70,90,7,72
2388,Jessica Joseph,4.9,85,83,63,8,72
2389,Ross Garcia,7.6,90,80,69,8,79
2390,Tammy Hunt,1.6,53,49,77,1,45
2391,Samantha Martin,4.4,95,99,39,2,67
2392,Sherry Lopez,3.5,86,90,100,2,73
2393,Rebekah Mccoy,8.5,81,88,90,5,82
2394,Clayton Johnson,2.6,62,61,69,10,59
2395,Kaitlyn Grant,3.2,92,93,95,8,79
2396,Mr. Vincent Mitchell,9.7,64,68,62,6,70
2397,Jeffrey Miller,3.3,54,51,87,8,58
2398,Grant Robinson,5.4,83,50,64,10,66
2399,Victoria Peterson,4.9,68,65,45,4,56
2400,John Brown,9.1,95,65,73,7,79
2401,Brandon Johnson,2.6,78,50,71,2,53
2402,Mandy Rogers,7.5,60,61,44,6,60
2403,Kimberly Garcia,6.8,58,46,62,6,58
2404,Teresa Clayton,9.1,100,90,39,8,81
2405,Stephen Rogers,5.8,59,63,50,7,59
2406,William Miles,6.5,57,52,100,9,69
2407,Raven Alexander,5.0,78,56,72,8,65
2408,Elizabeth Lee,2.8,86,85,60,9,69
2409,Felicia Patterson,2.2,95,71,52,5,61
2410,Alexis Howard,5.1,98,45,85,4,66
2411,Mark Alvarado,8.1,58,83,64,4,68
2412,Tiffany Hays,5.9,59,60,58,7,60
2413,Alicia Garcia,5.3,75,57,48,5,58
2414,Robert Boone,4.4,98,93,35,8,71
2415,Kimberly Norris,6.8,88,43,67,7,66
2416,Alexander Mcclain,9.8,75,76,98,10,86
2417,Stephen Garcia,7.8,71,71,56,8,70
2418,Crystal Bell,1.5,69,65,40,4,48
2419,Marcus Cooper,6.1,59,41,99,7,64
2420,Christopher White,7.2,53,82,97,3,70
2421,Jeremy Clark Jr.,8.1,72,54,38,5,60
2422,George Allison,1.2,84,82,94,7,69
2423,Danielle Hunt,8.9,93,87,82,6,85
2424,Elizabeth Schmidt,4.5,50,58,88,7,60
2425,Janet Alvarez,8.4,51,69,77,1,63
2426,Sara Martin,5.0,66,93,100,8,77
2427,Cole Ramirez,3.9,85,95,53,10,73
2428,Mrs. Amber Peterson,7.3,74,51,99,6,71
2429,John Padilla,9.9,79,81,93,7,85
2430,Jennifer Lewis,1.7,52,79,92,1,55
2431,Maureen Lewis,1.9,83,77,63,10,66
2432,Mr. Thomas Harvey,1.5,65,56,100,5,58
2433,Linda Delgado,5.4,54,74,76,5,63
2434,Michael Walton,9.1,84,92,71,5,81
2435,Whitney Lucas,1.2,71,54,78,3,52
2436,Samuel Rivas,3.9,81,80,51,2,60
2437,James Ferguson,3.8,60,76,44,2,52
2438,Joel Alexander,9.0,81,69,62,5,72
2439,Charles Frost,6.5,78,80,75,1,68
2440,Nicole Hughes,9.6,70,45,86,3,68
2441,Andrew Coleman,3.8,82,96,85,6,75
2442,Sean Knox,6.3,86,90,82,1,74
2443,Jonathan Hamilton,8.6,99,87,40,4,75
2444,Alex Miller,6.9,50,53,81,6,61
2445,Vanessa Castillo,7.8,76,74,44,2,63
2446,William Johnson,3.3,52,75,55,3,52
2447,Megan Beck,10.0,84,74,99,4,83
2448,Jonathan Horton,1.4,87,56,79,3,57
2449,Brittany Patterson,1.3,97,85,83,6,70
2450,Robert Schroeder,7.5,95,59,97,10,82
2451,Jennifer Graham,3.6,62,61,79,5,58
2452,Donna Lara,8.2,70,88,99,8,83
2453,Connor Hernandez,6.9,51,58,79,7,63
2454,Mario Morrison,8.9,66,45,91,10,73
2455,Brandy Andrews,8.2,67,87,42,1,64
2456,Natasha Lara,9.8,96,93,53,9,86
2457,Casey Brown,7.3,72,52,36,1,53
2458,Tiffany Day,2.3,84,67,85,3,62
2459,Wendy Vaughan,2.3,64,46,79,2,49
2460,Jeanne Evans MD,3.4,100,64,91,4,70
2461,Shawn Cox,8.7,55,43,77,7,64
2462,Brandon Smith,3.7,71,99,64,10,72
2463,Holly Lee,1.2,75,47,55,3,46
2464,Susan Brown,4.6,87,45,66,1,56
2465,Kelly Chan,4.0,61,65,52,9,58
2466,Elizabeth Roberts,7.3,67,76,50,3,63
2467,Steven Russell,9.4,61,51,91,2,67
2468,Virginia Day,7.8,95,56,39,5,66
2469,April Greene,1.7,62,74,59,4,53
2470,Kimberly Brooks,9.3,55,41,40,7,57
2471,Scott Spence,4.3,77,98,72,4,70
2472,Nicholas Parrish,5.1,59,79,80,2,62
2473,Carlos Beck,4.9,66,53,56,3,53
2474,Carl Campbell,9.1,98,49,86,10,82
2475,Lisa West,8.3,78,53,53,4,63
2476,Jamie Davis,1.0,76,62,63,6,55
2477,Christina Atkins MD,2.4,83,80,79,7,68
2478,Nancy Clark,7.8,66,51,61,8,65
2479,Jennifer Hester,4.0,76,47,86,8,63
2480,Brittany Schwartz,7.5,71,49,83,6,67
2481,Brittany Leblanc,4.7,100,87,46,10,75
2482,Darrell Chen,6.9,99,56,51,10,72
2483,Caroline Jones,8.0,52,77,61,1,61
2484,Martin Wagner,8.4,72,74,98,5,77
2485,Joseph Miller,1.4,58,60,61,7,51
2486,Tonya Frey,9.5,84,72,95,10,87
2487,Roy Jackson,2.6,90,63,37,5,55
2488,Bradley Norris,9.8,72,91,99,8,88
2489,Jonathan Carroll,5.7,59,70,77,7,66
2490,Luke Macdonald,2.5,68,93,56,8,64
2491,Kevin Howard,5.6,78,72,73,7,70
2492,Christopher Miller,6.2,64,84,82,6,71
2493,Jacob Smith,1.5,62,93,49,8,59
2494,Stephen White,8.6,54,68,47,10,67
2495,Roger Lopez,6.1,65,97,77,4,72
2496,Patricia Cooley,2.5,59,82,44,1,50
2497,Marie Grant,6.5,68,63,62,6,64
2498,Daniel Cohen,4.2,51,88,42,10,61
2499,Raymond Sparks,6.7,80,62,60,2,62
2500,Courtney Bell,7.1,74,54,58,3,60
2501,Jordan Johnson,6.4,94,51,35,4,60
2502,Jean Mckay,4.2,77,54,64,7,60
2503,Katie Anderson,1.2,73,46,94,2,52
2504,Peter Pope,6.3,85,87,84,7,79
2505,Ashley Carr,6.4,54,74,61,5,62
2506,Elizabeth Werner,6.2,81,41,84,7,66
2507,Randy Sharp,2.2,79,82,61,4,60
2508,Heather Martin,7.3,79,41,65,1,58
2509,Christopher Brooks,5.7,91,80,50,10,74
2510,Donna Bryant,5.4,97,44,92,4,68
2511,William Washington,7.4,51,55,96,9,69
2512,James Brown,5.8,70,97,99,10,83
2513,Jordan Martinez,9.4,94,57,50,3,69
2514,James Jones,5.8,81,57,76,9,70
2515,Michael Bass,9.0,83,68,55,9,75
2516,Taylor Nelson,7.2,62,91,83,8,77
2517,Marvin Suarez,9.3,72,42,65,1,61
2518,Taylor Mendoza,1.6,79,92,63,2,60
2519,Sabrina Morales,1.1,58,52,42,2,40
2520,Jason Murray,4.0,51,75,73,10,64
2521,Jonathan Hansen,8.5,63,49,93,1,64
2522,Jeremy Singh,9.8,96,83,40,5,77
2523,Robin Velazquez,2.4,81,75,40,7,58
2524,Dr. Thomas Levine PhD,1.2,65,66,93,7,60
2525,Travis Nolan,5.6,99,84,43,2,67
2526,Elaine Spencer,4.4,98,96,58,6,74
2527,Jennifer Burns,2.7,94,77,68,6,67
2528,Kristina Parker,7.9,67,41,64,5,60
2529,Tiffany Sexton,3.5,99,78,86,6,74
2530,Donald Henderson,2.8,91,48,61,7,59
2531,Lisa Atkins,5.7,76,72,43,6,63
2532,Neil Washington,3.6,90,84,47,1,61
2533,Ronald Glover,5.6,97,74,60,2,67
2534,Todd Fox,4.6,98,97,61,4,74
2535,Courtney Valdez,4.7,93,92,53,2,68
2536,Keith Elliott,2.6,94,100,73,7,75
2537,Katherine Herring,9.4,89,90,38,8,79
2538,Michael Ashley,7.3,67,62,94,5,70
2539,Adrian Davis,5.3,83,65,36,2,56
2540,Jeffrey Nelson,7.4,100,49,97,8,79
2541,Mrs. Angela Henry,3.7,60,43,62,3,48
2542,Jodi Cooper,9.5,95,88,71,8,86
2543,Alicia Dominguez,3.0,95,47,90,3,62
2544,Jeffrey Barton,3.9,100,90,48,7,71
2545,Kelly Estrada,8.8,61,68,51,6,66
2546,Steven Sanchez,2.7,79,53,59,5,55
2547,Casey Baker,8.6,55,61,80,6,68
2548,Ashley Moran,2.7,88,75,75,3,64
2549,Jennifer Williams,9.4,98,93,96,10,95
2550,Donna Salazar,2.2,65,99,55,5,61
2551,Rebecca Griffin,7.1,97,69,57,6,73
2552,George Davis,5.1,55,55,65,4,54
2553,Robin Rivera,5.5,75,63,36,8,60
2554,Amanda Cardenas,8.8,62,69,94,8,77
2555,Javier Mendoza,6.6,66,70,52,10,67
2556,Richard Mitchell,3.8,62,57,51,1,48
2557,Tyler Duncan,3.2,56,82,78,3,59
2558,Michael Turner,3.0,74,81,86,10,71
2559,Jason Miller,5.7,56,97,47,6,65
2560,Whitney Anderson,1.2,54,70,70,1,48
2561,Kevin Warren,2.4,83,95,97,2,70
2562,Tracy Smith,2.2,78,43,37,6,48
2563,Eric Neal,2.4,60,54,53,9,52
2564,Connie Wilson,4.0,54,86,97,4,66
2565,Matthew Hansen,4.9,67,61,36,8,57
2566,Daniel Duncan,4.3,64,77,37,9,60
2567,Lisa Craig,5.0,55,77,84,1,60
2568,Justin Peck,4.3,95,51,72,9,68
2569,Deborah Ramsey,2.9,67,43,88,3,53
2570,Ashley Burnett,3.8,71,52,47,3,50
2571,Erik Cook,2.0,54,73,68,8,57
2572,Brendan Wallace,1.1,73,85,70,1,56
2573,Jennifer Robinson,3.4,60,73,54,7,57
2574,William Payne,3.2,78,87,98,9,76
2575,Debra Lawrence,8.9,71,65,74,9,75
2576,Jennifer Duke,9.7,55,57,40,2,57
2577,Jose Edwards,3.0,65,55,86,4,57
2578,Melissa House,3.7,64,73,67,4,59
2579,Brenda Roberts,8.1,67,71,100,3,73
2580,Danielle Rodriguez,5.1,65,78,55,2,58
2581,Tracey Cole,1.5,71,75,99,10,69
2582,Jordan Lloyd,5.9,50,80,94,10,73
2583,Marcia Rodriguez,7.9,83,48,91,3,69
2584,Alicia Estrada,7.2,56,64,57,10,65
2585,Christine Flores,3.1,81,63,52,5,57
2586,Marissa Benson,6.2,82,88,70,4,72
2587,Shelby Osborn,3.4,87,41,96,3,61
2588,Javier Davis,9.7,56,73,66,4,68
2589,William Cook,7.4,99,72,94,5,81
2590,Kristie Shaw,2.8,72,77,74,2,59
2591,Michael Randolph,7.7,62,76,88,8,75
2592,Katrina Morrison,3.1,66,92,56,2,58
2593,Craig Vance,7.1,66,80,55,9,70
2594,Ariana Fuller,6.3,87,80,63,4,70
2595,Gregory Butler,5.4,61,87,71,7,69
2596,Breanna Garcia,9.8,84,51,93,6,77
2597,Taylor Murphy,5.7,70,45,35,3,50
2598,Mary Lee,3.7,93,92,55,8,72
2599,Ms. Melissa Simpson MD,8.4,71,45,100,9,74
2600,Matthew Harris,7.3,80,56,43,5,62
2601,Whitney Perry,2.3,68,69,100,9,67
2602,Melanie Trujillo,5.1,93,43,82,3,63
2603,Samantha Horton,8.6,66,67,42,1,59
2604,Mario Lawson,8.0,74,82,65,6,74
2605,Abigail Pruitt,5.9,85,99,62,5,75
2606,Haley Alvarez,2.4,72,99,99,10,77
2607,Deborah Lee DVM,1.4,74,87,61,2,57
2608,Gary Weiss,9.9,67,90,94,8,85
2609,David Chan,3.0,52,57,91,5,56
2610,Jillian Shepherd,9.1,77,48,68,2,65
2611,Theresa Ballard,7.2,66,72,99,9,77
2612,Elizabeth Schneider,2.4,81,53,48,4,51
2613,Jillian Miller,9.7,85,54,63,9,75
2614,Sarah Miller,6.5,77,97,67,2,71
2615,Stephen Smith DDS,2.7,98,51,75,3,60
2616,Michael Green,9.1,98,94,88,1,84
2617,Jennifer Brooks,9.7,92,98,50,4,80
2618,Heidi Bennett,4.3,98,90,37,8,71
2619,David Nichols,8.4,99,74,37,1,68
2620,Lisa Mccoy,5.9,54,60,90,8,66
2621,Jordan Davis,2.8,58,83,93,6,65
2622,Taylor Johns,6.5,90,61,99,4,74
2623,Robert Bray,8.3,91,55,82,4,73
2624,Austin Coleman,6.6,95,65,77,10,78
2625,Charles Curtis,8.5,63,49,80,4,65
2626,Benjamin Stone,6.1,93,81,81,3,74
2627,Tamara Allen,4.7,58,91,94,4,69
2628,Mr. Matthew Nelson DDS,6.7,93,95,60,5,77
2629,Jeremy Sullivan,8.1,86,93,44,3,72
2630,Karen Graves,3.4,84,91,40,7,65
2631,Jamie Camacho,6.0,56,41,86,2,55
2632,Jeremy Mcfarland,8.2,66,51,69,2,61
2633,Frank Davis,2.3,60,42,90,9,57
2634,John Martinez,5.8,76,70,92,7,73
2635,Amy Hart,3.5,65,94,88,2,66
2636,Megan Scott,2.7,71,98,38,5,60
2637,Beth Franklin,5.2,56,57,93,6,63
2638,Reginald Foley,5.3,94,93,77,8,80
2639,Eugene Manning,2.5,51,71,92,3,56
2640,William Cruz,1.8,100,64,91,6,68
2641,Mark Mayo,5.1,59,88,49,6,62
2642,Nathan Meadows,3.4,50,43,87,1,48
2643,Spencer Garcia,3.2,65,43,37,10,50
2644,Anna Martinez,5.0,97,80,80,1,71
2645,Valerie Rice,2.4,55,87,77,2,57
2646,Maria Gonzalez,7.5,71,74,58,10,72
2647,Julie Peters,5.8,57,98,97,10,79
2648,Nathan Garza,2.2,74,41,58,9,53
2649,Wanda Rhodes,6.6,78,69,44,4,62
2650,Robert Martin,6.7,99,97,60,10,84
2651,Michael Duncan,1.9,57,78,39,10,55
2652,Charles Jackson,4.6,97,58,98,10,77
2653,Jennifer Butler,6.4,78,63,97,2,69
2654,Brandon Smith,4.2,73,68,67,4,61
2655,Michael Powell,2.3,56,86,67,1,54
2656,Brittany Morales,3.8,60,79,84,8,67
2657,Angela Hernandez,9.8,71,98,98,2,83
2658,Kimberly Rodriguez,5.0,67,69,67,4,61
2659,Melissa Gates,5.9,96,52,46,3,61
2660,Nicole Duncan,8.8,75,45,63,10,70
2661,Alicia Bryan,4.0,66,88,96,2,67
2662,Justin Schmitt,3.6,89,86,46,3,63
2663,John Wood,4.8,70,57,90,10,69
2664,Tiffany Lewis,2.8,91,49,91,7,65
2665,Tonya Myers,7.6,78,50,56,10,68
2666,Anthony Shepard,1.3,62,41,81,6,50
2667,Abigail Hammond,1.7,94,61,75,4,61
2668,Karen Knight,9.3,85,50,97,1,72
2669,Ryan Burgess,9.5,84,49,93,4,74
2670,Terry Zuniga,8.1,72,59,91,1,68
2671,Melissa Liu,7.6,67,95,59,3,70
2672,Christopher Woods,3.8,61,94,60,7,65
2673,Patrick Hardy,7.7,83,40,72,8,68
2674,James Dean,1.6,67,50,44,3,44
2675,Michael Nguyen,3.2,84,42,57,9,58
2676,Cassidy Myers,8.1,93,91,64,2,77
2677,Heather Morgan,6.3,71,61,40,6,59
2678,Mr. Ian Baldwin,9.6,76,56,61,8,72
2679,Brianna Jones,8.6,56,94,49,4,68
2680,Cindy Mills,6.4,100,98,83,10,88
2681,Debbie Meyers,4.3,54,43,59,6,50
2682,Renee Soto,5.9,66,82,51,3,62
2683,Seth Sanchez,9.0,76,63,89,4,74
2684,Rachel Wright,4.2,95,91,77,7,77
2685,Brenda Stevenson,4.0,63,90,62,4,62
2686,Lauren Rios,8.1,70,88,69,1,70
2687,Karen Hodge,5.2,65,42,74,3,54
2688,Calvin Schneider,2.6,53,57,68,8,54
2689,Steven Harper,7.9,90,70,80,9,80
2690,Angela Johnson,10.0,78,53,100,4,76
2691,Melissa Chambers,9.3,74,93,80,6,82
2692,Alexis Wong,3.8,97,46,93,4,65
2693,Chad Willis,3.1,80,85,35,8,62
2694,Carmen Rollins,4.1,54,41,44,2,42
2695,William Riggs,7.7,55,91,53,5,67
2696,Pamela Adams,1.2,55,82,39,7,51
2697,Darlene Brown,5.3,99,84,86,5,78
2698,Tyler Stewart,3.4,52,62,99,8,63
2699,Christopher Brewer,5.8,60,95,65,7,70
2700,Samantha Cardenas,9.7,94,49,47,4,68
2701,Steven Ewing,4.9,93,79,51,5,68
2702,Melanie Clark,1.8,73,51,78,10,60
2703,William Rosales,3.9,88,74,83,9,73
2704,Jesse Sanchez,6.3,65,83,48,6,65
2705,Scott Fuller,1.4,96,66,48,4,56
2706,Emma Simon,4.1,80,70,77,9,70
2707,Ashley Bennett,3.9,60,72,98,9,69
2708,Angela Clark,4.8,72,47,59,7,58
2709,Brenda Lee,3.7,82,79,51,5,62
2710,Rebecca Bradshaw,9.9,85,41,75,7,73
2711,Amy Davis,3.1,76,96,47,3,61
2712,Steven Wagner,1.1,68,60,86,6,57
2713,Robert Douglas,1.3,88,77,35,3,53
2714,Kathleen Kidd MD,8.0,86,93,94,6,85
2715,Gerald Salas,7.6,65,80,58,9,72
2716,Thomas Larson,2.1,100,80,73,8,71
2717,Alison Smith,3.9,90,58,62,10,67
2718,Margaret Martinez,6.6,92,94,53,7,77
2719,Dustin Munoz,3.0,74,46,79,6,57
2720,Brianna Wright,1.3,50,78,69,5,53
2721,Andrea Shaw,5.3,61,92,76,10,74
2722,David Stafford,9.0,100,61,36,5,70
2723,James White,1.4,69,70,56,3,51
2724,James Smith,1.6,94,46,88,3,58
2725,Sarah Adams,7.3,92,58,55,5,68
2726,Stephen Ferguson,6.3,70,63,92,2,66
2727,Michelle Smith,8.9,99,42,65,7,73
2728,Brenda Tate,6.6,82,53,95,5,70
2729,Jennifer Mcbride,5.5,69,50,79,6,62
2730,Haley Arnold,5.5,50,51,85,2,55
2731,Keith Gonzalez,4.9,53,92,83,2,64
2732,Robert Russell,2.3,69,79,63,3,57
2733,Melanie Marks,5.8,54,92,65,5,66
2734,Leslie Ray,6.5,62,57,87,7,67
2735,Anna Boyd,3.2,75,48,58,1,49
2736,Tammy Wagner,2.2,99,77,35,10,65
2737,Allison Gonzales,7.1,51,55,37,3,51
2738,Alan Wilkerson,6.4,80,77,84,6,74
2739,Jessica Simon,5.7,100,91,37,7,73
2740,Debbie Cruz,4.8,97,46,86,10,72
2741,Brandy Bullock MD,8.4,70,92,69,1,72
2742,Anthony Rice,1.7,89,64,95,2,62
2743,Miguel Scott,7.5,56,66,78,1,62
2744,David Fowler,6.0,50,73,69,5,61
2745,Erin Wise,5.9,51,53,83,4,58
2746,Russell Williams,4.4,53,70,41,10,57
2747,John Norris,2.6,61,49,91,5,55
2748,Joshua Rogers,4.0,53,59,54,7,53
2749,Julie Gordon,4.9,67,76,50,6,61
2750,Mindy Glenn,8.6,73,52,83,9,74
2751,Nancy Miller,9.7,89,49,64,8,74
2752,Vickie Bailey,3.6,89,44,82,4,60
2753,Jennifer Smith,8.9,90,78,81,6,82
2754,Sandra Martin,7.8,78,80,62,3,70
2755,Keith Macdonald,5.7,77,100,80,3,74
2756,Tyrone Chan,7.7,63,66,47,1,58
2757,Sandra Powell,4.9,55,43,36,7,48
2758,Joel Valencia,9.2,68,87,100,7,84
2759,Charles Chan,9.6,69,66,93,9,80
2760,David Davis,3.1,71,72,47,4,55
2761,Melissa Green,2.4,83,66,80,5,63
2762,Diana Hanson,5.5,76,66,93,1,66
2763,Ann Miller,8.4,61,50,91,3,65
2764,Jane Hardin,4.8,81,53,71,4,61
2765,April Holland,2.5,79,47,39,5,49
2766,Christopher Brown,3.6,56,87,66,10,66
2767,Matthew Wallace,1.6,96,60,81,3,61
2768,Sarah Dawson,2.3,98,41,36,7,53
2769,Peter Jimenez,6.3,89,73,77,7,75
2770,Jason Higgins,5.1,52,49,61,1,48
2771,Charles Henderson,8.5,56,62,59,7,65
2772,Christine Brooks,2.7,56,100,83,4,65
2773,Brad Cantu,7.2,98,56,61,8,73
2774,Sherry Marshall,4.3,72,86,51,2,60
2775,Stephen Brown,3.5,54,97,67,8,66
2776,Cynthia Rowe,1.1,63,52,56,10,52
2777,Jorge Miller,8.5,56,66,47,6,62
2778,Matthew Norris,7.2,89,54,99,9,78
2779,Jessica Harper,9.9,58,74,36,7,67
2780,Virginia Simon,6.6,68,82,94,9,78
2781,Tyler Beltran,7.9,74,52,64,4,64
2782,Betty Mccarthy,5.8,64,67,60,7,63
2783,Cristina Johnson,3.8,96,79,65,3,67
2784,Rose Harrison,5.8,87,43,63,2,58
2785,Michael Jackson,2.5,71,55,53,6,53
2786,Jo Wagner,6.7,81,79,51,6,69
2787,Karen Castro,4.7,85,66,81,2,65
2788,Rita Parsons,5.1,99,50,82,3,66
2789,Tammy Hester,5.4,97,83,81,1,73
2790,Megan White,6.2,81,81,88,9,79
2791,Beth Solomon,2.2,89,84,94,1,67
2792,Amanda Gonzalez,5.3,65,45,72,3,55
2793,Elizabeth Bell,9.5,74,64,36,6,66
2794,Melissa Jackson,1.5,86,89,61,2,60
2795,Rhonda Thornton,8.9,86,72,46,10,76
2796,Eddie Williams,4.5,71,41,86,4,58
2797,Heather Jones,5.2,61,85,45,9,64
2798,Michael Gutierrez DDS,2.5,79,43,76,8,58
2799,Joanna Steele,7.1,99,42,70,1,64
2800,Kevin Miller,4.9,99,52,72,7,68
2801,Sarah Martin,4.1,95,50,57,3,58
2802,Jennifer Turner,8.6,89,97,73,3,81
2803,Jose Brooks,7.9,95,40,66,1,63
2804,Dominic Miller,7.2,97,62,88,7,78
2805,Ronald Hubbard,6.0,53,98,96,9,77
2806,Dr. Gabriel Fitzgerald MD,8.0,55,48,96,10,70
2807,Dr. James Rodriguez DVM,2.9,75,86,66,1,60
2808,Anne Bowman,6.6,62,61,37,2,53
2809,Robert Bennett,2.1,88,59,40,7,55
2810,Eric Sanchez,2.4,60,53,70,1,48
2811,Michael Harrison,5.6,59,66,38,10,60
2812,Angelica Pierce,2.5,61,99,91,6,69
2813,Carolyn Leach,3.8,73,46,89,2,57
2814,Dean Rhodes,5.9,73,84,96,6,76
2815,Pamela Bryant,4.5,90,88,73,9,77
2816,Bill Morgan,3.5,80,72,91,9,72
2817,Emily Castro,4.1,70,40,44,3,47
2818,Laura Taylor,1.4,63,46,96,5,54
2819,Sierra Murphy,9.3,67,42,52,10,66
2820,Sarah Mcdaniel,6.1,68,94,93,7,78
2821,Joshua Johnson,8.2,66,85,87,3,74
2822,Mrs. Kathy Williams DDS,9.1,72,82,96,1,76
2823,Nathaniel Burns,8.2,73,98,84,1,76
2824,Danielle Olson,9.8,90,65,76,8,81
2825,Angela Patel,7.7,87,89,100,1,80
2826,Michelle Johnston,3.0,55,94,88,3,63
2827,Douglas Lee,1.3,52,42,69,1,40
2828,Mackenzie Taylor,9.5,58,45,90,10,72
2829,Jamie Valencia,7.8,81,92,64,3,74
2830,Dustin Ryan,2.4,93,66,85,2,63
2831,Michael Potter,7.6,70,70,93,4,72
2832,Austin Pace,9.4,80,51,91,1,70
2833,Angel Campbell,5.4,66,65,82,5,64
2834,Gina Wolfe,8.8,74,78,62,3,71
2835,Gary Price,1.3,70,97,44,9,62
2836,Sabrina Parker,6.0,90,61,36,4,60
2837,Amanda Montoya,2.9,70,57,93,6,62
2838,Gregory Moody,8.3,69,63,45,4,62
2839,Donald Nixon,1.8,75,66,98,6,64
2840,Maria Padilla,1.6,59,63,36,10,50
2841,Tina Harris,4.9,50,77,58,10,63
2842,Daniel Gallegos,8.8,67,78,40,5,66
2843,John Powell,8.6,74,83,47,9,74
2844,Andrea Austin,6.0,75,87,69,7,73
2845,Jordan Franklin,5.4,64,83,58,1,60
2846,Taylor Mendez,6.9,90,99,75,8,84
2847,Ryan Allen,1.2,50,96,37,8,54
2848,Susan Torres,6.9,61,100,71,3,71
2849,Robert Hall,9.9,89,76,85,1,79
2850,Corey Nguyen,2.7,58,57,87,10,61
2851,William Burns,2.2,86,75,71,9,67
2852,Shannon Patterson,4.5,88,86,52,6,68
2853,Tammy Brown,7.8,90,83,97,10,88
2854,Andrea Hanson,5.6,86,91,94,5,79
2855,Jennifer Montgomery,2.7,77,80,100,1,65
2856,Jennifer Bowen,9.5,83,45,69,5,69
2857,Dustin Fisher,5.1,69,72,52,1,56
2858,Donald Hill,1.3,83,60,43,1,47
2859,Glen Harmon,8.8,98,68,62,5,76
2860,Colleen Williams,1.5,60,85,87,6,62
2861,Anna Murray,5.5,66,53,88,8,66
2862,Alexander Lane,2.2,85,91,79,6,70
2863,Rebecca Hernandez,6.3,89,88,75,1,72
2864,Lori Sherman,3.2,85,58,79,3,60
2865,Nancy Williams,5.2,63,94,48,7,66
2866,Amber Villegas,3.5,73,55,45,1,49
2867,Steve Taylor,8.0,58,84,55,9,71
2868,Peter Payne,9.3,100,65,35,6,72
2869,Jared Jackson,2.5,69,75,67,1,55
2870,Jacob Simpson,10.0,80,59,100,10,84
2871,Rebecca Smith,9.4,51,80,48,6,67
2872,Patricia Thompson,4.8,84,50,72,2,59
2873,Shari Gutierrez,7.4,80,79,73,5,74
2874,Jeffrey Parker,5.5,77,98,56,1,66
2875,Donna Rivera,3.7,89,78,84,4,69
2876,Christopher Harrison,3.6,92,49,60,3,57
2877,Isabella Sanchez,9.3,94,60,52,4,71
2878,Keith Rodriguez,9.4,92,65,87,9,84
2879,Sylvia Hayes PhD,7.6,90,92,39,5,73
2880,Christopher Richards,5.8,89,63,69,5,68
2881,John Jones,9.7,55,65,69,4,67
2882,Joyce Shaw,4.6,87,71,43,10,67
2883,Cheryl Kelly,7.4,74,87,85,2,74
2884,Isaiah Gordon,8.7,97,77,53,3,74
2885,Taylor Peterson,2.2,53,45,90,9,55
2886,Amanda Gutierrez,3.8,70,82,80,8,69
2887,Greg Pace,5.0,90,42,70,4,61
2888,Mr. Shawn Morse PhD,5.5,65,54,73,7,62
2889,Jacqueline Hobbs,7.7,55,55,95,2,63
2890,Jennifer Marquez,1.2,52,52,98,7,55
2891,Sarah Weeks,6.5,66,77,55,10,69
2892,Elaine Reed,8.1,57,96,78,10,80
2893,Amber Meza,6.5,67,77,58,6,66
2894,Megan Sutton,3.6,66,82,66,4,61
2895,Russell Huang,8.5,62,74,98,4,74
2896,Nicholas Villa III,5.1,82,57,70,7,65
2897,Joshua Charles,2.4,55,95,79,3,61
2898,Paul Olsen,6.8,64,63,98,9,73
2899,Jeremy Barajas,6.5,60,67,79,8,68
2900,Terri Murray,1.6,73,60,86,3,56
2901,Tracey Allen,7.0,77,86,52,1,66
2902,Elizabeth Hawkins,9.2,69,90,75,3,76
2903,Larry Ruiz,6.6,72,57,92,4,67
2904,Sylvia Howell,2.2,94,71,64,7,65
2905,James Reyes,6.5,73,81,66,6,70
2906,Stacie Singleton,8.3,60,63,62,9,68
2907,Tracy Fernandez,6.5,89,98,89,3,80
2908,Allison Combs,6.5,78,74,54,1,62
2909,Nancy Michael,5.1,76,76,63,1,61
2910,Steven Riddle,2.5,59,48,36,2,40
2911,Eric Dixon,1.0,100,75,55,2,58
2912,Julia Cox,3.4,94,43,91,3,62
2913,Katherine Garcia,8.9,80,69,46,3,67
2914,Jim Mercado,5.1,75,87,96,9,78
2915,Logan Warren,4.3,90,42,41,9,58
2916,Michelle Williams,1.5,85,49,97,2,57
2917,Jennifer Franco,8.4,86,98,35,8,77
2918,Trevor Morales,3.9,98,71,88,3,70
2919,Alex Mercer,7.7,74,82,64,3,70
2920,Natalie Walker,4.8,60,87,70,7,67
2921,Diana Floyd,7.8,73,58,66,8,69
2922,Jason Wang,10.0,76,81,35,8,74
2923,Timothy Wilcox,9.6,99,84,76,6,86
2924,Katherine Scott,5.4,70,43,35,6,52
2925,Joshua Hunt,5.2,84,41,45,9,59
2926,Matthew Morrison,4.5,96,84,42,3,65
2927,Jacqueline Nixon,9.4,51,89,99,4,77
2928,Carl Johnston,2.4,62,57,42,6,48
2929,William Middleton,7.4,70,63,69,7,68
2930,Amy Liu,3.4,61,77,37,3,51
2931,Sean Myers,7.9,96,61,91,6,79
2932,Rachel Potts,4.6,71,48,66,10,62
2933,Casey Freeman,2.9,64,83,58,9,63
2934,Todd Richardson,7.5,75,84,98,3,77
2935,Melissa Nguyen,9.5,67,89,60,4,74
2936,Charles Mercado,7.6,55,81,81,5,70
2937,Brian Hinton,2.9,55,93,78,4,62
2938,Betty Carter,8.0,62,63,78,1,63
2939,Evelyn Ibarra,4.1,73,65,78,2,60
2940,Teresa Khan,6.0,59,98,89,8,77
2941,Jacqueline Nichols,4.5,74,44,50,7,55
2942,Jose Saunders,5.6,57,46,85,4,57
2943,Mary Oneill,4.5,70,73,88,1,63
2944,Charles Ortiz,7.6,65,80,90,3,72
2945,Tina Hodge,2.7,61,73,80,8,62
2946,Gregory Bennett,3.7,90,100,64,1,68
2947,Melanie Haynes,4.7,52,58,74,4,55
2948,Denise Campbell,7.7,78,58,77,2,66
2949,Joshua Gardner,2.4,50,100,42,3,53
2950,Maria Bryant,1.1,51,49,73,2,43
2951,Justin Shields,8.8,90,94,56,5,79
2952,Steven Solomon,4.1,50,47,50,9,51
2953,Austin Johnson,1.5,52,53,39,8,45
2954,Alicia Lam,5.3,58,61,48,3,52
2955,Tina Davis,8.3,68,57,38,8,63
2956,Christy Mercado,7.4,73,66,100,5,74
2957,Christine Garcia,7.9,57,41,84,2,59
2958,Kimberly Randolph,1.9,63,81,56,5,56
2959,Lawrence Barnett,4.3,77,96,98,7,78
2960,Gary Snyder,1.3,87,44,58,5,51
2961,Lindsey Ortiz,3.2,82,89,92,10,77
2962,Timothy Barron,1.2,87,82,40,8,60
2963,Katrina Martinez,3.9,87,92,80,1,69
2964,Tyler Lowery,8.4,56,61,37,7,60
2965,Luis Osborne,7.7,68,43,51,10,63
2966,Michael Smith,4.1,70,78,94,7,71
2967,Teresa Kelly,6.8,63,64,43,3,56
2968,James Briggs,8.9,63,93,61,4,73
2969,Derek Huang,4.0,74,73,98,1,65
2970,Briana Mitchell,9.7,53,81,90,5,75
2971,Brenda Scott,3.5,76,81,61,8,66
2972,Sara Davis,4.1,91,43,50,1,52
2973,Martin Nichols,1.8,67,73,63,4,55
2974,Jason Frederick,6.8,63,78,51,7,66
2975,Cynthia Willis,5.3,61,71,39,2,53
2976,David Barnes,1.3,55,57,53,10,51
2977,Emma Ferrell,6.1,67,43,51,7,56
2978,Joy Craig,1.3,93,63,54,5,57
2979,Julie Green,2.2,64,60,100,9,64
2980,Sarah Clark,7.3,90,71,97,5,79
2981,Andrea Lee,6.7,84,73,74,8,75
2982,Tiffany Myers,2.3,92,45,58,5,55
2983,Emma Nunez,8.8,62,85,88,10,81
2984,Traci Stewart,6.7,78,76,47,3,64
2985,Richard Villa,5.6,76,50,42,9,60
2986,Brent Chandler,9.3,59,58,75,7,69
2987,Angela Pineda,5.4,64,49,77,9,63
2988,April Acosta,8.6,58,91,55,10,75
2989,Barbara Adams,8.3,65,93,53,8,74
2990,Katherine Jones,9.4,82,45,95,7,76
2991,Thomas Perez,3.2,74,76,52,7,61
2992,David Shields,9.8,62,63,64,2,65
2993,Tammy James,7.2,54,89,66,5,68
2994,Dr. Meghan Hubbard DDS,5.5,100,65,46,6,67
2995,Alexis Moore,5.0,66,52,59,1,52
2996,John Jacobson,7.5,96,90,47,5,75
2997,Veronica Watkins,2.4,93,67,89,5,67
2998,Nicole Guerrero,5.7,59,97,85,3,70
2999,Jessica Higgins,8.7,63,67,35,2,58
3000,Daniel Baird,3.9,61,52,67,6,55
3001,Laura David,2.7,99,56,79,10,69
3002,William Cook,4.0,91,97,46,1,65
3003,David Morrison,9.7,72,80,39,7,72
3004,Maria Allen,1.4,94,49,45,3,50
3005,Sheryl Barnes,6.9,90,62,91,3,73
3006,Erica Bass,1.9,85,56,41,4,51
3007,Spencer Aguilar,9.8,86,72,61,2,73
3008,Thomas Cantrell,8.0,58,57,42,3,56
3009,Nichole Walker,9.9,75,44,97,2,70
3010,Samantha Trevino,6.4,96,98,42,1,70
3011,Sandra Santos,8.6,76,57,59,2,64
3012,Timothy Quinn,3.8,73,64,66,1,56
3013,Corey Rice,4.8,91,60,59,1,60
3014,Amber Lambert,2.0,55,100,76,10,67
3015,Elizabeth Mcdonald,1.1,64,72,88,10,63
3016,Harold Austin,9.7,59,76,82,6,75
3017,Brian Contreras,2.8,62,69,87,3,58
3018,Robert Chaney,8.1,92,40,38,4,60
3019,Wendy Young,2.3,51,44,67,1,42
3020,Maurice Adams,4.6,91,57,58,3,60
3021,Daniel Fisher MD,9.2,88,61,71,8,77
3022,Brian Lawrence,5.3,61,88,38,1,56
3023,Joshua Pierce,3.9,56,53,78,5,55
3024,Kristina Paul,6.7,59,92,65,4,68
3025,Mark Mcdonald,9.4,99,82,49,9,82
3026,Andrew Brown,5.8,82,75,65,9,72
3027,Luke Jones,2.1,54,63,73,7,55
3028,Steven Rivers,4.8,95,81,65,4,70
3029,David Kelley,9.8,71,50,83,8,74
3030,James Campbell,8.9,91,89,96,10,92
3031,Carol Villegas,5.6,55,62,68,6,60
3032,Joanne Anderson,7.5,98,60,69,5,73
3033,Julian Little,7.3,66,74,57,3,64
3034,Jessica Smith,5.3,66,99,56,5,68
3035,Joel Carpenter,9.3,52,90,78,7,76
3036,Glenn Adkins,6.9,80,41,100,1,65
3037,Brianna Gallagher,1.8,94,87,35,1,56
3038,Erin Guzman,6.9,56,40,65,3,53
3039,Curtis Smith,3.3,66,80,77,10,68
3040,Lisa Johnson,4.5,90,71,54,8,68
3041,Robert Booth,9.4,78,48,81,1,67
3042,Charles Turner,2.9,91,87,45,6,65
3043,Kimberly Barrett,5.9,78,58,93,6,70
3044,Alexander Davis,9.9,52,75,91,8,77
3045,Jake Thomas,2.3,80,67,90,5,64
3046,Hannah Collier,7.9,79,64,73,6,72
3047,Gregory Warren,1.2,75,54,60,5,51
3048,Amanda Park,5.1,92,77,53,7,70
3049,Ashley Davis,5.4,78,88,81,6,74
3050,Doris Mercer,6.4,62,47,74,6,60
3051,Allison Gibson,5.0,79,41,96,5,64
3052,Sean Harris,3.9,71,79,71,5,64
3053,Richard Jenkins,6.5,85,83,92,6,79
3054,James Jones,8.8,69,76,45,10,72
3055,Erik Morgan,9.4,74,63,37,4,64
3056,Joseph Rodriguez,9.0,88,59,60,5,71
3057,Alyssa Edwards,8.6,76,42,37,4,58
3058,Julie Black,2.8,62,52,79,7,56
3059,Michael Carter,8.6,70,45,97,2,67
3060,Pamela Horne,9.5,54,80,94,7,78
3061,Dana Snyder,7.9,76,72,87,10,80
3062,Jennifer Gordon,7.7,81,50,90,2,68
3063,Michelle Lawson,9.8,75,44,52,4,63
3064,Brenda Smith,7.8,58,73,61,4,64
3065,Lori Robinson,9.9,87,94,44,3,76
3066,Heather Webb DVM,7.9,51,71,80,4,66
3067,Bradley Farley,2.9,87,68,60,8,64
3068,Jason White,4.4,54,72,49,10,60
3069,Dustin Watson,5.1,100,70,38,4,64
3070,Christopher Hill,2.1,79,64,89,10,67
3071,Gerald Edwards,3.6,85,66,94,4,67
3072,Natalie Lloyd,4.1,96,82,79,5,73
3073,Jennifer Simon,9.3,76,73,50,1,66
3074,Pamela Baker,1.5,74,66,88,1,56
3075,Keith Payne,2.2,74,58,35,4,48
3076,Dustin Allen,7.7,77,60,89,1,68
3077,Kim Barnes,7.7,68,72,71,8,72
3078,Reginald Harris,8.9,83,83,73,10,83
3079,Mary Larsen,7.9,65,58,70,7,67
3080,Dakota Campbell,1.8,74,76,66,3,57
3081,Rick Ramirez,1.1,98,94,64,2,65
3082,Sarah Rodriguez,7.8,100,54,35,8,69
3083,Kimberly Mosley,4.1,70,81,90,5,68
3084,Jessica Sanchez,6.2,63,75,90,8,72
3085,Barbara Burton,9.7,72,92,37,9,76
3086,Jimmy Marquez,4.3,53,79,90,6,65
3087,Courtney Harding,2.4,94,88,56,1,62
3088,Lisa Barker,8.6,96,44,72,6,72
3089,Nancy Cox,7.1,69,67,90,6,72
3090,Amanda Johnson,1.0,58,93,94,3,61
3091,Rebecca Thomas,3.0,53,48,52,10,51
3092,Maria Harding,7.4,59,41,64,10,62
3093,Jeremy Gilmore,1.7,57,47,86,7,53
3094,Kimberly Evans,6.4,88,73,76,2,70
3095,Daniel Herrera,5.5,93,55,58,2,61
3096,Morgan Johnston,6.4,57,67,98,7,70
3097,Matthew Martinez,3.9,67,89,95,9,74
3098,Christina Lopez,4.2,63,43,94,7,60
3099,Whitney Johnson,9.6,68,79,92,9,83
3100,Kayla Rogers,5.2,90,41,51,7,60
3101,Eric Taylor,3.4,86,63,52,7,61
3102,Martha Hammond,9.3,91,88,94,2,84
3103,Katherine Cruz,4.6,58,87,90,2,65
3104,Laura Thomas,2.6,76,42,83,10,61
3105,Richard Mccarthy,2.5,79,72,76,8,65
3106,Dr. Tracy Roberts MD,2.8,69,92,84,1,63
3107,Steven Rivera,6.6,97,51,91,6,74
3108,Jessica Odonnell,3.5,64,41,89,5,56
3109,Chelsea Ramirez,2.3,80,91,41,1,56
3110,Justin Shields,2.6,90,54,53,6,57
3111,Gerald Moore,3.2,90,44,46,8,57
3112,Andrew Ware,3.2,67,75,54,9,61
3113,Nathaniel David,1.4,53,79,37,5,48
3114,Thomas Caldwell,2.0,88,70,91,7,68
3115,Heidi Nelson,1.4,58,84,70,5,57
3116,Jeffrey Larson,9.1,76,78,48,9,75
3117,Rachel Bauer,7.6,88,65,64,9,75
3118,Morgan Reyes,8.5,90,87,63,10,83
3119,Connie Contreras,6.9,99,59,86,4,74
3120,Stacey Lynch,1.9,67,52,64,2,48
3121,Michaela Jackson,1.8,90,42,71,8,58
3122,Nicholas Waller,9.2,94,60,35,3,66
3123,Christine Leon,3.7,53,59,83,5,57
3124,Alexandria Trevino,5.9,83,98,53,5,72
3125,Sean Nelson,8.9,69,99,97,3,82
3126,Daniel Garcia,8.1,78,64,51,5,66
3127,Donna Murphy DVM,2.3,78,71,71,7,63
3128,Taylor Patterson,7.6,76,42,76,8,67
3129,Stanley Chang,2.0,95,67,90,7,69
3130,Lauren Hunter,3.8,90,93,62,10,75
3131,Jeffrey Lynch,9.6,95,91,65,8,86
3132,Katherine Rodriguez,9.6,59,79,38,7,68
3133,Roberto Scott,5.4,56,46,91,2,56
3134,Mr. Brian White,8.0,71,74,82,6,74
3135,Chad Reeves,1.6,53,81,75,8,59
3136,Jose Hood,1.0,55,51,74,10,53
3137,Brenda Murphy,1.9,83,95,55,5,64
3138,Julia Powell,4.2,80,51,84,2,59
3139,Alexander Malone,7.6,64,45,59,5,59
3140,Wendy Rodriguez,3.6,84,58,79,1,59
3141,Daniel Dudley,1.2,56,80,38,10,54
3142,Larry Campos,7.5,83,77,53,10,75
3143,Jennifer Johnson,2.5,84,96,65,8,71
3144,Michael Wang,2.5,63,73,76,7,61
3145,Susan Reid,2.7,68,56,64,10,59
3146,Michelle Jones,9.3,80,57,91,9,80
3147,Lynn Smith,3.2,52,90,95,7,67
3148,Shannon Lopez,4.6,80,78,47,3,61
3149,Sheila Wiley,6.3,82,94,88,9,83
3150,Mark Hood,8.7,54,96,91,6,79
3151,Tracy Johnson,9.9,81,78,47,3,71
3152,Barbara Jones,3.9,56,73,66,5,58
3153,Jennifer Webb,2.4,87,78,98,2,67
3154,Derrick King,6.7,60,99,76,3,71
3155,Misty Estrada,2.3,91,80,61,7,66
3156,Robert Patton,2.9,60,43,88,2,51
3157,Justin Hood,1.9,66,66,64,8,57
3158,Bradley Valencia,9.3,68,95,91,9,86
3159,Rebecca Grant,7.1,50,48,81,3,57
3160,Janice Harris,8.8,69,97,87,3,79
3161,Amanda Espinoza,2.1,80,97,44,10,67
3162,David Simmons,7.0,82,72,37,5,64
3163,Lisa Cooper,7.8,84,87,43,7,73
3164,Crystal Smith,1.8,74,57,66,1,50
3165,Lisa Baker,3.1,80,40,90,6,60
3166,David Payne,8.5,62,53,71,4,63
3167,Jeremy Robertson,7.2,60,60,70,10,68
3168,Brian Fowler,2.5,64,67,73,1,53
3169,Andrew Roberts,5.8,96,64,55,1,63
3170,Henry Glover,6.9,66,77,66,6,68
3171,Dawn Day,2.9,73,55,79,3,56
3172,Aaron Ruiz,6.3,74,81,53,4,65
3173,Deborah Freeman,8.8,92,95,45,9,82
3174,Justin Hernandez,8.7,67,72,42,1,61
3175,Robert Torres,3.8,63,69,92,2,61
3176,David Davidson,7.9,64,49,86,10,71
3177,Cassandra Scott,10.0,84,63,51,4,70
3178,Dennis Johnston,4.3,71,44,80,9,62
3179,Stacy Hernandez,4.9,91,67,80,10,75
3180,Jason Holland,2.2,77,83,75,8,67
3181,Natalie Sanchez,1.6,83,97,69,4,66
3182,Pamela Merritt,6.7,54,79,53,6,63
3183,Jamie Schultz,1.5,80,74,71,3,58
3184,Michael Tucker,1.9,68,73,42,9,56
3185,Veronica Martin,7.1,82,78,44,8,71
3186,Monica Alvarado,3.5,83,100,50,3,65
3187,Michael Cordova,2.6,62,93,35,1,51
3188,Jack Gallagher,6.6,83,49,79,7,69
3189,Heather Flores,2.1,56,84,51,2,51
3190,Ricky Hamilton,8.7,74,53,94,9,76
3191,Ms. Barbara Glass,1.8,57,98,89,7,67
3192,Rachel Williams,9.2,72,88,37,8,73
3193,Sydney Chang,9.0,99,90,56,7,83
3194,Andre Robinson,5.0,55,60,96,7,64
3195,Cynthia Palmer,9.5,100,61,69,4,77
3196,Gwendolyn Smith,5.9,91,51,81,10,73
3197,Thomas Gonzalez,3.8,71,78,57,2,58
3198,Mr. Brett Johnson,7.7,61,83,69,10,75
3199,Kimberly Hopkins,9.3,91,72,66,2,74
3200,Whitney Davis DDS,4.5,56,92,40,1,55
3201,Brandy Armstrong,9.2,94,88,80,3,82
3202,Lauren Brown,4.8,52,99,74,6,68
3203,Michael Mclaughlin,6.9,63,86,45,6,66
3204,Jonathon Jones,9.9,72,79,80,4,77
3205,Mrs. Tiffany Fields,9.1,91,53,71,8,76
3206,Peter Sweeney,5.0,60,58,100,7,66
3207,Shawn Walker,7.9,93,97,77,5,83
3208,Phillip Villa,6.6,81,51,37,7,60
3209,Carol Walsh,2.2,60,90,73,1,57
3210,Dylan Harrington,2.6,68,50,73,2,51
3211,Spencer Clark,9.2,87,70,66,5,75
3212,Jerome Huber,4.1,65,61,85,7,63
3213,Maria Harper,5.6,60,96,40,10,68
3214,Miguel Adams,7.6,69,46,35,10,60
3215,Laurie David,8.4,92,78,51,8,77
3216,Samuel Hendrix,5.4,86,55,94,8,72
3217,Brenda Johnson,3.1,88,63,76,8,67
3218,Bonnie Knox,7.8,62,54,36,3,54
3219,Brandon Harris,7.8,55,43,48,7,56
3220,Maxwell Carter,8.0,52,45,84,9,66
3221,Cindy Martinez,4.4,79,42,93,5,62
3222,David Willis,4.5,75,88,57,8,69
3223,Tanya Tyler,9.9,83,72,91,2,78
3224,Mary Nelson,5.1,68,52,65,10,63
3225,Natalie George,8.6,98,52,41,8,70
3226,Mary Simon,6.7,83,75,85,10,79
3227,Shannon Johnson,6.0,55,96,84,8,74
3228,Rebecca Ward,5.7,74,57,40,2,54
3229,Tiffany Taylor,2.2,53,41,49,3,40
3230,Rebecca Colon,6.8,52,96,85,6,73
3231,Isaiah Martin,4.1,75,58,56,2,54
3232,Katherine Gutierrez,7.7,89,87,80,10,85
3233,Brittany English,6.7,80,94,50,6,72
3234,Jason Walker,5.2,83,86,67,7,73
3235,Barbara Salas,1.7,80,87,42,2,55
3236,Michelle Donovan,1.6,73,49,59,7,52
3237,Brandi Mcguire,2.2,79,84,73,4,63
3238,Mrs. Chelsea Gates,8.7,53,88,39,3,63
3239,Tammy Morris,3.6,73,66,35,1,49
3240,Richard Warner,2.7,65,90,44,9,61
3241,Richard Walters,4.5,79,61,56,3,58
3242,Laura Cox,5.3,86,72,70,7,71
3243,Linda Preston,7.2,93,93,35,7,74
3244,Renee Walker,5.8,78,89,85,1,71
3245,Brian Salinas,1.7,61,69,55,2,48
3246,Allen Wu,6.7,99,81,63,5,76
3247,Jared Parks,6.0,60,70,58,8,64
3248,Dr. Tara Diaz,8.1,99,88,75,1,78
3249,Kelly Blevins,8.9,70,67,47,1,62
3250,Charles Murphy,5.9,91,97,92,4,81
3251,Kenneth Martin,5.5,66,85,40,8,64
3252,Kaitlin Alexander,1.4,64,42,62,2,43
3253,Crystal Galloway,3.9,75,54,59,6,57
3254,Aaron Robinson,4.7,59,56,46,10,57
3255,Earl Anderson,8.1,100,97,70,2,81
3256,Laura Holden,8.7,65,77,73,9,76
3257,Jeffrey Gutierrez,9.3,66,85,77,2,73
3258,Christopher Gutierrez MD,6.8,81,69,47,7,67
3259,Mark Hicks,7.1,67,98,35,3,65
3260,Brian Walters,6.4,88,41,61,6,63
3261,Todd Mack,4.4,96,63,95,7,74
3262,Catherine Morris,9.7,53,48,49,4,58
3263,Teresa Hopkins,2.8,51,93,47,2,53
3264,Haley Williams,4.5,79,99,57,2,66
3265,Daniel Edwards,8.7,80,42,52,9,67
3266,John Marsh,3.2,75,55,71,2,55
3267,Ryan Cooper,1.4,59,98,56,9,62
3268,Michael Daugherty,6.3,79,90,63,4,71
3269,Andrew Bond,3.7,92,65,88,4,68
3270,Emily Farmer,2.1,86,69,47,9,61
3271,Brian Harrison,3.9,76,56,46,1,51
3272,Steven Morrison,7.9,75,97,46,2,70
3273,Sean Grant,6.3,57,50,52,9,58
3274,Rebecca Hall,5.5,70,63,87,8,69
3275,John Crane,6.8,61,70,77,4,65
3276,Cindy Barton,2.7,83,65,72,3,59
3277,Mary Perez,7.5,51,66,87,10,71
3278,Tony Gomez,6.5,54,73,56,1,56
3279,Erin Byrd,6.3,80,87,86,6,77
3280,Brian Hernandez,8.7,75,49,37,2,57
3281,Paul Salas,5.9,87,87,76,4,74
3282,Lawrence Johnson,4.0,57,55,66,2,51
3283,Carrie Williams,8.0,93,91,52,3,75
3284,George Tran,1.8,69,87,59,8,62
3285,Heather Walton,2.0,78,79,48,9,61
3286,Christian Brown,1.7,67,41,55,10,51
3287,Tristan Reid,2.2,56,46,87,7,54
3288,Richard Morales,5.1,64,41,97,8,63
3289,Tammie Parker,7.1,86,48,94,5,71
3290,Leslie Nelson,9.6,69,90,53,9,78
3291,Michael Parker,2.7,69,75,47,9,59
3292,Larry Ramos,2.9,74,82,84,3,64
3293,Jimmy Blankenship,6.5,60,46,85,9,65
3294,Kayla King,5.2,99,73,92,4,75
3295,Teresa Barnes,4.7,87,75,97,8,77
3296,David Rose,5.4,98,68,97,10,81
3297,Richard Reilly,9.6,82,54,57,8,72
3298,Aaron Taylor,1.2,61,88,94,3,61
3299,John Medina,1.4,71,45,64,4,48
3300,Sean Vaughn,8.2,87,94,51,4,75
3301,Charles Booth,8.4,50,93,96,3,74
3302,Shannon Ramirez,6.3,97,73,44,8,71
3303,Amanda Torres,8.9,58,88,60,10,76
3304,Scott Bailey,5.7,94,95,53,5,74
3305,Mark Smith,4.2,90,62,77,1,62
3306,Douglas Garza,1.1,54,49,45,3,39
3307,Mathew Mcknight,5.2,61,88,64,9,69
3308,Karen Davis,7.3,54,83,81,9,74
3309,Jacqueline Becker,6.0,76,99,77,5,76
3310,David Walters,4.9,80,89,37,4,63
3311,Angel Coleman,8.1,91,77,63,9,79
3312,Kristen Butler,4.4,69,89,63,10,70
3313,James Kidd,7.1,73,93,98,8,83
3314,Kimberly Murphy,8.7,88,88,72,7,82
3315,Kimberly Bowen,1.3,66,81,79,6,61
3316,Monique Young,4.5,77,88,67,8,71
3317,Rachel Ross,6.6,82,78,81,5,74
3318,Sherry Hernandez,7.1,52,49,95,5,63
3319,Angela Horton,3.9,52,54,97,2,55
3320,Jared Valencia,6.5,62,79,39,6,62
3321,Angela Glover,2.8,61,57,80,4,55
3322,Deanna Miller,3.5,84,53,60,4,57
3323,Roy Nunez,2.1,81,66,82,5,62
3324,Crystal Jones,1.4,96,73,37,1,53
3325,Kelly Joseph,1.7,63,77,45,9,56
3326,Frank Torres,9.9,100,94,44,5,82
3327,Courtney Cunningham,8.4,61,97,43,4,68
3328,Michael Dunn,6.3,83,84,64,7,74
3329,Tyler Thomas,4.9,91,74,98,3,73
3330,Sarah Serrano,4.2,58,95,94,8,73
3331,Tyler Stewart,3.4,60,78,63,1,54
3332,Samuel Garcia,5.4,92,54,42,9,64
3333,Steven Turner,4.2,60,92,39,4,58
3334,Daniel Lowe,8.4,59,68,91,10,76
3335,Wendy Duke,7.9,56,97,73,2,70
3336,Sarah Murphy,6.9,62,69,82,3,65
3337,Randy Walters,8.1,100,71,36,10,76
3338,Angela Henderson,6.4,54,95,44,4,62
3339,Crystal Lynch,4.1,69,91,57,1,60
3340,Toni Blackwell,2.9,96,99,56,1,66
3341,Judy Jackson,8.1,53,100,74,7,76
3342,Maria Curtis,8.0,79,99,57,2,73
3343,Erika Gross,6.8,60,90,98,6,76
3344,Douglas Lane,4.2,81,63,73,2,61
3345,John Perez,9.0,65,98,74,9,82
3346,Jessica Davis,9.9,86,70,95,7,84
3347,Jacqueline Thompson,2.8,93,82,83,6,71
3348,Mark Pacheco,2.6,54,44,86,4,50
3349,Ashley Alvarado,1.6,99,43,36,2,47
3350,Paul Taylor,5.9,64,45,92,8,65
3351,Christie Acosta,7.5,99,94,90,10,91
3352,Sonia Walker,1.2,83,79,57,8,62
3353,Peter Evans,1.4,100,91,45,7,66
3354,David Webster,9.8,90,71,60,7,78
3355,Michael Wright,2.9,77,45,48,8,53
3356,Stephen Solis,4.0,98,56,54,7,64
3357,David Cooper,8.7,78,61,76,4,71
3358,Mackenzie Johnson,6.3,76,85,61,10,75
3359,Sarah Thomas,4.1,90,81,38,5,63
3360,Albert Scott,6.2,81,47,96,7,70
3361,Hunter Jones,2.2,56,61,84,10,60
3362,Dylan Davenport,3.1,75,46,43,1,46
3363,Ashley Harper,9.2,70,68,71,9,76
3364,William Thornton,7.5,97,63,40,5,68
3365,Jessica Castillo,4.5,69,49,77,7,60
3366,Michael Jordan,8.9,53,85,86,8,77
3367,Isabella King,7.4,51,70,84,8,69
3368,Nicholas Thomas,3.9,77,46,81,5,59
3369,Dean Williams,6.8,72,85,98,6,78
3370,Dennis Mooney,6.9,79,72,77,4,70
3371,Christopher Thomas,7.2,79,75,42,6,67
3372,William Higgins,5.0,86,95,49,10,75
3373,Melissa Smith,3.8,59,49,97,5,59
3374,John Wilson,6.7,87,46,97,9,75
3375,Jason Hogan,1.2,66,99,41,6,57
3376,Jeffery Cox,5.4,54,86,53,1,57
3377,Douglas Elliott,3.8,54,62,44,2,47
3378,Christine Scott,2.2,94,53,78,9,65
3379,Susan Manning,2.9,67,83,47,3,55
3380,Kimberly Logan,8.5,98,48,82,1,70
3381,Earl Wright,9.0,64,45,82,2,63
3382,Charles Day,3.5,98,67,78,9,72
3383,Tiffany Hansen,5.5,64,46,43,8,55
3384,Kim Chang,9.3,90,80,96,1,81
3385,Rita Ruiz,9.5,81,59,92,6,78
3386,Charles Randall,8.2,67,66,50,4,63
3387,Rachel Jordan,9.6,72,60,50,4,66
3388,Curtis Carson,2.3,98,51,55,6,58
3389,Christopher Santos,9.3,73,48,52,2,61
3390,Mr. Spencer White,3.4,50,47,44,9,48
3391,Victor Villarreal,6.3,72,55,53,2,56
3392,Riley Castillo,4.5,54,84,93,4,66
3393,Sarah Nash MD,9.8,57,55,67,8,69
3394,Anna Miller,6.5,92,86,57,6,74
3395,Phillip Melendez,2.2,53,65,38,5,46
3396,Ricky Reed,8.8,76,49,97,5,73
3397,Deborah Davis,5.3,86,97,48,3,68
3398,Angela Whitaker,3.5,52,55,57,9,54
3399,William Ramirez PhD,9.2,59,52,93,8,72
3400,Mr. David Klein PhD,2.3,99,42,83,4,60
3401,Renee Peterson MD,6.7,74,81,95,8,79
3402,Micheal Campbell,5.6,99,90,77,3,76
3403,Linda White,4.8,98,80,67,8,75
3404,Sarah Ruiz,6.5,67,87,61,5,68
3405,James Gregory,5.9,63,67,93,1,63
3406,Jennifer Murphy,1.3,81,90,40,1,54
3407,Kathy Watson,6.4,95,90,95,3,81
3408,Tiffany George,4.5,54,60,77,6,58
3409,Timothy Mills,9.5,95,71,88,2,80
3410,Linda Simpson,9.6,55,80,90,4,74
3411,Kimberly Snyder,9.9,75,61,92,3,75
3412,Eric Gallagher,9.0,100,81,73,9,86
3413,Jacob Lane,5.9,59,96,96,4,73
3414,Laura Alvarez,1.7,84,41,90,3,55
3415,Marc Norton,3.4,76,95,45,1,59
3416,Mary Simon,8.2,65,88,90,1,73
3417,Mr. Jesse Holmes,4.4,78,65,81,1,61
3418,Carol Frye,3.1,86,72,100,7,72
3419,Richard Scott,7.5,58,41,50,2,51
3420,Sherry Hernandez,6.7,61,54,68,8,63
3421,Manuel Smith,4.1,89,89,85,10,79
3422,Gregory Kerr,2.6,70,41,87,6,56
3423,Kathleen Snyder,6.8,57,65,77,1,60
3424,Kimberly Morgan,6.7,73,41,98,1,62
3425,Robert Luna,6.5,93,41,85,7,70
3426,Matthew Stein,5.7,80,54,75,9,68
3427,Tiffany Johnson,4.4,87,87,38,8,67
3428,Jasmin Richard,9.7,99,49,84,6,79
3429,Richard Hansen,1.7,59,70,93,3,57
3430,Mrs. Susan Benson,9.1,50,59,47,2,56
3431,Douglas Edwards,8.9,59,84,72,5,72
3432,Michele Thompson,1.1,88,80,35,3,54
3433,Mary Simmons,4.0,88,64,98,10,75
3434,Marcus Stevenson,8.9,95,70,98,4,82
3435,Russell Johnson,5.2,59,74,98,9,72
3436,Richard Hill,7.0,81,77,54,3,67
3437,Jason Moran,6.2,73,70,84,10,74
3438,David Cruz,4.0,60,79,50,2,54
3439,Julie Thomas,4.0,83,55,89,9,69
3440,Andrea Parker,8.0,82,78,66,5,74
3441,Todd Hall,3.7,81,67,61,3,59
3442,Christopher James,6.7,78,52,55,6,62
3443,Nicole Perez,5.9,93,77,57,10,75
3444,Michelle Collins,9.6,51,90,78,7,77
3445,Travis Allen,5.7,97,99,35,10,77
3446,Barbara Flowers,6.5,94,90,93,3,80
3447,Scott Lambert,5.7,56,55,75,10,64
3448,Christina Richard,3.0,99,81,36,1,59
3449,Barbara Baker,2.4,85,78,45,8,62
3450,Shawn Henderson,3.7,63,99,87,8,73
3451,Fernando Miller,6.2,82,85,47,5,68
3452,Kenneth Mcbride,8.1,50,61,53,9,63
3453,Julie Murillo,4.4,52,72,84,4,60
3454,Vincent Graham,6.9,66,95,48,4,67
3455,William Miller,2.3,86,76,72,1,60
3456,Jeff Murray,4.3,83,55,95,3,65
3457,Danielle Ruiz,7.2,93,73,100,2,77
3458,Brian Hughes,8.1,75,91,94,3,79
3459,William Vance,9.8,92,78,85,1,80
3460,Kyle Farrell,7.6,81,98,72,10,84
3461,Christine West,7.6,64,43,76,8,65
3462,Brian Clark,8.2,90,48,60,1,63
3463,Stacy Gentry,2.7,61,74,50,2,51
3464,Caroline Smith,7.1,68,100,94,10,85
3465,Elizabeth Garcia MD,3.7,99,64,91,4,70
3466,Summer Robles,6.9,84,71,76,9,76
3467,Nicholas Yang,3.6,75,68,65,2,57
3468,Joseph Mcgee,8.9,56,48,82,7,67
3469,Erika Rich,4.5,94,55,40,4,58
3470,Joe Lee,3.7,68,54,69,8,59
3471,Michael Reed,3.3,50,89,68,9,63
3472,Sara Maldonado,7.2,75,48,50,8,63
3473,Sarah Martinez,5.5,89,44,41,7,59
3474,Mikayla Jordan,1.9,88,100,91,8,77
3475,Christine Matthews,7.8,81,43,39,9,63
3476,James Sims,9.9,60,80,35,8,69
3477,Megan Best,3.5,85,99,76,6,74
3478,Rebecca Valenzuela,5.7,77,68,85,8,72
3479,Joshua Reyes,4.0,59,77,82,10,68
3480,Kathleen Martinez,5.9,94,100,37,2,69
3481,Mitchell Craig,6.2,75,66,88,10,75
3482,Mary Lawson,3.9,91,75,55,8,68
3483,Sandra Rodriguez,6.7,87,97,41,8,75
3484,Johnny Jennings,6.7,90,66,94,8,79
3485,Jonathan Todd,8.8,94,70,67,7,79
3486,Michael Rasmussen,4.7,72,54,100,10,70
3487,Lori Brown,9.6,57,82,52,6,70
3488,Mark Barber,5.0,74,93,99,4,75
3489,Cheyenne Reed,6.7,56,74,62,1,59
3490,Amanda Griffith,7.9,64,52,49,5,59
3491,Diana Morales,1.3,98,40,90,10,65
3492,James Esparza,1.1,94,66,50,8,60
3493,David Lester,8.4,62,99,49,1,67
3494,Stephanie Austin,5.3,54,57,67,3,54
3495,Ann Hampton,3.2,71,49,99,2,58
3496,Mary Garrison,6.4,100,52,40,10,68
3497,Mark Burke,4.6,60,57,96,10,67
3498,Nicole Duke,4.0,59,97,48,10,66
3499,Nathan Gregory,3.7,51,66,47,1,47
3500,Robert Anderson,9.8,93,82,63,4,79
3501,Linda Collins,3.3,77,79,61,10,67
3502,Jimmy Riley,7.9,57,99,54,8,73
3503,Donald Murphy,9.8,50,47,71,6,64
3504,Jesus Webb,3.4,54,73,39,6,52
3505,Keith Burton,8.8,62,68,45,7,66
3506,Dean Pratt,5.6,100,72,36,7,68
3507,Julie Jackson,2.1,84,57,96,7,65
3508,Scott Cook,8.3,57,76,68,9,72
3509,Trevor Price,5.3,66,69,52,8,62
3510,Tony Estrada,3.8,84,72,65,1,60
3511,Cheryl Williams,9.4,78,41,57,1,60
3512,Patrick Smith,2.4,98,59,84,2,62
3513,Joshua Ramirez,7.2,78,79,93,6,78
3514,Desiree Fuentes,1.5,86,55,98,1,58
3515,Joshua Richards,4.5,91,81,69,10,75
3516,Christy Ford,7.2,87,52,96,3,71
3517,Susan Payne,3.7,61,70,53,6,56
3518,Joshua Brown,8.8,65,86,36,9,71
3519,Sharon Macias,5.5,62,98,58,7,69
3520,Jennifer Robinson,8.2,90,56,80,3,71
3521,Matthew Caldwell,9.5,62,44,71,3,62
3522,Debbie Morris,5.2,67,91,83,4,70
3523,Judith Cantu,6.4,71,77,65,3,65
3524,Cody Castillo,10.0,57,55,68,1,62
3525,Andrew Boyle,5.6,93,57,83,8,73
3526,Raymond Craig,2.7,87,75,87,7,70
3527,Kelly Wu,5.6,77,86,47,1,62
3528,Kelly Jenkins,8.5,97,44,72,7,73
3529,Christopher Jones,3.9,56,62,46,7,53
3530,Christine Young,3.6,78,87,98,2,70
3531,Jennifer Anderson,2.3,51,40,82,7,50
3532,Sherry Chavez,4.1,66,55,52,6,54
3533,Natasha Tucker,3.5,58,93,72,3,62
3534,Mary Mata,6.5,82,65,67,1,64
3535,Haley Jones,4.5,86,64,60,1,59
3536,Logan Jones,9.1,83,53,35,4,63
3537,Paula Li,1.8,63,79,99,7,65
3538,Joseph Bell,1.9,67,81,85,2,59
3539,Andrea Bullock,2.2,70,61,73,10,61
3540,Melissa Bailey,3.4,59,63,90,6,61
3541,John Marsh,5.5,98,81,65,3,71
3542,Stacey Deleon,1.9,88,87,45,6,62
3543,Rachel Clayton,7.6,85,89,99,5,83
3544,Derrick Thompson,5.6,76,40,65,2,55
3545,Thomas Richardson,8.8,78,98,46,3,73
3546,Christina Miller,4.2,81,49,55,4,55
3547,Kathy Lyons,4.0,90,68,37,7,61
3548,Jennifer Garcia,5.9,97,43,44,7,62
3549,Ashley Wood,3.1,90,77,42,3,59
3550,Jennifer Thompson,5.3,79,72,92,10,76
3551,Nathaniel Collins,4.4,94,97,53,1,68
3552,Tara Johnson,7.6,93,61,80,3,72
3553,Benjamin Gibson,9.8,59,89,82,3,76
3554,Jeremy Salazar,6.7,100,97,70,8,84
3555,Katelyn Davila,7.1,94,81,70,5,76
3556,Susan Barrett,9.9,50,76,37,2,60
3557,Crystal Carrillo,4.5,75,56,55,3,55
3558,Gabriela Lloyd,2.0,92,83,69,7,68
3559,Todd Dennis,5.4,79,84,87,4,72
3560,Jocelyn Alvarez,8.4,81,87,72,9,82
3561,George Smith,6.8,100,59,96,3,75
3562,Joshua Ramos,5.5,51,41,66,4,51
3563,Dawn Molina,6.1,99,61,39,1,61
3564,Melissa Parks,3.8,71,47,47,8,54
3565,Jeremiah Burgess,3.9,74,49,61,7,57
3566,Karla Sims,9.0,82,98,65,10,86
3567,Susan Osborn,3.4,51,84,79,7,63
3568,Terri Nixon,2.1,80,85,71,6,65
3569,David Lewis,4.6,72,94,92,2,71
3570,Wanda Morris,4.5,65,68,56,4,57
3571,Courtney Watson MD,9.9,64,95,78,2,77
3572,Kimberly Soto,10.0,96,71,56,9,81
3573,Elizabeth Miller MD,7.4,77,56,50,9,67
3574,Grant Wright,1.4,68,52,44,5,46
3575,Christopher Watts,7.5,69,81,75,4,71
3576,Charles Mata,1.8,100,81,54,7,66
3577,Albert Scott,5.0,96,89,68,6,75
3578,William Allen,2.9,58,90,94,1,62
3579,Laura Cole,8.7,68,70,37,10,69
3580,Colleen Barron,5.5,87,50,88,4,66
3581,Angela Miles,2.7,50,84,68,1,53
3582,Erik Barrett,2.1,64,100,70,8,67
3583,Lisa Trujillo,7.9,61,53,49,4,58
3584,Stacey Dillon,4.2,77,78,90,2,67
3585,Kevin Smith,1.1,54,89,92,10,66
3586,Jeffrey Mccullough,4.6,59,85,40,2,55
3587,Lindsey Byrd,9.6,60,72,97,6,77
3588,Courtney Davis,6.2,99,68,78,10,79
3589,Margaret Small MD,2.1,84,80,92,6,69
3590,Guy Adams,1.3,66,87,44,8,57
3591,Justin Campbell,5.6,54,90,63,3,62
3592,Richard Nelson,8.1,64,97,42,4,68
3593,Michael Clayton,4.3,98,97,46,3,69
3594,Joshua Patterson,3.5,86,55,66,8,63
3595,Eric Warren,2.7,84,95,98,1,70
3596,Mr. James Jones,3.2,75,70,94,3,64
3597,Megan Jones,1.2,98,42,44,2,48
3598,Catherine Bond,7.3,97,61,52,8,72
3599,Donald Matthews,2.8,66,49,49,9,53
3600,Lisa Malone,9.6,87,70,38,8,74
3601,Leonard Jordan,8.9,51,69,74,5,67
3602,David Davis,5.1,71,85,60,8,69
3603,Justin Peterson,4.8,81,50,81,4,62
3604,Chad Reese,5.2,85,42,36,1,50
3605,Jennifer Smith,6.4,51,45,67,10,60
3606,Joel Ellis,8.2,61,96,43,8,72
3607,Joshua Roy,4.9,74,95,50,5,67
3608,Stacey Bennett,7.5,87,53,52,2,62
3609,Anthony Johnson,2.7,55,42,73,7,51
3610,Katherine Andrews,6.4,89,62,40,9,67
3611,Kimberly Howard,2.9,66,76,38,7,55
3612,Donna Nelson,5.7,55,92,92,4,70
3613,John Johnson,6.6,75,94,51,2,67
3614,Kenneth Jones,7.9,95,54,68,2,68
3615,Vanessa Blair,1.8,51,84,89,1,56
3616,Katherine Jackson,10.0,52,78,68,10,76
3617,Randall Lee,4.3,62,42,40,4,46
3618,Jamie Mcgee,9.5,86,61,99,4,79
3619,Julie Flores,9.6,53,97,70,1,71
3620,Alan Mcdaniel,8.0,83,59,83,6,74
3621,Matthew Gonzalez,9.3,87,42,68,1,65
3622,Mr. Marcus Russell,5.6,88,73,56,4,66
3623,Michael Johnson,1.8,82,44,99,5,59
3624,Kristina Chandler,3.9,63,78,91,2,63
3625,Christy Sims,1.1,87,87,96,7,71
3626,Andrea Mcneil,9.4,96,62,87,6,81
3627,Elizabeth Cook,2.4,79,93,51,7,65
3628,Stacy Conrad,8.7,52,84,98,7,78
3629,Elizabeth Jones,4.7,93,40,35,9,58
3630,Debbie Peters,5.8,78,90,51,4,67
3631,Nancy Lowery,5.2,51,76,72,9,65
3632,Donna Peterson,6.4,86,90,92,4,79
3633,Ashley Garcia,5.7,80,63,35,3,57
3634,Mr. John Gibson,6.6,77,85,84,7,77
3635,Vincent Brown,4.0,70,80,89,2,65
3636,William Walker,3.5,56,96,96,5,69
3637,Garrett Smith,3.8,79,78,36,5,59
3638,Monica Hughes,8.4,84,80,93,3,79
3639,Jeanne Horne,6.7,65,78,49,6,64
3640,Laura Randolph,5.5,61,60,86,2,60
3641,Debra Erickson,6.0,85,82,68,4,71
3642,Brian Thomas,7.8,60,91,89,8,79
3643,Shawn Walker,8.1,81,44,67,3,63
3644,Steven Nelson,5.5,98,51,97,5,72
3645,Michael Smith,7.6,75,84,66,5,73
3646,Ryan Morse,2.9,76,46,47,7,52
3647,Nathan Wright,7.3,57,73,67,8,68
3648,Jennifer Walter,2.3,100,40,74,4,58
3649,John Ruiz,6.0,59,45,89,10,65
3650,Duane Wagner,4.4,58,98,41,5,61
3651,Ralph Marks,4.5,90,88,35,3,63
3652,Norma Perry,6.7,73,81,97,1,72
3653,Vernon Liu,2.1,93,83,97,8,75
3654,Mrs. Michelle Allen,4.6,63,92,38,2,57
3655,Katherine Zhang,1.2,96,86,86,7,72
3656,Crystal Wright,6.3,100,83,99,7,85
3657,Kim Ponce,7.6,64,59,56,7,64
3658,Brent Hensley,6.1,73,51,85,2,62
3659,Julie Harrison,7.2,85,59,39,3,61
3660,Raymond Orr,1.5,84,83,35,6,57
3661,Christopher Salinas,6.8,64,96,68,6,73
3662,Leah Walker,1.1,96,45,67,3,53
3663,Mark Herman,5.5,61,46,58,1,50
3664,Matthew Morales,6.2,84,59,57,10,69
3665,Gregory Stanley,4.0,92,87,47,9,71
3666,George Peterson,2.5,88,50,53,1,51
3667,Russell Ortiz,8.9,76,61,38,6,65
3668,Karen Ray,6.4,53,97,70,8,72
3669,Michael Lee,8.8,64,69,40,6,64
3670,Katherine Patterson,7.5,75,71,82,4,71
3671,Sarah Reid,3.8,79,72,65,2,60
3672,Allison Bishop,9.3,82,66,83,5,77
3673,Kathleen Nelson,7.0,70,48,81,10,69
3674,Ashley Graham,4.0,50,77,94,7,65
3675,Amanda Malone,8.5,84,52,61,2,65
3676,Stephen Williams,3.4,100,94,93,7,80
3677,Timothy Walton,5.7,87,70,87,5,73
3678,Michelle Butler,2.4,62,95,59,1,56
3679,Meredith Murphy,1.9,99,61,71,10,68
3680,William Matthews,7.4,52,92,85,4,71
3681,Matthew Ritter,2.8,94,44,48,6,55
3682,Jamie Jones,4.4,55,84,59,8,63
3683,Joshua Curtis,1.8,97,67,90,6,68
3684,Justin Maldonado,2.5,81,51,79,2,55
3685,Mrs. Amanda Page,4.6,64,87,91,7,72
3686,Tyler Gonzalez,4.5,86,91,56,3,67
3687,Jeremy Rowland,4.1,81,59,82,9,68
3688,Bradley Carlson,9.1,92,43,80,9,76
3689,James Mitchell,2.8,83,100,39,2,61
3690,William Skinner,1.2,64,94,90,8,67
3691,Walter Diaz,7.7,56,92,72,10,76
3692,Scott Hancock,4.4,51,86,91,8,69
3693,Renee Schmidt,1.3,91,80,97,2,66
3694,Lisa Caldwell,2.8,54,75,91,7,63
3695,Steven Gonzalez,2.5,79,62,68,5,58
3696,Justin Wright,4.3,67,44,53,8,54
3697,Dr. Kelly Nguyen,5.2,50,97,91,9,74
3698,Johnny Fields,8.5,67,57,58,9,68
3699,Cody Garner,7.8,69,63,93,8,75
3700,Felicia Flores,6.6,72,94,75,5,74
3701,Mary May,2.0,63,76,82,2,57
3702,Martin Taylor,2.1,84,48,51,10,57
3703,Teresa Oneal,4.2,96,92,69,1,70
3704,John Rodriguez,9.0,70,62,84,1,68
3705,Dominique Johnson,1.6,66,67,89,10,64
3706,Christopher Bell,2.6,71,76,58,5,58
3707,Amber Walsh,4.4,73,69,79,2,62
3708,Jason Day,4.7,79,62,50,4,58
3709,Sharon Burnett,7.7,92,73,41,3,67
3710,Heidi Stone,8.5,61,60,36,6,60
3711,Rodney Hayes,3.7,98,91,69,1,69
3712,Dr. Amber Cooper,4.3,89,72,58,2,62
3713,Kevin Clark,4.9,62,86,86,7,71
3714,Henry Hardy,8.7,73,80,49,10,75
3715,Lisa Hawkins,7.2,58,87,71,6,70
3716,Rebecca Farrell,9.4,75,69,84,6,77
3717,James Smith,5.1,89,87,45,8,71
3718,Joanna Hooper,5.9,100,84,100,10,87
3719,Michael Wilson,6.4,87,97,62,3,74
3720,Marie Medina,1.5,88,99,80,7,72
3721,Laura Williams,3.8,80,64,41,8,59
3722,Kevin Boyd,6.8,58,40,66,4,55
3723,Andrew Cruz,5.2,83,40,55,3,55
3724,Dr. Crystal Archer,1.8,77,60,40,5,50
3725,Jordan Ward,1.7,71,72,61,7,58
3726,Debra Johnson,3.2,53,88,87,4,63
3727,Joseph Bartlett,5.0,56,83,41,1,53
3728,Kimberly Love,3.5,91,55,50,9,62
3729,Zachary Mata,8.7,64,51,47,5,60
3730,Samantha Abbott,9.0,82,54,48,7,68
3731,Kara Steele,1.3,92,75,74,5,64
3732,Daniel Hall,3.9,55,59,95,8,63
3733,Linda Christensen,6.3,82,43,82,7,67
3734,Kenneth Shepherd,1.3,58,63,68,10,56
3735,Benjamin Collins,4.8,79,79,81,1,66
3736,William Robinson,9.1,87,80,59,9,80
3737,Alyssa Scott,5.0,53,99,96,2,69
3738,Robin Rios,2.4,95,62,40,4,56
3739,Lori Torres,3.6,70,99,95,2,70
3740,Justin Sanchez,4.5,65,43,77,6,57
3741,Beth Tucker,3.0,53,79,35,9,55
3742,Jennifer Bell,9.6,61,42,81,2,63
3743,Jeremy Roberts,7.0,93,63,50,7,70
3744,Ashley Miller,7.5,83,93,55,4,74
3745,Stacie Ho,2.2,98,40,76,8,62
3746,Nina Sellers,5.3,82,40,43,6,55
3747,Austin Mercer,2.9,86,68,84,4,65
3748,Victor Garrison,4.3,53,48,46,7,50
3749,Corey Peters,1.8,79,69,59,8,60
3750,Johnny Ochoa,9.6,89,61,36,2,65
3751,Madeline Vasquez,3.6,69,73,58,6,60
3752,Nancy Haynes,9.0,72,41,39,6,60
3753,Paige Ray,2.5,91,47,39,3,50
3754,Kathleen Thomas,9.5,98,95,51,4,81
3755,Sean Fields,2.7,73,89,100,9,74
3756,Alexander Young,7.6,97,79,49,9,78
3757,William Jones,4.5,92,41,69,5,61
3758,Dawn Dunn,2.3,61,68,88,9,63
3759,Kyle Mcdonald,8.9,86,64,92,5,78
3760,Austin Hernandez,4.6,54,69,71,9,63
3761,Erin Hayes,7.6,72,66,87,3,70
3762,Meagan Jones,2.6,87,88,46,1,59
3763,Maurice Rogers,2.9,86,93,89,9,77
3764,Michael King,4.9,71,71,77,9,69
3765,Taylor Roman,7.8,98,97,69,10,88
3766,Connie Cohen,7.1,75,70,57,9,70
3767,Misty Yates,4.1,58,93,95,8,72
3768,Maria Harrison,3.8,54,74,58,5,56
3769,Paul Nunez,6.3,60,90,55,2,63
3770,Gregory Ramirez,4.0,79,59,66,10,65
3771,Toni Lucas,4.3,96,45,96,6,69
3772,Joseph Perkins,1.7,98,54,95,1,61
3773,Kyle Meyer,2.0,83,93,84,6,70
3774,Justin King,2.5,67,54,100,4,59
3775,William Edwards,6.4,65,52,75,9,66
3776,Mr. William Cox,6.3,55,78,65,6,64
3777,Kathleen Figueroa,6.3,60,100,93,7,78
3778,April Olson,4.8,75,99,46,1,63
3779,Joanna Goodman,5.5,94,51,76,2,64
3780,Keith Collins,7.1,81,71,87,4,73
3781,Rebecca Todd,3.5,53,45,70,4,49
3782,James Donaldson,7.1,99,74,80,5,78
3783,David Smith,8.6,59,45,60,2,57
3784,Mr. Christian Sanders,4.7,85,40,95,10,69
3785,Nicole Taylor,4.7,60,60,54,4,54
3786,James Bass,1.0,69,96,61,8,63
3787,Amanda Anthony,5.7,73,76,46,1,58
3788,Joseph Nunez,3.8,88,88,71,9,74
3789,Chelsea Baker,2.9,71,85,89,1,63
3790,Thomas Tucker,1.7,82,53,62,3,52
3791,Jose Jones,5.8,97,84,66,6,76
3792,Kevin Salazar,3.4,80,75,55,6,62
3793,Nicole Hart,3.0,53,100,67,9,66
3794,Joan White,9.6,77,68,35,10,72
3795,Clifford Clark,5.8,90,56,62,8,68
3796,Andrew Taylor,3.3,74,86,73,9,70
3797,Dawn Merritt,9.5,56,59,63,1,61
3798,Dylan Moore,5.4,85,41,96,9,70
3799,Grace Johnson,1.9,58,71,89,9,62
3800,Jamie Smith,8.6,99,72,59,10,81
3801,Wayne Lewis,5.2,77,100,76,8,77
3802,Nicholas Jones,2.3,63,68,50,7,54
3803,Matthew Wilson,8.4,56,87,76,3,70
3804,Felicia Anderson,8.6,96,70,52,3,72
3805,Charlene Porter,9.8,72,97,83,8,86
3806,Billy Rosales,5.0,55,46,59,6,53
3807,Sherry Anderson,9.3,100,65,87,1,78
3808,Derrick Jenkins,1.4,59,56,76,9,55
3809,John Scott,5.2,80,83,68,9,73
3810,Cassidy Phillips,10.0,68,98,45,10,80
3811,Scott Cobb,4.7,83,52,95,3,65
3812,Alejandro Mendoza,8.9,70,80,35,4,66
3813,Molly Perez,7.9,57,83,84,4,71
3814,Matthew Lee,2.7,77,54,52,7,55
3815,Monica Hansen,6.8,80,80,53,6,70
3816,William Brown,2.5,98,57,76,3,61
3817,Thomas Bradshaw,9.7,83,66,88,10,84
3818,Kristin Russell,8.3,58,53,82,5,65
3819,Angel Henderson,8.0,84,47,78,7,71
3820,Deborah Frank,8.5,73,100,36,2,69
3821,Melanie Lawrence,1.4,67,51,69,7,53
3822,Renee Travis,5.6,55,100,38,3,60
3823,Dr. Frederick Terry MD,4.6,93,43,47,2,54
3824,Bonnie Edwards,8.3,99,83,84,10,88
3825,Elizabeth Young,7.8,94,64,63,4,71
3826,Tanya Macdonald,2.5,97,93,73,8,75
3827,Patrick Horn,7.4,58,46,72,10,65
3828,Derek Dean,2.9,97,86,38,7,66
3829,Sarah Young,8.5,86,47,89,10,78
3830,Candice Gomez,1.0,74,76,98,8,67
3831,Christina Smith,6.8,93,50,91,1,68
3832,Kevin Blair,9.6,100,72,64,4,79
3833,Timothy James,1.1,58,47,76,4,47
3834,Traci Green,7.1,50,76,69,5,64
3835,Michael Hutchinson,6.0,63,85,46,2,60
3836,Stephanie Raymond,1.1,54,53,63,2,43
3837,James Mills,8.2,99,43,68,6,71
3838,Kelly Marquez,1.8,83,43,59,2,48
3839,Daniel Singh,10.0,71,44,35,8,63
3840,Paul Day,9.5,61,75,92,10,81
3841,Kristina Lawrence,2.1,72,84,92,10,71
3842,Karen Miller,4.5,66,69,79,8,66
3843,Karen Whitaker,4.4,85,81,66,7,70
3844,Carol Robertson,2.6,84,60,85,4,62
3845,Sarah Mccoy,4.7,84,43,37,1,49
3846,Paul Patterson,5.8,91,58,81,4,69
3847,Robert Barker,2.7,51,96,35,3,52
3848,Joanne Jones,5.2,62,41,39,6,49
3849,Brent Zavala,9.5,51,75,80,7,73
3850,Carla Dunn,8.6,87,41,50,5,64
3851,Matthew Simpson,9.0,87,73,69,5,76
3852,Jared Sanchez,9.5,62,80,100,8,82
3853,Ryan Green,6.1,60,75,72,1,61
3854,John Carpenter,8.0,92,45,77,8,73
3855,Susan Cohen,2.2,52,88,78,2,57
3856,Kevin Hayes,7.2,66,45,85,3,62
3857,Elizabeth Willis,7.9,67,96,98,4,80
3858,Rodney Jimenez,10.0,58,58,35,3,59
3859,Christopher Kennedy,3.6,86,58,41,10,61
3860,Patty Harrington,2.2,87,100,55,5,67
3861,Amanda Middleton,6.9,89,48,81,5,69
3862,Jason Nicholson,3.8,78,49,93,2,59
3863,Rachel Werner,1.8,70,49,59,10,55
3864,Kimberly Forbes,4.9,75,78,70,6,68
3865,Stephanie Wilson,8.2,59,43,38,1,50
3866,Autumn Wilson,4.9,74,95,35,4,63
3867,Tammy Sims,5.1,83,62,75,6,67
3868,Kevin Martin,9.4,78,43,35,2,58
3869,Jesus Serrano,7.4,71,72,76,7,72
3870,Lisa Castro,6.3,87,54,78,3,66
3871,Kenneth Lopez,6.5,52,81,70,2,62
3872,David Nelson,3.1,79,41,39,7,51
3873,Sara Doyle,9.9,93,81,36,7,77
3874,Tiffany Olsen,8.0,93,79,60,5,76
3875,Joseph Dean,9.5,94,78,89,9,88
3876,Paul Bush,4.7,68,85,48,2,59
3877,Kristopher Smith,9.1,91,45,81,1,69
3878,James Hawkins,3.2,89,94,87,7,76
3879,Jamie Williams,7.0,85,77,90,1,73
3880,Andrea Williams,7.3,93,51,82,2,69
3881,John Potter,3.0,80,48,58,2,51
3882,Zachary Thompson,1.6,67,96,78,4,63
3883,Tracy Cabrera,2.9,63,92,79,5,65
3884,Jacqueline Hill,2.1,86,68,65,6,61
3885,Sarah Mcguire,3.2,52,81,87,1,58
3886,Michael Mckinney,1.2,64,45,39,7,44
3887,Mary Carlson,5.6,63,72,63,9,66
3888,David Palmer,3.4,69,88,65,5,64
3889,Tiffany Burnett,9.0,58,68,44,8,66
3890,Daniel Thompson,1.4,62,58,56,7,51
3891,Matthew Ward MD,6.8,53,77,41,6,60
3892,Tracy Gaines,3.3,90,70,100,3,69
3893,Eric Wilkinson,3.2,53,55,71,9,56
3894,Gloria Gentry,4.1,70,81,63,9,67
3895,Kenneth Garcia,5.7,57,91,88,2,68
3896,Roger Davidson,2.9,77,72,74,2,59
3897,Katherine Byrd,3.3,87,95,36,6,65
3898,Lindsay Kemp,1.1,72,68,100,2,59
3899,Marissa Martinez,1.6,79,93,64,1,60
3900,Kimberly Dyer,9.7,87,50,90,6,77
3901,Christina Werner,6.1,89,98,43,10,77
3902,Kayla Hale,6.6,72,59,72,3,63
3903,Marc Miller,2.8,78,56,89,7,63
3904,Sean Dean,9.7,70,88,57,6,76
3905,Louis Johnson,5.7,58,67,42,10,61
3906,Ryan Watkins,9.8,63,95,41,7,74
3907,Lawrence Dorsey,9.5,73,85,92,6,82
3908,Crystal Oconnor,4.4,54,76,86,2,60
3909,David Arnold,2.3,87,56,53,4,54
3910,Charles Williams,9.7,90,87,67,5,82
3911,Melissa Robles,2.9,82,43,50,1,48
3912,Rebecca Baxter,7.0,70,40,93,3,63
3913,Daniel Dean,2.2,82,61,44,10,58
3914,Daniel Lucas,1.5,95,91,47,7,65
3915,Brittney Baker,6.9,98,75,90,4,79
3916,Crystal Sanders,7.9,72,75,81,8,76
3917,Jean Reese,2.3,96,80,88,8,74
3918,Karen Walls,4.2,56,79,71,9,65
3919,Susan Thornton,8.4,96,96,67,9,87
3920,Laura Harrington,2.3,85,94,58,8,68
3921,Jacqueline Russo,3.7,76,66,97,8,70
3922,Ashley Smith,7.4,77,96,69,10,81
3923,Kathy Ashley,1.3,58,48,50,7,46
3924,Jennifer Collins,1.9,65,72,96,6,63
3925,Michael Ewing,1.5,92,100,43,3,62
3926,Kimberly Lane,7.8,54,83,46,4,63
3927,Frank Price,7.7,87,59,76,9,76
3928,Katelyn Hutchinson,1.4,62,83,70,3,56
3929,Joshua Wise,1.1,51,69,95,5,56
3930,Mathew Williams,9.1,82,62,84,8,79
3931,Nicole Peters,9.2,87,40,56,5,66
3932,Jason Salazar,2.9,59,59,91,3,56
3933,Travis Allen,1.2,71,59,40,5,47
3934,Jenny Rhodes,6.7,88,77,73,7,76
3935,Richard Rollins,1.0,59,82,76,2,54
3936,Michael Johns,5.9,64,49,66,1,54
3937,Thomas Madden,1.5,91,82,45,4,59
3938,Aaron Miller,4.1,66,45,55,9,55
3939,Robert Bell,7.0,71,92,87,1,73
3940,Rachel Jimenez,6.3,97,66,69,6,73
3941,Andrea Jones,2.0,96,67,44,8,61
3942,April Williams,9.1,68,74,87,9,80
3943,Kelsey Mason,3.4,78,52,98,9,67
3944,Bradley Cooper,1.5,65,94,86,6,65
3945,William Williams,3.0,83,94,81,9,75
3946,Andrew Edwards,1.0,86,86,62,9,66
3947,Amanda Johnson,6.1,98,54,84,4,71
3948,Michael Williams,8.7,61,41,69,2,58
3949,Travis Butler,9.7,73,74,62,6,74
3950,Timothy Merritt,8.6,93,66,100,2,78
3951,Sara Ford,2.3,58,92,99,6,67
3952,Rick Brown,2.5,92,56,90,4,64
3953,James Thomas,5.8,65,47,57,5,56
3954,Kenneth Hayden,9.2,68,47,40,10,65
3955,Mason Gutierrez,5.4,91,61,36,6,62
3956,Steven Anderson,5.1,77,78,37,4,60
3957,Steven Thompson,9.8,72,75,84,10,83
3958,Amanda Baldwin,2.3,94,71,92,8,72
3959,Joseph West,7.4,74,53,72,9,69
3960,Abigail Deleon,2.3,52,69,68,10,58
3961,Brian Diaz,2.2,74,50,68,1,50
3962,Emily Johnson,2.2,63,51,73,7,54
3963,Tiffany Espinoza,9.3,61,52,51,6,63
3964,Peter Frank,5.4,72,66,74,6,66
3965,Cynthia Mccarthy,9.9,71,72,42,1,64
3966,Matthew Freeman,2.4,56,71,81,7,59
3967,Beverly Taylor,10.0,85,98,92,3,87
3968,Andrew Robles,9.7,60,72,64,5,70
3969,Terry Williams,4.5,77,61,87,7,67
3970,Janice Bullock,8.8,91,42,45,7,66
3971,Kristy Cross,2.6,53,56,54,3,46
3972,Nicholas Aguilar,2.7,78,84,90,8,71
3973,Alexandra Bailey,3.5,90,60,72,4,62
3974,Cathy Crosby,1.3,96,58,43,2,51
3975,Paul Green,5.8,53,69,93,3,63
3976,Stacie Hawkins,8.5,98,40,37,6,64
3977,Jacob Rich,5.6,51,48,72,3,53
3978,Judy Walker,1.7,58,40,60,8,47
3979,Charles Peterson,1.1,66,70,94,1,56
3980,Angela Mills,6.5,63,87,68,1,65
3981,Steven Robinson,4.5,88,74,81,3,68
3982,David Wu,1.5,68,82,76,8,63
3983,Hannah Meyer,7.1,63,46,45,5,55
3984,Jacqueline Crawford,3.7,77,73,89,6,68
3985,Tim Flynn,7.2,89,77,81,10,82
3986,Marilyn Harris,8.2,91,96,50,4,77
3987,Steven Phillips,9.7,92,66,44,7,74
3988,Zachary Ramirez,9.1,52,60,92,10,74
3989,William Jones,8.8,63,98,97,8,85
3990,Maurice Ellis,1.5,85,86,45,10,64
3991,Kelly King,6.7,86,64,38,1,59
3992,Sophia Anderson,3.3,73,69,59,1,54
3993,Andrew Turner,9.9,81,79,87,8,85
3994,Tiffany Anderson,8.2,75,48,40,4,59
3995,Jeff Jones,9.0,60,72,88,6,74
3996,Nicole Adams,5.6,85,66,82,1,66
3997,Richard Wolf,2.6,70,45,40,1,42
3998,Ryan Myers,2.5,82,100,77,8,73
3999,Kerri Williams,2.6,78,46,71,10,60
4000,Jodi Davis,6.1,72,89,71,5,71
