Employee_ID,Department,Age,Salary,Projects_Completed,Working_Hours,Performance_Score,Promotion_Status
1,Sales,42,50008,8,34,74,No
2,Marketing,41,73928,8,53,79,No
3,Finance,40,108096,7,33,63,No
4,Marketing,40,114876,6,50,85,No
5,Marketing,33,49976,6,44,67,No
6,IT,58,52626,10,41,88,Yes
7,Finance,38,84789,11,48,100,Yes
8,Finance,58,29700,13,50,100,Yes
9,Finance,49,88645,13,57,100,Yes
10,Marketing,56,98396,6,48,79,No
11,Sales,39,32526,8,50,100,Yes
12,Finance,35,64500,1,40,49,No
13,Operations,56,93049,5,59,84,No
14,Marketing,28,98366,3,50,78,No
15,IT,34,105317,12,35,97,Yes
16,Sales,39,84117,8,38,85,Yes
17,Operations,58,81096,11,30,82,Yes
18,Operations,34,32910,6,41,73,No
19,IT,57,106383,14,55,100,Yes
20,Sales,52,96185,2,43,61,No
21,Marketing,23,75248,13,35,95,Yes
22,HR,37,99656,7,30,60,No
23,Sales,30,26951,7,51,66,No
24,IT,30,90212,13,31,92,Yes
25,Operations,59,100701,5,53,87,No
26,Marketing,32,104888,8,40,84,Yes
27,Sales,43,100282,14,32,92,Yes
28,HR,54,119533,5,39,44,No
29,HR,57,66954,1,59,62,No
30,Finance,44,114719,9,35,89,Yes
31,Finance,55,33804,4,35,50,No
32,IT,30,117705,13,60,100,Yes
33,Sales,45,25595,2,49,53,No
34,Sales,29,54592,4,50,73,No
35,Operations,28,65643,14,31,100,Yes
36,Operations,57,87665,13,55,100,Yes
37,Operations,39,45823,9,60,100,Yes
38,Finance,24,30972,2,55,74,No
39,Sales,49,40882,4,53,61,No
40,Sales,27,91394,2,39,61,No
41,HR,42,96055,5,52,79,No
42,Finance,49,48769,3,55,57,No
43,Marketing,22,50020,10,35,100,Yes
44,Finance,57,67748,2,52,60,No
45,Marketing,42,110374,14,57,100,Yes
46,HR,56,69912,9,46,83,Yes
47,IT,34,37879,5,59,74,No
48,Sales,31,58798,10,43,86,Yes
49,HR,31,114826,5,34,54,No
50,Sales,34,71073,1,52,54,No
51,Operations,58,100791,6,46,73,No
52,IT,59,91983,13,31,95,Yes
53,IT,45,68005,7,38,78,No
54,HR,23,119731,1,41,38,No
55,IT,43,27850,9,48,100,Yes
56,Marketing,38,53400,8,51,78,No
57,IT,57,36953,12,60,100,Yes
58,Sales,35,48535,14,36,100,Yes
59,Sales,31,100536,14,38,100,Yes
60,Sales,56,100039,8,50,91,Yes
61,Sales,46,106029,7,45,70,No
62,Marketing,24,29055,5,49,68,No
63,Finance,59,63170,3,40,70,No
64,Operations,38,53251,12,41,100,Yes
65,HR,33,29532,14,44,100,Yes
66,Sales,45,29924,9,47,72,No
67,IT,50,73037,14,48,100,Yes
68,Sales,46,103082,7,45,97,Yes
69,IT,57,117115,11,44,100,Yes
70,Operations,47,96621,10,34,89,Yes
71,Operations,59,102926,10,40,91,Yes
72,Operations,22,103816,8,44,77,No
73,IT,41,114654,14,58,100,Yes
74,Sales,49,95400,6,47,61,No
75,Operations,37,117385,12,42,85,Yes
76,Marketing,38,118102,14,33,95,Yes
77,IT,49,35702,11,46,100,Yes
78,IT,33,40385,14,33,87,Yes
79,Sales,48,34336,5,45,71,No
80,IT,51,90421,8,52,82,Yes
81,IT,55,56225,3,44,50,No
82,Operations,58,61021,12,43,100,Yes
83,Sales,27,28782,13,41,100,Yes
84,Operations,28,113877,13,32,87,Yes
85,Operations,53,114630,7,39,75,No
86,Sales,53,74111,2,37,32,No
87,HR,46,114402,3,35,53,No
88,Operations,54,109585,13,51,100,Yes
89,Marketing,28,67719,12,43,100,Yes
90,Marketing,33,74037,2,60,91,No
91,IT,37,105103,5,46,51,No
92,Marketing,37,28513,7,50,86,Yes
93,IT,57,38335,11,48,89,Yes
94,HR,34,69140,10,45,93,Yes
95,Sales,28,105373,11,44,99,Yes
96,Sales,57,102658,11,55,100,Yes
97,Sales,30,59840,11,44,98,Yes
98,Marketing,53,56007,10,30,79,No
99,HR,32,81947,13,53,100,Yes
100,Marketing,29,118220,14,52,100,Yes
101,Marketing,54,51393,1,52,75,No
102,HR,44,82480,13,41,100,Yes
103,HR,46,113290,10,39,97,Yes
104,HR,29,111335,9,43,69,No
105,HR,43,34107,1,39,63,No
106,Sales,25,30993,1,39,37,No
107,Finance,24,118650,14,49,100,Yes
108,Finance,50,77066,12,58,100,Yes
109,HR,50,67942,10,60,99,Yes
110,Finance,55,41138,8,40,67,No
111,Finance,55,69527,6,51,82,No
112,HR,49,34190,6,45,55,No
113,Finance,34,117259,12,58,100,Yes
114,Marketing,36,103422,9,38,93,Yes
115,IT,44,80698,4,44,70,No
116,IT,47,107315,8,43,87,Yes
117,HR,25,118710,4,48,59,No
118,Sales,47,54086,14,60,100,Yes
119,HR,30,42322,2,38,58,No
120,Sales,26,108569,11,33,83,Yes
121,IT,53,110610,8,50,89,Yes
122,HR,41,28435,12,36,94,Yes
123,Operations,32,78331,7,51,92,Yes
124,Marketing,36,53942,4,55,93,No
125,Finance,53,84635,9,37,96,Yes
126,Sales,49,54059,9,53,74,No
127,Operations,43,82557,8,37,73,No
128,Finance,38,77389,14,48,100,Yes
129,Finance,47,78014,1,44,58,No
130,HR,28,57826,7,45,80,No
131,Finance,47,55297,5,59,90,No
132,Marketing,46,68890,7,55,86,Yes
133,Operations,31,46322,12,51,100,Yes
134,Finance,40,60739,9,52,88,Yes
135,HR,32,34719,2,38,32,No
136,Marketing,34,104553,13,55,100,Yes
137,IT,29,33314,14,55,100,Yes
138,Operations,25,118831,11,59,100,Yes
139,Finance,52,100164,4,41,50,No
140,HR,49,102028,4,60,83,No
141,IT,32,61113,2,45,58,No
142,IT,22,40357,3,33,51,No
143,Sales,59,45365,11,34,100,Yes
144,Marketing,45,64029,14,37,100,Yes
145,Finance,52,26737,14,30,92,Yes
146,HR,47,99632,13,57,100,Yes
147,Sales,26,110474,8,35,84,Yes
148,Marketing,41,103218,12,44,100,Yes
149,Sales,32,52499,9,33,78,No
150,Operations,54,71157,6,50,82,No
151,Marketing,59,81247,10,40,87,Yes
152,Marketing,48,66034,2,34,45,No
153,Finance,55,25294,2,47,61,No
154,Marketing,36,49596,7,53,80,No
155,Sales,53,36434,8,44,67,No
156,Marketing,42,83382,8,47,66,No
157,Finance,26,63098,14,49,100,Yes
158,Finance,27,29655,6,57,71,No
159,Operations,59,108029,10,42,96,Yes
160,Sales,43,71228,8,34,62,No
161,IT,39,28771,14,59,100,Yes
162,IT,35,99099,1,30,27,No
163,Marketing,31,81799,9,51,97,Yes
164,Operations,34,87257,13,47,99,Yes
165,HR,52,42558,12,43,96,Yes
166,Marketing,51,83436,1,34,38,No
167,Operations,24,117103,13,60,100,Yes
168,Sales,51,57376,3,35,64,No
169,Sales,27,112458,12,56,98,Yes
170,Sales,50,102924,9,53,95,Yes
171,Sales,29,54332,11,54,100,Yes
172,Sales,54,71737,5,58,69,No
173,Operations,38,114031,9,60,100,Yes
174,Operations,32,98970,9,57,100,Yes
175,Finance,34,76952,6,45,66,No
176,IT,32,45991,11,51,100,Yes
177,Sales,52,52472,1,50,60,No
178,HR,49,84946,10,41,86,Yes
179,Operations,27,51849,7,49,91,Yes
180,HR,37,26541,14,47,100,Yes
181,HR,25,27765,6,31,55,No
182,HR,56,68074,9,52,100,Yes
183,Finance,47,54283,7,50,77,No
184,Operations,33,25769,14,52,100,Yes
185,HR,32,42806,12,42,94,Yes
186,Sales,58,115518,11,56,100,Yes
187,Marketing,46,27972,12,46,100,Yes
188,HR,39,43256,13,46,100,Yes
189,Finance,40,43653,4,45,40,No
190,Operations,44,111669,7,50,89,Yes
191,Finance,59,64339,2,47,55,No
192,HR,39,50757,6,37,69,No
193,Operations,47,67399,6,59,94,No
194,Marketing,27,69013,2,60,73,No
195,HR,25,39706,14,32,81,Yes
196,Finance,50,63231,4,46,55,No
197,IT,55,52909,8,58,100,Yes
198,Sales,38,101631,8,47,88,Yes
199,Finance,37,82572,13,55,100,Yes
200,Operations,23,110879,8,55,100,Yes
201,HR,55,88767,8,52,89,Yes
202,Sales,29,51469,1,35,48,No
203,HR,34,26313,2,57,79,No
204,Operations,29,32847,12,37,99,Yes
205,HR,51,75222,4,52,77,No
206,IT,53,99702,12,59,100,Yes
207,Sales,57,34930,9,55,100,Yes
208,Sales,51,28285,3,42,59,No
209,Operations,22,60863,14,37,100,Yes
210,IT,38,41704,6,48,65,No
211,Finance,41,43705,7,35,65,No
212,HR,45,25555,8,58,86,Yes
213,Marketing,43,46323,13,52,100,Yes
214,HR,50,95968,7,44,91,Yes
215,HR,43,91922,3,39,63,No
216,Finance,30,78915,6,56,100,No
217,HR,58,35619,5,46,66,No
218,IT,31,97390,13,30,100,Yes
219,IT,57,84274,12,36,84,Yes
220,Sales,58,98173,10,58,100,Yes
221,Operations,49,46225,4,56,61,No
222,Marketing,49,51739,1,42,52,No
223,HR,42,72708,14,32,98,Yes
224,HR,45,78019,13,48,92,Yes
225,Finance,23,101154,7,44,72,No
226,Operations,29,32373,8,34,91,Yes
227,IT,48,60281,2,60,74,No
228,Marketing,43,45187,7,40,82,Yes
229,Sales,58,92863,6,51,82,No
230,IT,48,109085,5,47,70,No
231,Operations,50,64220,13,32,97,Yes
232,Sales,24,32642,4,35,57,No
233,Finance,34,104971,2,32,31,No
234,Finance,31,80556,10,59,100,Yes
235,HR,57,58760,6,34,75,No
236,Operations,30,63192,5,38,61,No
237,Marketing,48,29381,2,57,61,No
238,Sales,55,44558,10,48,90,Yes
239,IT,22,55782,7,57,100,Yes
240,Operations,53,29782,6,56,81,No
241,Operations,46,116417,12,42,100,Yes
242,Finance,50,79712,11,58,100,Yes
243,HR,28,119945,9,35,77,No
244,HR,24,44462,11,40,87,Yes
245,Sales,41,85030,10,50,90,Yes
246,Finance,41,93519,5,50,82,No
247,Operations,51,81411,9,56,91,Yes
248,Marketing,56,80206,9,59,100,Yes
249,Finance,56,71950,13,43,100,Yes
250,Sales,48,27523,1,35,47,No
251,Sales,47,85926,5,35,53,No
252,Finance,35,34677,9,46,100,Yes
253,Sales,38,100828,7,40,73,No
254,Finance,39,40089,6,44,99,No
255,IT,50,29581,6,38,51,No
256,Finance,41,36907,11,50,100,Yes
257,Finance,48,30609,7,46,79,No
258,Sales,39,76153,1,53,60,No
259,Sales,25,75539,4,36,49,No
260,HR,22,69143,13,36,85,Yes
261,HR,22,47936,1,60,59,No
262,IT,47,75182,6,59,85,No
263,HR,41,38163,14,50,100,Yes
264,Finance,44,84758,13,30,100,Yes
265,Sales,31,71057,4,54,75,No
266,HR,32,37537,1,56,63,No
267,HR,26,47419,9,54,100,Yes
268,IT,22,67578,12,37,79,No
269,Operations,38,99991,4,34,37,No
270,IT,43,99599,12,59,100,Yes
271,Finance,55,25834,6,48,74,No
272,Sales,50,57214,13,37,83,Yes
273,IT,25,117934,7,46,74,No
274,HR,26,27413,8,48,74,No
275,Sales,32,34505,12,41,100,Yes
276,Sales,42,27105,13,56,100,Yes
277,HR,56,93104,11,52,100,Yes
278,IT,33,83408,9,59,85,Yes
279,HR,47,62679,9,44,86,Yes
280,Operations,40,104731,8,33,76,No
281,Sales,28,90131,10,52,100,Yes
282,Marketing,28,89280,11,41,100,Yes
283,Marketing,47,40762,12,56,100,Yes
284,Finance,26,83703,12,42,100,Yes
285,HR,42,106434,14,43,100,Yes
286,HR,35,88079,3,34,41,No
287,Finance,25,46577,12,51,100,Yes
288,Finance,44,26214,2,45,56,No
289,Finance,41,111339,5,59,90,No
290,Sales,36,73114,1,36,35,No
291,Operations,50,114234,3,44,46,No
292,HR,29,88230,1,42,42,No
293,Sales,40,57980,13,55,100,Yes
294,Finance,49,92194,3,45,61,No
295,HR,48,102806,13,41,98,Yes
296,Sales,25,62792,4,36,56,No
297,Operations,36,70807,7,45,91,Yes
298,Sales,56,47301,12,52,95,Yes
299,Operations,58,30141,12,52,90,Yes
300,Finance,22,38777,5,56,93,No
301,Operations,24,63346,5,42,52,No
302,HR,45,79703,13,58,100,Yes
303,Finance,48,119977,1,52,63,No
304,HR,57,72819,8,32,71,No
305,Marketing,55,53469,13,44,100,Yes
306,IT,50,28845,4,57,77,No
307,Operations,45,48290,10,32,100,Yes
308,IT,45,55699,5,36,78,No
309,IT,25,69252,2,59,62,No
310,Operations,24,28293,12,47,100,Yes
311,Finance,55,82089,13,43,100,Yes
312,Marketing,44,41608,1,47,51,No
313,HR,44,91273,9,48,83,Yes
314,Sales,26,41619,2,43,57,No
315,HR,52,103006,6,49,75,No
316,Sales,27,112908,1,35,36,No
317,HR,58,106653,1,58,55,No
318,Operations,31,39779,9,37,91,Yes
319,Marketing,28,76040,4,55,67,No
320,Sales,59,119830,9,55,92,Yes
321,Finance,42,81325,11,36,98,Yes
322,HR,41,46630,5,49,72,No
323,HR,24,37178,7,47,80,No
324,Sales,43,44935,1,47,62,No
325,Finance,25,72258,6,44,87,No
326,Finance,49,47784,8,49,67,No
327,Operations,33,88722,14,51,100,Yes
328,Operations,59,48027,1,48,38,No
329,Operations,57,82853,9,51,92,Yes
330,Operations,26,92359,3,50,64,No
331,Operations,34,97388,1,50,51,No
332,Operations,44,103608,1,31,25,No
333,Marketing,51,101669,13,37,91,Yes
334,Finance,58,40111,14,50,100,Yes
335,Operations,46,57312,11,40,100,Yes
336,Finance,48,49161,6,47,56,No
337,Finance,35,92313,11,52,100,Yes
338,IT,57,75374,6,42,79,No
339,Marketing,37,49014,1,60,64,No
340,Operations,43,105308,14,38,96,Yes
341,HR,42,71389,14,38,100,Yes
342,Sales,42,43161,3,46,64,No
343,HR,29,32490,7,36,67,No
344,Marketing,37,49502,10,38,87,Yes
345,Sales,52,60757,3,51,65,No
346,Marketing,31,66111,3,30,39,No
347,Finance,53,108245,3,31,54,No
348,Sales,55,83645,12,33,88,Yes
349,Finance,30,84055,7,43,67,No
350,HR,38,33998,4,33,75,No
351,HR,32,53906,4,31,50,No
352,Sales,53,95192,3,37,25,No
353,Sales,31,75477,10,47,100,Yes
354,Operations,43,61901,11,48,100,Yes
355,Marketing,38,116271,9,43,92,Yes
356,Operations,25,77021,2,49,65,No
357,Marketing,46,54092,4,54,95,No
358,Operations,42,26242,8,39,69,No
359,Finance,58,26831,6,46,77,No
360,Sales,59,75721,14,37,100,Yes
361,HR,22,53511,7,57,100,Yes
362,Marketing,46,97782,13,60,100,Yes
363,Marketing,57,43302,7,43,98,Yes
364,HR,38,80568,2,50,68,No
365,Operations,45,28232,4,52,86,No
366,Marketing,23,76507,10,37,94,Yes
367,Finance,36,101508,10,60,100,Yes
368,Sales,53,35683,6,34,86,No
369,HR,27,48664,3,45,54,No
370,Sales,22,58172,9,37,100,Yes
371,Marketing,44,108641,13,39,100,Yes
372,Marketing,38,89340,4,56,89,No
373,HR,55,112236,10,37,86,Yes
374,Finance,50,36017,13,38,100,Yes
375,IT,30,61613,2,47,44,No
376,HR,34,111130,6,32,57,No
377,IT,27,101920,1,46,57,No
378,Operations,27,55348,6,49,64,No
379,IT,41,41448,13,44,100,Yes
380,Finance,24,34491,12,60,100,Yes
381,Operations,38,103648,10,50,98,Yes
382,IT,33,83759,1,56,71,No
383,Operations,22,69553,14,46,100,Yes
384,IT,38,25968,8,37,73,No
385,Finance,24,25368,5,31,54,No
386,IT,47,98960,6,46,77,No
387,IT,36,60010,2,47,36,No
388,IT,57,79154,2,60,79,No
389,HR,53,60851,12,58,100,Yes
390,HR,53,50496,9,34,88,Yes
391,HR,25,55936,3,38,56,No
392,Finance,39,103858,6,38,66,No
393,Operations,40,92005,10,31,82,Yes
394,Marketing,56,62493,5,31,58,No
395,IT,35,94795,14,48,100,Yes
396,IT,54,61390,12,52,100,Yes
397,Finance,35,35292,4,56,78,No
398,IT,55,117377,10,32,69,No
399,HR,25,53365,2,46,55,No
400,Marketing,45,42207,8,43,97,Yes
401,Sales,50,47912,10,43,97,Yes
402,IT,40,105771,7,43,67,No
403,HR,27,81572,11,35,80,No
404,Sales,54,44276,2,32,34,No
405,Marketing,40,30534,6,30,69,No
406,Sales,22,117005,14,59,100,Yes
407,HR,26,60670,8,45,50,No
408,Operations,48,87147,7,58,92,Yes
409,Operations,37,61486,1,33,39,No
410,Sales,27,90557,5,58,73,No
411,Finance,34,59268,2,30,36,No
412,Sales,56,106335,6,46,89,No
413,IT,40,51336,7,57,96,Yes
414,IT,33,28641,14,47,100,Yes
415,Operations,37,112132,14,55,100,Yes
416,Finance,31,57959,7,37,69,No
417,HR,46,38306,3,31,48,No
418,IT,41,71182,7,56,76,No
419,Operations,52,99123,5,47,65,No
420,Marketing,25,81326,8,60,100,Yes
421,Operations,44,46498,12,56,100,Yes
422,IT,23,95198,8,56,87,Yes
423,IT,43,52197,7,45,71,No
424,Operations,58,45719,6,55,92,No
425,HR,29,115201,2,39,43,No
426,Sales,28,50032,6,37,72,No
427,IT,35,84624,13,41,99,Yes
428,Operations,24,103177,12,51,99,Yes
429,Operations,37,66964,11,45,100,Yes
430,Finance,40,55028,9,41,85,Yes
431,Sales,39,79646,2,40,56,No
432,Marketing,37,106187,1,49,62,No
433,HR,29,33536,11,48,99,Yes
434,Marketing,54,81747,13,30,98,Yes
435,Sales,33,70712,5,56,77,No
436,Sales,32,31273,11,32,93,Yes
437,Sales,26,96820,6,41,73,No
438,Marketing,48,116228,3,59,67,No
439,Sales,33,99353,8,38,70,No
440,Operations,38,119491,7,50,87,Yes
441,Marketing,27,117091,2,58,79,No
442,Sales,54,110914,12,51,100,Yes
443,Operations,26,75830,7,34,59,No
444,Finance,49,42127,1,30,26,No
445,Sales,35,108488,9,39,77,No
446,Marketing,26,36539,13,46,100,Yes
447,IT,54,71761,7,33,49,No
448,Sales,40,71219,6,44,81,No
449,IT,43,39692,13,48,100,Yes
450,Operations,26,108656,2,56,70,No
451,Finance,23,38334,3,37,48,No
452,HR,51,53615,1,57,61,No
453,Finance,25,32903,10,57,100,Yes
454,Sales,54,53527,13,52,100,Yes
455,IT,34,40629,5,44,60,No
456,IT,41,83008,9,56,100,Yes
457,Marketing,28,108276,13,60,100,Yes
458,IT,36,51708,6,36,71,No
459,Marketing,44,35860,5,44,71,No
460,Operations,35,42438,12,37,83,Yes
461,HR,44,92300,3,59,79,No
462,Sales,40,96545,5,55,86,No
463,Marketing,50,45842,8,52,94,Yes
464,HR,41,85213,12,39,100,Yes
465,IT,50,67372,2,47,55,No
466,IT,45,93906,5,33,64,No
467,HR,39,63744,6,44,87,No
468,IT,31,82442,10,40,93,Yes
469,Operations,29,110990,8,51,81,Yes
470,Operations,47,28650,8,32,63,No
471,HR,50,70117,5,44,76,No
472,Marketing,31,116244,9,32,67,No
473,Marketing,38,77772,4,44,66,No
474,HR,23,28190,12,35,91,Yes
475,Marketing,27,73113,9,30,64,No
476,Marketing,26,33789,11,43,100,Yes
477,Operations,49,57125,7,45,87,Yes
478,Marketing,26,42459,6,30,46,No
479,Finance,39,60418,4,50,74,No
480,Sales,47,72085,2,46,59,No
481,IT,41,43768,8,55,100,Yes
482,Finance,48,74961,6,37,68,No
483,Marketing,33,106099,12,47,100,Yes
484,Operations,28,52885,3,45,58,No
485,HR,24,112421,7,35,67,No
486,Marketing,31,86082,10,39,79,No
487,Operations,55,31895,7,39,64,No
488,Sales,46,75311,6,34,53,No
489,Marketing,56,114494,2,55,67,No
490,HR,37,92067,8,57,94,Yes
491,Operations,23,96017,1,41,49,No
492,Operations,45,48932,13,49,100,Yes
493,Operations,31,46360,1,46,42,No
494,Sales,59,79847,6,43,64,No
495,Marketing,43,115365,5,43,89,No
496,Sales,47,110468,9,32,75,No
497,IT,48,63931,13,58,100,Yes
498,IT,50,80823,12,41,100,Yes
499,Marketing,59,63032,7,49,99,Yes
500,Sales,41,106426,2,47,40,No
501,HR,48,43807,13,41,100,Yes
502,Operations,41,36767,12,31,74,No
503,Operations,40,33071,7,31,42,No
504,Marketing,41,78413,3,56,63,No
505,IT,56,51149,1,46,55,No
506,IT,23,40540,11,39,86,Yes
507,Operations,51,95248,8,47,90,Yes
508,Marketing,55,116737,14,51,100,Yes
509,Sales,43,110435,12,48,100,Yes
510,IT,24,44787,3,55,82,No
511,Sales,27,45982,11,50,99,Yes
512,IT,36,47606,8,30,73,No
513,IT,48,35150,7,53,69,No
514,Finance,31,110929,12,58,100,Yes
515,IT,30,71936,2,33,40,No
516,HR,54,118286,13,54,100,Yes
517,Marketing,53,33593,14,33,100,Yes
518,Marketing,27,42358,14,59,100,Yes
519,Sales,57,107143,1,60,82,No
520,IT,23,62381,7,60,70,No
521,HR,50,115347,13,60,100,Yes
522,Sales,25,53074,1,31,36,No
523,Finance,22,45595,6,48,75,No
524,Sales,40,69194,13,50,100,Yes
525,Sales,47,74377,11,41,96,Yes
526,IT,46,51853,10,39,99,Yes
527,Finance,31,98719,11,60,98,Yes
528,Sales,36,45661,10,42,83,Yes
529,HR,43,75493,8,58,87,Yes
530,HR,42,61495,7,59,83,Yes
531,Marketing,43,38703,4,51,74,No
532,Finance,57,78080,1,52,62,No
533,Finance,55,55815,1,49,64,No
534,Marketing,51,54565,4,52,78,No
535,Sales,46,88321,5,44,75,No
536,Finance,49,83453,12,55,100,Yes
537,HR,22,113478,7,32,81,Yes
538,HR,25,58161,14,52,100,Yes
539,IT,28,80991,4,49,79,No
540,Finance,30,34716,10,58,94,Yes
541,Sales,57,58349,14,42,100,Yes
542,Marketing,40,72098,12,37,100,Yes
543,Marketing,22,25132,1,54,59,No
544,Sales,31,76990,11,36,83,Yes
545,Operations,57,93921,10,53,100,Yes
546,IT,30,61538,7,37,60,No
547,Marketing,53,32213,2,47,56,No
548,Finance,53,69223,13,38,100,Yes
549,IT,27,116655,11,35,100,Yes
550,Finance,59,93371,2,56,61,No
551,HR,38,93274,8,33,70,No
552,IT,31,29134,12,44,99,Yes
553,Marketing,48,116428,10,34,86,Yes
554,IT,56,64601,10,55,100,Yes
555,IT,42,98889,10,34,94,Yes
556,IT,46,40690,5,36,68,No
557,Operations,49,26909,10,59,100,Yes
558,IT,36,116239,2,38,56,No
559,Finance,25,105032,5,36,61,No
560,HR,50,37062,8,38,85,Yes
561,Sales,30,100386,6,49,87,No
562,IT,48,118237,3,39,70,No
563,Marketing,47,59731,8,59,95,Yes
564,IT,40,30153,14,55,100,Yes
565,Marketing,49,35481,9,33,82,Yes
566,Finance,38,91425,5,35,71,No
567,Marketing,41,88600,13,53,100,Yes
568,Sales,44,109981,2,43,65,No
569,HR,53,96997,2,38,54,No
570,Marketing,54,53205,7,30,62,No
571,Marketing,26,113887,1,46,56,No
572,HR,55,106542,10,42,87,Yes
573,Sales,32,69149,12,53,100,Yes
574,IT,24,74112,2,56,55,No
575,Marketing,54,35940,10,36,85,Yes
576,HR,32,84010,4,38,67,No
577,Finance,37,101794,1,40,52,No
578,HR,39,49485,4,32,58,No
579,Finance,51,114299,13,55,100,Yes
580,Sales,31,26067,12,41,100,Yes
581,IT,39,45607,11,50,92,Yes
582,HR,59,86597,13,32,94,Yes
583,Operations,40,99554,10,44,95,Yes
584,Marketing,57,73521,5,50,63,No
585,Sales,34,40187,9,39,66,No
586,HR,24,28985,1,30,46,No
587,Marketing,31,68052,12,43,100,Yes
588,HR,59,44563,5,56,83,No
589,Finance,22,72322,2,49,64,No
590,HR,48,86245,9,35,70,No
591,Operations,29,76514,6,31,56,No
592,HR,38,43608,2,58,83,No
593,HR,30,92262,14,52,100,Yes
594,Operations,27,117118,3,37,49,No
595,Sales,46,96327,14,30,93,Yes
596,HR,49,82225,8,58,90,Yes
597,Operations,54,98994,1,33,49,No
598,Marketing,58,42221,12,56,91,Yes
599,Finance,30,73506,3,33,43,No
600,Finance,39,45968,13,58,100,Yes
601,HR,42,107606,10,34,100,Yes
602,Sales,23,52937,1,59,52,No
603,Sales,59,87435,11,57,98,Yes
604,Marketing,57,74508,11,57,100,Yes
605,HR,58,66831,8,49,96,Yes
606,Finance,36,67933,1,38,44,No
607,Sales,49,72307,13,52,100,Yes
608,HR,39,73340,5,42,67,No
609,Sales,55,111338,4,47,82,No
610,Operations,43,68601,7,46,83,Yes
611,Sales,32,100956,14,54,100,Yes
612,Finance,34,97178,5,30,57,No
613,IT,25,110311,8,51,95,Yes
614,Marketing,43,53754,12,44,91,Yes
615,Marketing,28,68310,14,60,100,Yes
616,Finance,45,94893,11,31,84,Yes
617,Sales,25,111799,1,45,45,No
618,HR,49,73367,5,49,80,No
619,Sales,36,38201,4,51,64,No
620,Finance,22,27739,3,34,45,No
621,Marketing,24,38231,5,56,68,No
622,Sales,35,67495,10,51,100,Yes
623,Marketing,59,46168,3,48,72,No
624,HR,22,57624,8,34,70,No
625,Marketing,59,35635,13,31,100,Yes
626,Marketing,59,34964,3,36,49,No
627,IT,42,52785,1,32,11,No
628,IT,50,107797,9,46,90,Yes
629,Operations,26,109790,9,59,100,Yes
630,IT,31,101928,6,53,84,No
631,Marketing,49,37336,10,53,100,Yes
632,Finance,42,102475,1,32,30,No
633,Marketing,28,52412,8,42,96,Yes
634,Finance,24,107212,2,36,45,No
635,Finance,41,100379,9,54,97,Yes
636,IT,40,70591,14,53,100,Yes
637,Sales,56,86750,8,32,72,No
638,HR,25,115648,3,44,84,No
639,IT,26,60454,13,58,100,Yes
640,IT,22,87672,5,47,75,No
641,Sales,25,52228,9,58,95,Yes
642,HR,33,39429,13,39,100,Yes
643,Marketing,48,109294,1,52,60,No
644,Operations,44,92808,9,36,77,No
645,Operations,46,107886,4,38,49,No
646,Marketing,42,78015,4,34,40,No
647,IT,45,113074,4,49,73,No
648,HR,46,93936,10,37,73,No
649,IT,53,105907,12,43,100,Yes
650,Finance,53,82378,9,33,65,No
651,IT,26,62310,14,49,100,Yes
652,IT,57,108683,6,57,78,No
653,Marketing,37,93827,11,43,98,Yes
654,Marketing,54,60256,8,41,81,Yes
655,Marketing,42,101428,12,31,95,Yes
656,Operations,30,63889,14,42,96,Yes
657,Finance,27,76428,4,60,72,No
658,Marketing,56,62207,3,30,54,No
659,HR,43,75255,14,49,100,Yes
660,Operations,26,116531,1,36,16,No
661,Sales,44,30409,10,57,100,Yes
662,HR,38,67438,7,54,78,No
663,HR,33,32869,4,38,52,No
664,Marketing,44,81862,14,57,100,Yes
665,Sales,37,112937,8,55,100,Yes
666,Sales,24,50958,14,60,100,Yes
667,Operations,51,101302,3,46,46,No
668,Sales,43,44768,1,50,59,No
669,Finance,30,51145,5,52,76,No
670,Marketing,50,100622,14,42,100,Yes
671,Sales,58,51442,2,52,58,No
672,Operations,44,106948,3,39,66,No
673,Finance,34,50596,14,45,100,Yes
674,IT,53,100791,6,35,70,No
675,IT,44,67406,3,45,76,No
676,Finance,38,65524,3,40,53,No
677,Operations,42,48332,12,55,100,Yes
678,Finance,23,40764,6,49,72,No
679,Marketing,58,52563,5,32,59,No
680,Marketing,27,112675,10,57,92,Yes
681,IT,39,61370,9,58,97,Yes
682,Sales,51,30062,1,38,32,No
683,Operations,43,69645,13,44,100,Yes
684,IT,54,32244,3,57,89,No
685,Sales,51,31372,3,42,53,No
686,Sales,38,110501,11,39,86,Yes
687,Marketing,53,89471,6,49,65,No
688,HR,35,41956,8,53,95,Yes
689,HR,31,65473,3,42,50,No
690,Finance,57,38894,3,46,55,No
691,Marketing,55,94586,6,36,82,No
692,Sales,30,41709,8,57,94,Yes
693,Operations,49,106258,6,35,70,No
694,HR,32,40210,13,42,100,Yes
695,Sales,35,74510,12,57,100,Yes
696,HR,40,63674,14,46,97,Yes
697,HR,36,42733,10,44,98,Yes
698,HR,49,45080,3,33,65,No
699,Operations,45,78412,4,57,80,No
700,Marketing,29,83971,1,44,55,No
701,Operations,30,64709,13,43,98,Yes
702,IT,54,84846,8,50,100,Yes
703,Sales,54,90480,4,40,70,No
704,Marketing,40,77960,6,53,76,No
705,Marketing,24,66152,11,60,100,Yes
706,Marketing,31,52250,3,33,30,No
707,Marketing,22,110765,11,32,94,Yes
708,Operations,50,73137,12,31,85,Yes
709,Marketing,55,107011,11,49,91,Yes
710,Finance,34,71412,6,56,90,No
711,Sales,22,68876,12,39,81,Yes
712,Marketing,55,119547,11,59,100,Yes
713,Sales,50,98664,9,42,75,No
714,Finance,34,75227,9,49,80,No
715,Finance,50,57450,10,58,100,Yes
716,Sales,45,109433,3,55,68,No
717,HR,47,98704,3,50,79,No
718,IT,38,31861,4,58,65,No
719,HR,28,86914,12,52,100,Yes
720,HR,34,88888,7,54,77,No
721,Operations,26,104286,3,47,71,No
722,HR,47,86293,10,50,100,Yes
723,Marketing,24,107524,8,45,88,Yes
724,Operations,28,93515,11,40,87,Yes
725,Operations,22,48524,8,39,63,No
726,Finance,38,32065,6,38,48,No
727,HR,46,62684,4,41,79,No
728,Finance,24,113720,11,59,100,Yes
729,Sales,36,58365,12,58,100,Yes
730,IT,50,83876,11,48,91,Yes
731,Operations,53,48704,5,30,56,No
732,Sales,47,82857,12,47,100,Yes
733,Sales,37,30622,2,43,33,No
734,Marketing,46,108797,13,51,100,Yes
735,IT,49,118955,6,50,83,No
736,Sales,30,116141,3,30,63,No
737,Sales,22,119707,6,46,87,No
738,IT,50,112700,12,40,69,No
739,IT,43,104332,5,49,88,No
740,Sales,37,91201,14,57,100,Yes
741,IT,28,57694,2,44,46,No
742,Sales,35,114766,12,33,88,Yes
743,Sales,50,47995,13,44,100,Yes
744,Marketing,40,117320,14,51,100,Yes
745,HR,40,105141,5,51,73,No
746,Sales,23,107999,5,55,90,No
747,Finance,36,33419,14,43,100,Yes
748,Operations,24,72952,9,51,89,Yes
749,HR,32,58837,11,30,95,Yes
750,HR,51,95799,8,55,98,Yes
751,HR,39,73877,12,38,100,Yes
752,Marketing,23,70687,12,56,100,Yes
753,Sales,53,62276,7,36,70,No
754,Marketing,29,59523,12,52,100,Yes
755,Sales,43,91055,13,40,85,Yes
756,Marketing,27,79615,14,52,100,Yes
757,Marketing,33,35514,3,31,44,No
758,Operations,57,72456,10,31,82,Yes
759,Finance,36,32233,4,35,67,No
760,Marketing,49,26102,6,52,75,No
761,Operations,39,91133,3,48,59,No
762,IT,23,71715,11,58,100,Yes
763,Finance,34,110193,9,49,86,Yes
764,Marketing,36,31256,8,43,84,Yes
765,HR,41,89800,6,57,82,No
766,IT,50,119937,4,32,49,No
767,IT,50,66548,7,36,78,No
768,Operations,24,97090,13,36,97,Yes
769,IT,40,103200,11,33,95,Yes
770,Finance,24,67367,3,58,53,No
771,Marketing,35,114922,10,52,87,Yes
772,Marketing,25,95382,8,34,50,No
773,HR,32,51205,1,46,39,No
774,Operations,52,50570,3,55,88,No
775,HR,53,55255,11,33,87,Yes
776,IT,48,46182,5,52,69,No
777,HR,51,64373,5,42,74,No
778,Finance,23,68019,10,45,100,Yes
779,Marketing,30,87619,14,45,100,Yes
780,IT,49,41043,2,60,94,No
781,HR,52,70532,10,31,83,Yes
782,Operations,55,90936,8,47,91,Yes
783,Finance,36,44239,5,30,59,No
784,Finance,46,35416,7,47,86,Yes
785,HR,57,28412,7,55,83,Yes
786,Marketing,29,106976,14,59,100,Yes
787,HR,30,49406,5,37,59,No
788,IT,58,26875,8,40,89,Yes
789,HR,53,62066,9,53,93,Yes
790,Finance,38,30752,4,53,66,No
791,HR,56,111753,4,44,83,No
792,Marketing,58,103025,8,45,83,Yes
793,Operations,40,26353,1,46,50,No
794,Sales,50,51986,4,46,68,No
795,HR,28,111907,6,41,97,No
796,Marketing,49,39691,13,39,100,Yes
797,Marketing,30,94847,4,49,81,No
798,Operations,49,73075,6,35,93,No
799,Finance,27,35794,5,37,52,No
800,Marketing,50,93470,14,42,100,Yes
801,Marketing,38,41406,9,31,76,No
802,Marketing,37,100930,10,58,90,Yes
803,Marketing,44,51872,9,48,97,Yes
804,IT,52,66708,4,51,66,No
805,IT,24,45800,13,39,100,Yes
806,Finance,42,68397,14,33,99,Yes
807,HR,47,62909,4,41,56,No
808,Marketing,57,46352,12,47,100,Yes
809,Operations,58,118848,8,36,75,No
810,HR,43,40438,10,49,100,Yes
811,Operations,33,113921,4,53,77,No
812,HR,34,69999,2,53,67,No
813,Finance,32,43482,13,52,100,Yes
814,Marketing,37,57471,13,55,100,Yes
815,Marketing,29,72279,14,54,100,Yes
816,Sales,23,79213,2,33,34,No
817,Operations,51,38026,1,36,39,No
818,HR,51,110184,5,39,76,No
819,HR,33,30435,6,55,90,No
820,IT,31,33493,9,44,96,Yes
821,Sales,32,97227,5,41,66,No
822,IT,36,84321,13,30,75,No
823,IT,37,27763,6,49,66,No
824,IT,38,45389,6,47,74,No
825,Operations,47,56498,3,54,57,No
826,Operations,23,88755,12,45,99,Yes
827,Finance,33,60825,4,34,48,No
828,Finance,47,41934,1,48,47,No
829,IT,44,30574,4,33,67,No
830,Sales,39,63179,1,35,39,No
831,HR,53,26587,5,55,89,No
832,Operations,59,67782,11,46,100,Yes
833,Sales,24,79412,11,36,100,Yes
834,Marketing,59,85561,8,53,100,Yes
835,Operations,24,102224,8,52,86,Yes
836,Operations,51,29409,5,36,80,No
837,Finance,22,96319,14,38,100,Yes
838,HR,51,51751,10,42,94,Yes
839,HR,53,63174,2,49,62,No
840,Marketing,49,81572,12,43,100,Yes
841,Marketing,42,86416,6,45,82,No
842,Operations,34,37041,1,52,49,No
843,IT,48,48227,7,38,80,No
844,Finance,57,60201,11,44,100,Yes
845,Finance,28,61069,4,34,54,No
846,Operations,43,107190,5,47,70,No
847,Sales,31,51370,6,60,81,No
848,IT,36,36586,11,50,100,Yes
849,Operations,36,75231,1,49,47,No
850,IT,25,30322,9,37,84,Yes
851,IT,53,90294,10,44,92,Yes
852,IT,44,104468,4,50,56,No
853,Operations,27,54299,8,54,84,Yes
854,Finance,45,115715,5,38,67,No
855,Finance,41,95793,11,48,97,Yes
856,IT,58,71501,8,58,92,Yes
857,Sales,41,82134,1,55,52,No
858,HR,33,34777,8,60,92,Yes
859,Operations,54,36249,11,51,100,Yes
860,HR,49,46390,13,35,88,Yes
861,Sales,29,45369,11,33,100,Yes
862,Operations,22,37881,4,40,56,No
863,IT,58,34587,2,58,61,No
864,Finance,43,118800,11,39,97,Yes
865,HR,27,99327,6,32,62,No
866,Marketing,42,112911,2,30,38,No
867,Marketing,53,113147,5,41,68,No
868,Sales,56,32833,2,52,62,No
869,IT,36,72013,3,44,56,No
870,HR,26,88620,11,44,100,Yes
871,IT,27,40754,6,50,65,No
872,HR,46,103113,1,43,38,No
873,Sales,50,111784,6,55,77,No
874,Sales,28,60282,3,60,64,No
875,Marketing,34,61737,7,36,71,No
876,IT,59,49124,2,46,61,No
877,Operations,39,95102,14,53,100,Yes
878,Marketing,23,27196,6,48,73,No
879,IT,29,86527,8,36,72,No
880,Marketing,32,110395,1,57,59,No
881,Operations,54,36345,11,32,74,No
882,Finance,59,59077,11,59,100,Yes
883,Finance,48,91400,13,32,87,Yes
884,Finance,41,37055,9,55,96,Yes
885,Finance,33,110283,5,54,61,No
886,HR,52,69484,5,58,79,No
887,Finance,48,102514,13,47,100,Yes
888,Operations,53,115135,12,59,100,Yes
889,Sales,31,60771,5,49,77,No
890,Sales,24,82654,6,51,80,No
891,HR,48,71540,2,43,60,No
892,Finance,56,108151,6,32,58,No
893,Finance,52,54377,14,57,100,Yes
894,Finance,36,74573,11,55,100,Yes
895,Marketing,37,67733,4,59,81,No
896,IT,34,36760,8,55,94,Yes
897,Marketing,56,50762,13,36,100,Yes
898,IT,32,75986,11,36,94,Yes
899,Finance,42,59332,9,60,100,Yes
900,Finance,32,65100,9,34,86,Yes
901,Marketing,51,29944,8,32,80,No
902,Marketing,56,73825,3,47,62,No
903,IT,43,38877,10,44,97,Yes
904,Sales,59,54990,11,60,100,Yes
905,IT,52,80283,11,49,91,Yes
906,Marketing,35,28258,4,43,73,No
907,Operations,45,56629,1,60,48,No
908,Marketing,53,62579,9,58,100,Yes
909,Operations,57,47958,5,33,60,No
910,HR,53,64465,6,56,83,No
911,Marketing,36,110853,3,53,71,No
912,HR,56,40775,11,37,96,Yes
913,Sales,24,101575,10,58,94,Yes
914,IT,37,119633,8,50,100,Yes
915,Operations,26,59207,7,42,77,No
916,IT,42,47553,1,51,79,No
917,HR,31,78632,10,37,94,Yes
918,Operations,40,25055,12,44,100,Yes
919,IT,46,113697,5,46,64,No
920,Marketing,25,57873,10,34,82,Yes
921,Finance,50,105720,9,49,95,Yes
922,HR,40,91205,12,33,100,Yes
923,IT,23,103199,11,40,100,Yes
924,HR,31,50318,12,47,100,Yes
925,HR,46,58734,6,39,86,No
926,Operations,41,107227,8,46,65,No
927,Operations,40,43522,10,59,100,Yes
928,Finance,44,36656,1,44,61,No
929,Marketing,45,40893,10,35,90,Yes
930,HR,32,41493,11,52,93,Yes
931,IT,55,28632,7,50,98,Yes
932,Sales,49,113648,3,45,67,No
933,HR,26,86779,9,44,92,Yes
934,HR,26,63452,6,37,67,No
935,Finance,42,38266,5,38,82,No
936,Marketing,33,86607,8,40,84,Yes
937,Sales,25,41940,8,56,93,Yes
938,Operations,41,49003,12,31,82,Yes
939,Operations,59,59815,12,56,100,Yes
940,IT,46,55869,3,42,66,No
941,Sales,35,74297,2,33,43,No
942,Operations,32,85107,2,56,60,No
943,IT,53,107793,14,38,100,Yes
944,Marketing,32,41682,5,34,50,No
945,IT,39,44622,10,48,100,Yes
946,Operations,48,55408,12,51,100,Yes
947,Finance,39,33837,7,60,82,Yes
948,Finance,44,89210,8,32,60,No
949,Finance,32,40407,10,59,97,Yes
950,Operations,42,54309,8,50,87,Yes
951,Finance,26,96918,13,32,92,Yes
952,Sales,44,118190,12,35,100,Yes
953,Marketing,46,43895,8,57,100,Yes
954,IT,31,111912,10,39,86,Yes
955,IT,43,25370,12,34,100,Yes
956,Operations,40,25486,11,59,100,Yes
957,Finance,22,48762,3,54,67,No
958,Finance,28,51613,14,32,89,Yes
959,HR,25,28196,11,51,100,Yes
960,Marketing,22,119937,2,53,65,No
961,Sales,36,101349,13,36,89,Yes
962,IT,33,89839,4,51,66,No
963,HR,43,66916,1,59,67,No
964,HR,43,33572,3,60,69,No
965,Operations,38,53225,11,47,94,Yes
966,IT,50,70853,9,60,100,Yes
967,Operations,35,74390,7,52,74,No
968,Sales,41,57275,7,37,61,No
969,HR,54,97379,1,30,36,No
970,HR,36,26105,7,60,100,Yes
971,Marketing,33,84896,10,54,100,Yes
972,Sales,41,68209,7,33,65,No
973,HR,51,67487,4,53,69,No
974,Sales,59,43051,7,60,100,Yes
975,IT,24,119244,8,55,100,Yes
976,Finance,49,102400,3,36,51,No
977,HR,47,91961,13,43,100,Yes
978,Marketing,51,85156,10,42,92,Yes
979,IT,34,82175,2,39,41,No
980,Sales,34,31849,7,52,85,Yes
981,Operations,23,43976,5,47,67,No
982,IT,58,81866,5,30,53,No
983,HR,59,72078,14,33,98,Yes
984,Sales,23,56113,5,57,87,No
985,Finance,57,40401,7,45,88,Yes
986,IT,47,37884,9,45,86,Yes
987,HR,32,109360,11,47,93,Yes
988,Marketing,29,62563,8,37,84,Yes
989,Operations,43,59414,6,39,70,No
990,Sales,41,41142,7,45,76,No
991,IT,29,96492,9,52,100,Yes
992,IT,50,104464,14,53,100,Yes
993,Finance,47,100257,11,40,75,No
994,Finance,51,101693,6,35,57,No
995,Marketing,38,60135,1,30,51,No
996,Operations,41,97232,4,59,75,No
997,Marketing,37,52862,8,58,92,Yes
998,HR,28,30190,7,58,93,Yes
999,HR,37,95199,3,41,66,No
1000,Marketing,48,29331,10,54,100,Yes
1001,Operations,44,77186,3,35,55,No
1002,Marketing,45,69648,11,57,100,Yes
1003,Operations,30,53549,3,42,62,No
1004,Operations,56,106782,12,55,100,Yes
1005,Sales,41,50761,1,46,47,No
1006,Operations,58,28262,10,30,82,Yes
1007,Finance,38,76259,1,37,36,No
1008,Operations,52,97572,6,51,67,No
1009,Operations,29,78472,14,37,100,Yes
1010,Operations,36,112858,14,53,100,Yes
1011,HR,52,109667,1,60,70,No
1012,Finance,51,29677,5,40,64,No
1013,Finance,41,98508,4,43,77,No
1014,Marketing,33,105865,5,53,74,No
1015,Sales,38,75617,7,39,73,No
1016,Operations,51,111029,6,44,59,No
1017,IT,50,43595,12,36,84,Yes
1018,Sales,40,112459,9,36,64,No
1019,Sales,32,85148,6,39,79,No
1020,Finance,55,71926,9,33,73,No
1021,Sales,28,100271,4,54,87,No
1022,Operations,55,59457,1,57,35,No
1023,Operations,41,67531,1,47,67,No
1024,HR,59,98263,10,56,100,Yes
1025,Operations,45,98300,7,54,92,Yes
1026,Operations,31,88171,13,39,93,Yes
1027,Finance,53,70771,13,48,100,Yes
1028,Operations,36,118135,13,43,100,Yes
1029,HR,58,91354,3,42,45,No
1030,IT,41,62289,2,44,41,No
1031,Finance,24,58892,14,45,100,Yes
1032,IT,58,96196,6,31,64,No
1033,Finance,29,63409,6,58,81,No
1034,Marketing,44,59470,13,33,81,Yes
1035,Sales,32,43385,7,50,88,Yes
1036,Marketing,29,48296,5,47,50,No
1037,Operations,50,86716,8,58,100,Yes
1038,IT,51,114152,7,60,100,Yes
1039,Operations,31,51382,2,46,42,No
1040,Sales,49,101675,1,39,54,No
1041,Finance,57,47419,13,56,100,Yes
1042,Sales,34,118321,14,50,100,Yes
1043,HR,53,106238,9,38,78,No
1044,Sales,57,119753,5,44,75,No
1045,HR,58,64291,12,57,100,Yes
1046,Sales,47,37397,11,41,70,No
1047,HR,43,82888,5,60,100,No
1048,IT,25,60169,12,50,100,Yes
1049,Operations,52,87182,10,57,100,Yes
1050,Operations,39,117476,4,56,68,No
1051,Marketing,59,67249,2,55,63,No
1052,Operations,45,53341,5,38,75,No
1053,Finance,44,100603,2,43,55,No
1054,Sales,43,71144,12,42,100,Yes
1055,Marketing,23,86772,7,57,79,No
1056,Finance,52,104360,11,55,100,Yes
1057,Finance,32,38444,9,35,80,No
1058,HR,49,70647,9,48,99,Yes
1059,Operations,53,35974,11,33,83,Yes
1060,IT,26,63383,6,49,88,No
1061,IT,59,119826,1,46,39,No
1062,Marketing,31,106552,13,48,100,Yes
1063,IT,45,119049,6,32,61,No
1064,Sales,56,27956,5,58,67,No
1065,IT,44,33077,4,43,62,No
1066,Marketing,38,61490,12,46,100,Yes
1067,IT,22,80612,6,42,86,No
1068,Sales,52,61159,6,38,63,No
1069,HR,52,64710,14,56,100,Yes
1070,Marketing,55,108536,6,30,47,No
1071,HR,30,38806,2,54,66,No
1072,HR,43,103345,14,46,100,Yes
1073,HR,34,105391,7,45,72,No
1074,Finance,46,119924,14,47,100,Yes
1075,Operations,39,31458,4,31,47,No
1076,Finance,33,60524,13,43,100,Yes
1077,Operations,38,31853,12,51,100,Yes
1078,HR,36,65477,9,52,89,Yes
1079,Marketing,36,57222,10,56,100,Yes
1080,Operations,36,43320,2,46,61,No
1081,Sales,34,119154,5,32,59,No
1082,Sales,38,77243,14,31,100,Yes
1083,IT,53,70615,4,37,48,No
1084,Operations,30,42352,9,54,100,Yes
1085,Marketing,41,97833,4,58,82,No
1086,Finance,47,118476,8,31,80,No
1087,HR,48,28203,8,31,74,No
1088,IT,42,64267,6,55,100,No
1089,Sales,39,62941,6,60,86,No
1090,Finance,34,107809,11,38,97,Yes
1091,Finance,37,50368,8,59,100,Yes
1092,HR,30,102186,12,49,100,Yes
1093,Operations,33,55984,13,50,100,Yes
1094,Sales,59,66941,12,58,100,Yes
1095,Marketing,40,97918,10,56,93,Yes
1096,Finance,28,77683,9,54,84,Yes
1097,HR,56,25801,5,35,59,No
1098,Marketing,39,72965,11,55,100,Yes
1099,Operations,37,110269,1,41,25,No
1100,Sales,25,34969,1,54,61,No
1101,Operations,46,60969,2,38,56,No
1102,Finance,53,107269,10,36,73,No
1103,Marketing,34,57449,10,59,100,Yes
1104,Marketing,38,116679,5,41,71,No
1105,Marketing,58,50705,4,55,83,No
1106,Finance,27,85303,1,54,75,No
1107,Finance,40,53363,4,34,48,No
1108,Operations,34,55720,4,45,56,No
1109,IT,47,34972,10,34,100,Yes
1110,Operations,35,58351,4,41,53,No
1111,Sales,52,61145,1,53,63,No
1112,HR,25,112948,9,55,100,Yes
1113,Marketing,29,114614,14,49,100,Yes
1114,IT,46,113116,3,38,60,No
1115,HR,34,81235,13,52,100,Yes
1116,IT,53,39855,4,36,61,No
1117,Operations,59,61169,5,58,90,No
1118,Finance,59,71404,13,60,100,Yes
1119,Marketing,49,44569,13,48,100,Yes
1120,Operations,51,79437,7,49,88,Yes
1121,HR,24,73506,6,52,67,No
1122,HR,49,50738,5,40,67,No
1123,HR,24,31772,8,56,74,No
1124,HR,55,115410,14,59,100,Yes
1125,HR,37,44731,1,50,52,No
1126,IT,43,35131,7,41,95,Yes
1127,Operations,53,91324,12,32,96,Yes
1128,Marketing,59,79097,6,46,85,No
1129,Finance,29,106720,11,36,80,No
1130,Finance,29,27889,5,51,82,No
1131,Operations,27,34569,7,39,67,No
1132,Operations,35,112193,3,60,85,No
1133,Finance,53,100677,1,52,45,No
1134,Finance,56,110192,9,44,90,Yes
1135,IT,31,112154,2,59,57,No
1136,Sales,24,102470,13,31,97,Yes
1137,Marketing,33,113822,10,42,100,Yes
1138,HR,52,32612,3,57,79,No
1139,Sales,50,76644,8,33,72,No
1140,Operations,26,57069,12,47,82,Yes
1141,Finance,46,106741,10,53,97,Yes
1142,Sales,52,52331,9,52,100,Yes
1143,Marketing,42,80897,13,30,89,Yes
1144,Operations,41,38934,3,31,60,No
1145,HR,43,35095,6,31,61,No
1146,HR,25,116494,7,33,78,No
1147,Marketing,34,43706,1,32,39,No
1148,Marketing,41,68516,14,46,100,Yes
1149,Finance,34,59629,7,57,87,Yes
1150,HR,38,71910,4,43,52,No
1151,Operations,57,113540,5,31,66,No
1152,Sales,54,45431,8,45,80,No
1153,Operations,22,81733,4,40,65,No
1154,IT,36,65088,4,54,68,No
1155,IT,34,69135,8,42,71,No
1156,Marketing,38,63015,5,30,60,No
1157,Finance,45,56385,13,54,100,Yes
1158,IT,29,95199,6,52,77,No
1159,HR,48,63677,12,31,78,No
1160,Operations,44,37818,11,31,81,Yes
1161,Operations,29,113222,14,50,100,Yes
1162,Marketing,29,88001,5,58,80,No
1163,Sales,47,48977,1,34,47,No
1164,Marketing,34,74832,7,33,69,No
1165,Sales,58,65931,6,41,100,No
1166,Marketing,49,108990,2,55,69,No
1167,Marketing,46,103894,11,55,92,Yes
1168,Marketing,37,97204,7,58,90,Yes
1169,Sales,23,70784,6,57,85,No
1170,Sales,39,34921,5,32,50,No
1171,Marketing,38,59959,8,49,89,Yes
1172,IT,51,57328,5,39,57,No
1173,Finance,34,33859,11,49,100,Yes
1174,Finance,53,114506,2,47,37,No
1175,Finance,50,99408,6,50,91,No
1176,Sales,51,109766,14,60,100,Yes
1177,Sales,39,51708,12,50,100,Yes
1178,IT,34,43847,1,50,47,No
1179,Finance,42,80989,5,56,84,No
1180,Finance,51,117641,14,60,100,Yes
1181,Marketing,42,29922,6,56,88,No
1182,Sales,38,94928,7,39,85,Yes
1183,Finance,40,77335,14,30,100,Yes
1184,Operations,36,38541,2,35,45,No
1185,IT,30,44551,1,40,49,No
1186,Operations,31,44381,6,31,80,No
1187,Operations,52,80673,3,36,59,No
1188,IT,44,47948,5,49,71,No
1189,Operations,51,117264,12,60,100,Yes
1190,Finance,54,84072,11,50,100,Yes
1191,Sales,30,92560,13,50,100,Yes
1192,IT,22,107249,2,50,58,No
1193,Marketing,56,27486,1,47,37,No
1194,Operations,32,91691,1,50,32,No
1195,IT,55,35082,13,48,100,Yes
1196,HR,37,109105,11,33,89,Yes
1197,HR,30,32086,4,42,63,No
1198,Sales,53,92853,10,47,82,Yes
1199,Finance,36,95027,13,49,90,Yes
1200,Sales,33,40916,2,58,82,No
1201,Sales,54,40248,1,54,59,No
1202,Sales,35,93047,6,53,98,No
1203,Sales,29,49226,14,42,100,Yes
1204,Marketing,29,50025,4,59,86,No
1205,Marketing,48,73380,10,60,100,Yes
1206,IT,33,32848,13,56,100,Yes
1207,HR,22,39274,12,57,100,Yes
1208,Sales,32,79545,7,48,81,Yes
1209,IT,52,60233,11,46,95,Yes
1210,HR,38,41304,6,30,39,No
1211,Operations,54,36294,5,35,59,No
1212,Finance,53,51425,10,48,100,Yes
1213,Marketing,50,93711,12,49,100,Yes
1214,Operations,42,118311,13,30,95,Yes
1215,HR,42,34425,12,37,88,Yes
1216,Operations,44,116549,12,46,100,Yes
1217,Finance,27,118464,12,50,100,Yes
1218,HR,43,69990,2,51,57,No
1219,Operations,59,98746,5,44,54,No
1220,Marketing,58,93295,9,47,100,Yes
1221,Marketing,29,41091,9,36,88,Yes
1222,IT,56,25002,2,45,63,No
1223,Operations,32,75411,7,36,62,No
1224,Sales,45,65958,10,46,96,Yes
1225,Operations,42,45707,14,33,100,Yes
1226,HR,23,40248,4,41,68,No
1227,HR,40,96309,13,42,100,Yes
1228,Operations,49,103322,13,33,83,Yes
1229,Finance,38,76720,3,50,54,No
1230,Marketing,27,40037,11,30,91,Yes
1231,HR,40,92421,1,30,29,No
1232,Marketing,59,106867,3,36,59,No
1233,HR,49,65612,11,38,89,Yes
1234,IT,23,113031,9,30,62,No
1235,Sales,59,38450,14,45,97,Yes
1236,HR,58,34491,9,47,96,Yes
1237,Marketing,25,99804,7,51,91,Yes
1238,IT,43,118293,3,60,84,No
1239,HR,47,31791,13,44,100,Yes
1240,Finance,57,53314,3,35,12,No
1241,Sales,34,76883,4,31,56,No
1242,HR,53,119119,7,38,58,No
1243,IT,38,112086,7,33,49,No
1244,Finance,57,90629,12,42,82,Yes
1245,Operations,40,34967,12,52,91,Yes
1246,IT,56,106754,14,51,100,Yes
1247,IT,49,68220,2,40,42,No
1248,Finance,22,99163,12,42,86,Yes
1249,IT,39,29947,5,40,65,No
1250,Finance,54,64419,7,48,71,No
1251,HR,33,81131,7,37,81,Yes
1252,Finance,29,113714,6,36,80,No
1253,Finance,45,53876,10,54,100,Yes
1254,Sales,37,113444,10,45,100,Yes
1255,Finance,25,44971,12,32,100,Yes
1256,Finance,59,87539,8,46,86,Yes
1257,Operations,48,74228,3,47,79,No
1258,HR,30,99495,1,57,55,No
1259,Sales,37,53261,3,56,51,No
1260,Operations,33,86260,11,44,83,Yes
1261,Marketing,52,106371,2,57,60,No
1262,HR,45,109793,2,46,61,No
1263,HR,35,28346,14,40,98,Yes
1264,Marketing,46,81176,14,34,97,Yes
1265,Finance,55,77300,2,45,42,No
1266,Operations,24,36340,5,44,62,No
1267,IT,45,58012,13,39,100,Yes
1268,Sales,30,60393,1,43,51,No
1269,IT,47,100133,10,31,75,No
1270,Marketing,41,50557,4,45,77,No
1271,HR,31,89204,14,48,100,Yes
1272,HR,40,98273,10,37,88,Yes
1273,Sales,24,42276,5,44,80,No
1274,HR,45,79639,2,39,45,No
1275,HR,26,32310,5,59,93,No
1276,Sales,24,60167,10,34,92,Yes
1277,Operations,48,109880,4,49,67,No
1278,Operations,37,35391,8,45,71,No
1279,Sales,36,75621,1,50,55,No
1280,Marketing,56,35892,12,55,100,Yes
1281,HR,33,101733,5,51,84,No
1282,HR,47,103586,14,41,100,Yes
1283,Marketing,55,61142,14,52,100,Yes
1284,Operations,44,70679,11,59,100,Yes
1285,Finance,52,66615,12,42,91,Yes
1286,Finance,41,72553,10,38,90,Yes
1287,Finance,33,104071,1,46,62,No
1288,Operations,44,66002,10,49,100,Yes
1289,Operations,25,95658,10,57,100,Yes
1290,Marketing,44,34852,4,41,58,No
1291,HR,22,30387,8,54,84,Yes
1292,Marketing,46,64994,1,34,36,No
1293,Marketing,23,58725,11,53,94,Yes
1294,Operations,51,97682,2,41,47,No
1295,Finance,24,25560,1,30,16,No
1296,IT,42,81565,11,49,90,Yes
1297,HR,46,26312,7,57,100,Yes
1298,Operations,41,43205,2,45,62,No
1299,Finance,43,36595,1,59,61,No
1300,IT,42,112566,12,41,100,Yes
1301,IT,54,46329,6,38,69,No
1302,Operations,59,93187,6,42,76,No
1303,Sales,36,100542,10,46,99,Yes
1304,HR,36,60645,2,46,42,No
1305,IT,46,112502,1,33,13,No
1306,Operations,42,118382,14,43,100,Yes
1307,Operations,45,112310,10,48,96,Yes
1308,Finance,26,94619,3,36,60,No
1309,Sales,27,58513,10,56,100,Yes
1310,HR,44,33749,14,32,100,Yes
1311,Marketing,25,55783,5,30,46,No
1312,Finance,48,85645,6,41,70,No
1313,IT,39,107861,3,44,59,No
1314,IT,42,78175,9,40,77,No
1315,Finance,49,109216,11,39,83,Yes
1316,Operations,56,87709,5,31,53,No
1317,IT,43,42323,13,55,100,Yes
1318,Sales,44,75762,2,58,58,No
1319,HR,24,113220,10,33,80,No
1320,Sales,31,89222,6,46,89,No
1321,IT,46,59493,12,46,100,Yes
1322,Marketing,29,83328,8,57,97,Yes
1323,HR,32,37213,11,59,100,Yes
1324,HR,26,71930,6,37,65,No
1325,Finance,58,52713,4,52,88,No
1326,Finance,59,97723,6,43,76,No
1327,Marketing,50,57583,8,53,77,No
1328,Operations,26,104944,8,58,100,Yes
1329,HR,30,47369,13,33,100,Yes
1330,Marketing,23,72928,10,35,81,Yes
1331,Finance,22,93950,2,60,83,No
1332,Finance,51,44510,8,58,90,Yes
1333,HR,32,37120,6,48,95,No
1334,Sales,49,30295,2,56,66,No
1335,IT,33,45460,1,58,73,No
1336,Finance,47,39963,6,53,100,No
1337,Operations,34,102116,13,33,99,Yes
1338,Operations,29,112822,7,32,66,No
1339,Finance,49,52328,14,49,100,Yes
1340,Sales,51,109629,14,35,100,Yes
1341,Sales,30,46605,10,56,95,Yes
1342,Marketing,52,69813,5,52,75,No
1343,Operations,42,71371,14,36,100,Yes
1344,Marketing,55,72598,10,43,94,Yes
1345,Operations,52,85776,8,60,94,Yes
1346,IT,46,97258,11,41,93,Yes
1347,IT,33,65969,13,45,100,Yes
1348,HR,22,61912,12,49,100,Yes
1349,Marketing,43,63374,9,37,81,Yes
1350,Finance,58,97302,4,52,88,No
1351,Marketing,22,87784,7,31,62,No
1352,Finance,22,74882,8,42,79,No
1353,Sales,42,40928,13,37,93,Yes
1354,Marketing,36,46274,6,54,80,No
1355,Sales,38,59416,2,50,42,No
1356,IT,43,111148,7,60,73,No
1357,IT,59,85998,13,49,100,Yes
1358,HR,56,54047,9,45,72,No
1359,Marketing,37,68356,5,33,62,No
1360,Sales,29,62134,2,58,62,No
1361,Finance,38,92042,4,45,74,No
1362,IT,38,76310,3,49,46,No
1363,IT,47,105758,4,35,60,No
1364,Finance,34,37363,10,56,100,Yes
1365,Sales,38,110149,7,33,71,No
1366,Sales,59,69563,10,45,100,Yes
1367,Marketing,38,55628,8,52,92,Yes
1368,Marketing,35,94672,1,52,32,No
1369,Operations,27,71246,13,50,100,Yes
1370,Operations,56,36161,8,42,85,Yes
1371,HR,35,114110,5,34,56,No
1372,IT,29,117438,12,44,95,Yes
1373,Marketing,36,27810,7,55,86,Yes
1374,Sales,48,84860,11,37,100,Yes
1375,Finance,34,102199,11,36,81,Yes
1376,Sales,52,96688,1,43,30,No
1377,IT,56,90548,2,36,31,No
1378,Operations,27,87363,1,51,55,No
1379,Sales,26,36162,5,36,77,No
1380,HR,43,112858,14,52,100,Yes
1381,IT,44,98535,14,55,100,Yes
1382,Operations,46,32219,6,59,79,No
1383,Finance,55,95864,10,47,88,Yes
1384,Operations,47,28621,9,59,100,Yes
1385,HR,26,114792,8,39,92,Yes
1386,IT,47,69433,7,47,75,No
1387,Finance,41,101850,12,43,100,Yes
1388,HR,27,91188,5,39,61,No
1389,Operations,27,79951,14,36,100,Yes
1390,HR,39,106718,3,59,85,No
1391,IT,25,61558,9,55,85,Yes
1392,Marketing,38,40659,13,36,100,Yes
1393,HR,35,59413,5,36,75,No
1394,HR,35,35435,3,34,43,No
1395,Operations,34,78911,3,30,34,No
1396,Operations,28,53067,3,43,62,No
1397,Finance,36,112794,14,47,100,Yes
1398,Operations,40,118823,6,42,68,No
1399,Sales,56,94224,1,54,58,No
1400,IT,38,98225,11,37,75,No
1401,IT,56,26379,4,37,61,No
1402,Marketing,40,52624,13,39,100,Yes
1403,Marketing,41,116500,8,46,78,No
1404,IT,57,113427,3,35,41,No
1405,Marketing,56,82745,5,44,70,No
1406,Finance,53,76805,2,44,82,No
1407,Operations,45,37516,2,54,74,No
1408,IT,38,104422,11,45,99,Yes
1409,Marketing,28,110843,13,60,100,Yes
1410,IT,22,49843,7,37,83,Yes
1411,Sales,56,30912,10,48,88,Yes
1412,HR,53,46514,3,49,70,No
1413,Operations,57,112359,5,44,57,No
1414,IT,34,82032,3,32,56,No
1415,HR,27,53797,6,35,62,No
1416,Marketing,35,31449,13,59,100,Yes
1417,HR,58,26725,10,54,100,Yes
1418,Operations,36,106406,3,60,81,No
1419,IT,25,34304,8,37,75,No
1420,Sales,37,98058,2,60,91,No
1421,Marketing,49,38663,3,45,74,No
1422,IT,37,95320,8,44,70,No
1423,Operations,25,100008,8,42,83,Yes
1424,Marketing,47,119488,1,55,67,No
1425,Finance,49,100591,8,49,84,Yes
1426,HR,53,37676,10,44,100,Yes
1427,Operations,23,50192,2,47,67,No
1428,Finance,52,49722,12,42,100,Yes
1429,IT,24,32446,7,53,97,Yes
1430,Sales,29,29725,6,37,42,No
1431,Marketing,45,110597,2,43,66,No
1432,HR,36,113207,5,57,90,No
1433,Marketing,52,82632,7,40,64,No
1434,IT,30,91945,8,35,77,No
1435,Marketing,23,98741,3,59,53,No
1436,HR,29,41365,1,53,50,No
1437,IT,28,90792,13,54,100,Yes
1438,Marketing,37,89857,7,58,92,Yes
1439,Sales,56,40704,13,30,94,Yes
1440,Operations,51,75575,5,54,79,No
1441,IT,31,54902,5,31,55,No
1442,Operations,59,26195,7,59,100,Yes
1443,IT,39,78517,1,42,40,No
1444,Sales,26,59012,8,30,74,No
1445,Operations,50,36415,12,53,100,Yes
1446,Finance,55,64534,14,53,100,Yes
1447,HR,44,46686,10,56,100,Yes
1448,Finance,26,102198,5,33,57,No
1449,Marketing,51,53743,8,53,89,Yes
1450,Sales,27,57161,10,52,99,Yes
1451,Finance,25,86313,10,58,97,Yes
1452,IT,50,27402,5,31,59,No
1453,Marketing,44,88190,12,50,100,Yes
1454,Marketing,27,77551,7,59,80,No
1455,Finance,53,38275,10,55,99,Yes
1456,Finance,39,53182,3,49,64,No
1457,Sales,36,39915,2,45,49,No
1458,HR,53,25909,6,32,59,No
1459,Finance,30,90908,5,46,87,No
1460,Finance,58,47620,9,34,68,No
1461,Operations,31,59112,10,55,81,Yes
1462,IT,41,99051,4,37,51,No
1463,Operations,27,27431,11,41,92,Yes
1464,Operations,24,111590,3,54,64,No
1465,Marketing,32,87175,9,52,99,Yes
1466,HR,38,57624,8,41,70,No
1467,IT,53,101121,6,56,74,No
1468,Sales,25,86264,1,30,28,No
1469,Sales,25,56958,14,30,93,Yes
1470,Finance,38,26695,10,44,100,Yes
1471,Finance,40,74932,13,46,100,Yes
1472,Sales,26,69225,12,31,74,No
1473,Finance,53,26403,11,46,81,Yes
1474,HR,43,108346,1,49,53,No
1475,Operations,27,99391,12,55,100,Yes
1476,Finance,56,63636,6,38,74,No
1477,Marketing,43,35839,13,41,100,Yes
1478,Finance,22,90546,3,33,43,No
1479,IT,41,72829,3,42,67,No
1480,HR,43,34230,6,33,64,No
1481,IT,32,76977,13,36,100,Yes
1482,IT,34,65232,3,43,41,No
1483,Marketing,24,119792,13,56,100,Yes
1484,HR,30,50651,11,38,87,Yes
1485,HR,33,64963,10,52,100,Yes
1486,HR,44,80872,6,30,62,No
1487,HR,35,104198,5,30,60,No
1488,HR,54,38739,4,49,78,No
1489,Marketing,39,88294,8,33,86,Yes
1490,Finance,30,73356,2,30,59,No
1491,IT,44,26789,12,51,100,Yes
1492,HR,31,44420,14,39,100,Yes
1493,Finance,40,114297,11,31,73,No
1494,Finance,26,62606,7,56,95,Yes
1495,IT,44,63640,4,50,78,No
1496,Marketing,51,69135,2,53,49,No
1497,Sales,46,62067,7,44,90,Yes
1498,Sales,49,83420,13,32,95,Yes
1499,Finance,55,42357,1,54,46,No
1500,Operations,46,64851,4,52,63,No
1501,Operations,31,63262,9,38,73,No
1502,IT,35,101853,14,46,100,Yes
1503,Sales,51,83643,4,50,75,No
1504,Finance,46,46534,12,57,100,Yes
1505,Marketing,35,116270,13,42,100,Yes
1506,Sales,56,57872,3,32,40,No
1507,Finance,55,32689,10,33,86,Yes
1508,Finance,31,94103,10,33,76,No
1509,HR,56,111268,2,40,50,No
1510,Marketing,32,111310,14,57,100,Yes
1511,HR,32,113731,3,36,39,No
1512,IT,42,62412,1,55,68,No
1513,HR,42,72734,10,40,75,No
1514,HR,43,112793,8,53,99,Yes
1515,Sales,28,94930,1,40,38,No
1516,Operations,38,47228,3,39,34,No
1517,Finance,23,102924,14,34,78,No
1518,Marketing,33,36319,3,42,71,No
1519,HR,39,31475,13,58,100,Yes
1520,Marketing,32,108694,2,41,50,No
1521,Operations,37,39728,14,39,100,Yes
1522,Operations,39,54545,5,36,47,No
1523,HR,56,106686,10,48,92,Yes
1524,IT,47,86756,3,48,67,No
1525,HR,37,93775,3,48,65,No
1526,Sales,27,63699,8,41,76,No
1527,Finance,33,61821,4,49,71,No
1528,IT,34,55615,4,51,69,No
1529,HR,25,38746,3,44,49,No
1530,Marketing,23,111457,11,34,100,Yes
1531,IT,47,47745,1,53,60,No
1532,IT,48,26245,8,59,80,No
1533,HR,48,49853,1,43,53,No
1534,IT,36,52632,7,41,69,No
1535,Marketing,29,37856,5,58,80,No
1536,Operations,28,81893,4,50,70,No
1537,IT,33,95641,4,40,52,No
1538,Operations,34,93049,8,57,100,Yes
1539,Marketing,38,83182,11,34,74,No
1540,HR,38,27801,11,45,100,Yes
1541,Finance,57,104431,13,59,100,Yes
1542,IT,42,64749,14,55,100,Yes
1543,Finance,29,98757,6,47,75,No
1544,Marketing,26,80654,14,41,100,Yes
1545,IT,47,96574,12,56,100,Yes
1546,Operations,37,80381,1,56,52,No
1547,Sales,57,83601,14,34,100,Yes
1548,Finance,49,40082,10,45,90,Yes
1549,IT,50,39648,8,60,100,Yes
1550,Finance,33,25364,13,41,100,Yes
1551,IT,58,59568,14,52,95,Yes
1552,HR,51,104646,2,31,49,No
1553,Operations,44,96494,6,59,88,No
1554,Finance,37,99632,9,58,89,Yes
1555,Sales,35,32436,1,35,53,No
1556,Sales,31,111713,6,52,77,No
1557,Marketing,28,51754,8,50,84,Yes
1558,IT,58,85194,10,54,100,Yes
1559,Finance,50,49544,13,59,100,Yes
1560,Marketing,24,85180,2,33,44,No
1561,Finance,36,88295,5,59,84,No
1562,IT,57,37638,6,59,82,No
1563,Sales,40,90715,5,42,78,No
1564,HR,34,94409,3,39,55,No
1565,Sales,42,108106,4,60,77,No
1566,Marketing,58,42157,7,46,77,No
1567,Operations,48,70565,4,43,73,No
1568,HR,50,94996,9,53,95,Yes
1569,Marketing,41,90888,11,44,100,Yes
1570,IT,46,81095,12,37,92,Yes
1571,HR,27,89947,14,52,100,Yes
1572,Marketing,57,112122,13,53,100,Yes
1573,IT,23,95880,13,47,100,Yes
1574,Sales,43,29507,10,32,81,Yes
1575,Operations,53,68988,2,54,42,No
1576,IT,37,41865,5,46,63,No
1577,Finance,39,52213,8,53,77,No
1578,IT,26,80954,14,53,100,Yes
1579,IT,57,82450,5,36,45,No
1580,Operations,51,29477,10,42,100,Yes
1581,Finance,40,87222,12,59,100,Yes
1582,Marketing,44,31533,8,56,90,Yes
1583,Marketing,55,74395,8,45,93,Yes
1584,IT,34,48396,9,34,72,No
1585,Finance,50,37755,10,33,68,No
1586,Finance,57,25865,6,55,85,No
1587,Operations,43,36173,12,39,100,Yes
1588,Sales,57,83905,4,42,74,No
1589,Marketing,30,63097,12,60,100,Yes
1590,Operations,40,58371,11,39,88,Yes
1591,HR,59,36254,3,43,71,No
1592,Marketing,27,29018,12,55,100,Yes
1593,Operations,36,30192,14,51,100,Yes
1594,Marketing,41,27015,5,41,78,No
1595,Sales,30,93916,6,56,100,No
1596,HR,53,53343,3,30,39,No
1597,Sales,25,94306,2,58,59,No
1598,HR,39,30829,7,50,79,No
1599,IT,26,59381,11,59,100,Yes
1600,Operations,41,106081,5,49,79,No
1601,HR,44,43263,9,49,77,No
1602,Sales,32,78260,3,36,63,No
1603,Marketing,58,68306,14,38,100,Yes
1604,HR,43,116211,8,37,90,Yes
1605,Operations,25,83418,6,56,60,No
1606,HR,50,115898,4,42,58,No
1607,Finance,55,25148,12,43,90,Yes
1608,Marketing,34,26754,12,41,100,Yes
1609,Operations,30,51745,9,37,98,Yes
1610,Operations,52,97914,5,50,51,No
1611,IT,28,80833,10,51,100,Yes
1612,Sales,25,45140,6,47,87,No
1613,IT,40,99907,14,45,100,Yes
1614,Operations,51,85653,13,58,100,Yes
1615,Marketing,52,117535,9,40,90,Yes
1616,HR,56,86521,7,45,88,Yes
1617,HR,42,103315,12,43,92,Yes
1618,Marketing,52,56075,5,32,69,No
1619,Operations,40,55697,2,50,62,No
1620,HR,52,79544,4,31,52,No
1621,HR,53,34795,2,32,47,No
1622,HR,23,89555,3,33,35,No
1623,Sales,31,77204,10,51,85,Yes
1624,Sales,23,94754,12,34,92,Yes
1625,Finance,23,89860,3,39,69,No
1626,IT,45,76529,4,49,57,No
1627,Marketing,38,36672,6,58,89,No
1628,Marketing,53,79238,12,60,100,Yes
1629,Marketing,37,60950,3,31,37,No
1630,Finance,37,36009,10,41,96,Yes
1631,Sales,52,72096,14,56,100,Yes
1632,Operations,45,44544,1,34,31,No
1633,Operations,22,80728,1,34,52,No
1634,Finance,32,54381,9,56,100,Yes
1635,Operations,42,50287,9,52,94,Yes
1636,Marketing,25,89610,5,30,58,No
1637,IT,28,93122,9,33,98,Yes
1638,HR,47,93184,11,56,100,Yes
1639,Sales,33,65081,7,50,78,No
1640,Sales,52,108637,9,53,97,Yes
1641,Finance,38,70312,12,41,100,Yes
1642,Sales,54,112228,7,60,100,Yes
1643,Marketing,32,97943,9,41,88,Yes
1644,Operations,49,107790,2,45,73,No
1645,Marketing,53,105770,11,53,100,Yes
1646,Finance,22,77726,11,46,83,Yes
1647,Marketing,49,47211,8,50,92,Yes
1648,Operations,28,54480,7,39,69,No
1649,IT,23,72780,6,46,60,No
1650,Finance,45,82138,5,46,63,No
1651,IT,25,115382,4,47,63,No
1652,HR,40,67503,7,31,77,No
1653,IT,47,82893,3,60,60,No
1654,HR,32,71193,8,60,100,Yes
1655,HR,32,86358,2,54,86,No
1656,IT,24,105857,1,33,36,No
1657,Finance,33,103182,11,48,100,Yes
1658,Operations,24,47117,2,40,57,No
1659,Marketing,48,84056,9,46,96,Yes
1660,Marketing,23,83706,5,41,80,No
1661,Operations,37,95429,11,31,84,Yes
1662,HR,23,34476,8,35,82,Yes
1663,HR,51,107806,3,38,60,No
1664,Finance,41,80006,7,34,65,No
1665,Sales,59,112238,2,49,57,No
1666,IT,49,94918,8,58,97,Yes
1667,HR,46,88155,14,50,100,Yes
1668,Marketing,53,92321,7,38,69,No
1669,Finance,31,70798,12,57,100,Yes
1670,IT,54,102271,5,58,93,No
1671,Finance,34,55177,12,52,100,Yes
1672,IT,58,107215,11,37,91,Yes
1673,IT,37,68013,4,60,89,No
1674,Operations,43,107600,1,49,58,No
1675,HR,41,78450,5,56,88,No
1676,Finance,48,72928,12,37,100,Yes
1677,Finance,37,117403,9,51,98,Yes
1678,Operations,55,70382,10,50,98,Yes
1679,Marketing,53,110038,4,58,66,No
1680,Marketing,47,25760,13,57,100,Yes
1681,HR,46,49142,9,52,94,Yes
1682,HR,23,42290,12,35,78,No
1683,Sales,33,96035,2,32,36,No
1684,Operations,30,25364,4,34,62,No
1685,Marketing,33,81921,9,38,63,No
1686,IT,47,44797,4,36,45,No
1687,Finance,30,57535,5,57,83,No
1688,HR,31,71300,11,33,100,Yes
1689,Finance,53,72176,8,36,85,Yes
1690,Finance,55,41105,1,34,54,No
1691,Sales,41,32939,1,40,47,No
1692,Marketing,23,104472,9,58,100,Yes
1693,HR,22,67029,9,44,97,Yes
1694,Finance,57,40863,4,31,42,No
1695,HR,45,103097,13,42,97,Yes
1696,IT,48,35447,2,51,49,No
1697,Sales,23,71940,13,45,100,Yes
1698,IT,52,102947,9,36,72,No
1699,HR,35,110001,14,37,100,Yes
1700,HR,23,44642,4,35,56,No
1701,Marketing,50,92643,6,53,94,No
1702,Finance,36,32928,12,36,84,Yes
1703,Finance,33,73002,1,47,45,No
1704,IT,58,109853,12,59,100,Yes
1705,Sales,49,50017,9,51,91,Yes
1706,Operations,41,104064,5,54,54,No
1707,Finance,45,38313,3,57,58,No
1708,Marketing,42,26559,4,51,59,No
1709,IT,31,75893,1,49,43,No
1710,IT,35,40167,14,36,100,Yes
1711,Operations,58,105879,9,32,80,No
1712,Marketing,39,63598,14,34,100,Yes
1713,Sales,45,32523,8,30,90,Yes
1714,Marketing,35,74777,4,44,75,No
1715,Sales,55,53439,2,55,73,No
1716,Marketing,33,106060,14,32,87,Yes
1717,Marketing,43,38285,9,37,82,Yes
1718,HR,27,35973,4,54,76,No
1719,IT,57,47694,9,38,78,No
1720,Marketing,57,60774,10,44,100,Yes
1721,Operations,43,29302,3,39,54,No
1722,Marketing,35,47391,7,31,53,No
1723,Finance,37,29611,7,49,74,No
1724,IT,57,34372,10,34,100,Yes
1725,Finance,46,49312,13,60,100,Yes
1726,IT,53,39080,4,48,47,No
1727,Finance,54,105618,2,42,46,No
1728,Marketing,57,45874,11,40,76,No
1729,Marketing,41,87537,9,30,84,Yes
1730,HR,39,98914,4,51,51,No
1731,Operations,59,26597,8,59,84,Yes
1732,Finance,24,36600,14,44,100,Yes
1733,Sales,44,28747,2,55,76,No
1734,HR,53,104415,8,47,86,Yes
1735,Finance,37,103553,11,45,87,Yes
1736,Finance,26,49815,10,38,89,Yes
1737,HR,25,109500,5,30,50,No
1738,Marketing,42,119348,7,40,86,Yes
1739,Finance,35,49714,7,38,81,Yes
1740,Marketing,52,43890,12,52,100,Yes
1741,HR,35,86509,9,40,92,Yes
1742,Marketing,27,86824,3,42,59,No
1743,IT,33,29725,10,55,100,Yes
1744,Sales,37,68205,4,31,58,No
1745,Finance,38,45684,10,43,98,Yes
1746,Operations,44,116861,4,35,68,No
1747,Sales,35,82911,13,37,100,Yes
1748,Marketing,28,38092,10,60,100,Yes
1749,Finance,53,64770,5,47,74,No
1750,Marketing,36,50457,14,45,100,Yes
1751,IT,38,96667,6,60,96,No
1752,HR,55,115751,3,50,65,No
1753,Finance,26,87894,13,58,100,Yes
1754,IT,48,86305,4,41,48,No
1755,IT,44,37612,3,40,60,No
1756,Finance,35,103627,2,35,32,No
1757,Marketing,36,62089,10,32,91,Yes
1758,Operations,54,77137,12,43,100,Yes
1759,IT,52,25559,9,57,100,Yes
1760,Sales,56,91249,1,31,39,No
1761,IT,38,62361,2,60,67,No
1762,Operations,49,105720,8,40,73,No
1763,Marketing,40,40261,7,51,85,Yes
1764,Marketing,44,45372,12,32,100,Yes
1765,Sales,53,80355,1,47,54,No
1766,IT,34,82920,5,60,71,No
1767,Marketing,41,57544,10,30,62,No
1768,Operations,56,25037,6,59,74,No
1769,Finance,26,68032,5,53,74,No
1770,HR,30,103233,4,30,62,No
1771,HR,50,66420,14,41,100,Yes
1772,HR,27,116552,13,44,100,Yes
1773,IT,46,59600,1,34,40,No
1774,Sales,52,73285,7,56,95,Yes
1775,Marketing,43,87008,9,35,84,Yes
1776,Finance,23,114520,6,45,80,No
1777,Operations,26,30167,3,56,66,No
1778,Finance,48,25432,10,41,67,No
1779,Operations,46,94687,14,41,100,Yes
1780,IT,29,96947,4,32,43,No
1781,HR,22,75903,10,59,100,Yes
1782,IT,41,117159,5,52,79,No
1783,Sales,44,79149,12,31,88,Yes
1784,Sales,53,112640,12,36,100,Yes
1785,Operations,32,81768,1,31,29,No
1786,Marketing,45,85184,5,50,52,No
1787,Marketing,32,90792,1,36,42,No
1788,Operations,50,58439,9,40,96,Yes
1789,Sales,47,58257,7,40,77,No
1790,Sales,37,69674,3,43,54,No
1791,Sales,56,76248,9,32,79,No
1792,IT,41,108602,2,43,71,No
1793,Sales,24,70371,12,40,91,Yes
1794,Finance,22,92996,7,33,68,No
1795,HR,22,62297,9,46,97,Yes
1796,Sales,38,79273,6,45,77,No
1797,Operations,23,86256,10,32,79,No
1798,HR,50,59743,5,54,74,No
1799,IT,41,93752,12,39,96,Yes
1800,Operations,27,104803,7,50,90,Yes
1801,HR,29,100117,14,60,100,Yes
1802,Operations,50,95051,6,44,94,No
1803,IT,54,47076,5,37,46,No
1804,Finance,24,100312,14,47,100,Yes
1805,IT,56,112483,2,32,39,No
1806,IT,26,27963,8,36,75,No
1807,Operations,48,97322,13,59,100,Yes
1808,Marketing,33,38866,7,39,82,Yes
1809,Sales,41,57305,6,49,90,No
1810,Sales,41,87403,5,38,76,No
1811,Finance,30,107896,5,43,67,No
1812,Finance,25,57813,9,52,100,Yes
1813,Sales,40,91729,1,43,41,No
1814,Marketing,59,85686,9,40,81,Yes
1815,Sales,48,29512,6,57,85,No
1816,Marketing,34,47666,4,30,44,No
1817,Finance,34,41630,10,33,83,Yes
1818,HR,43,99519,14,55,100,Yes
1819,Operations,49,25636,7,56,97,Yes
1820,Finance,43,28775,9,35,73,No
1821,Finance,40,92957,5,51,69,No
1822,IT,29,89591,14,55,100,Yes
1823,IT,29,103561,5,51,76,No
1824,IT,47,99816,8,34,58,No
1825,Operations,47,36351,7,32,58,No
1826,IT,44,80184,13,31,91,Yes
1827,Marketing,34,94180,13,32,100,Yes
1828,Sales,49,106678,8,38,76,No
1829,HR,30,98309,11,48,100,Yes
1830,Finance,41,119002,12,48,100,Yes
1831,Marketing,40,35778,10,46,91,Yes
1832,HR,33,37501,2,47,52,No
1833,Marketing,36,27108,9,40,73,No
1834,Marketing,52,119905,3,41,80,No
1835,Finance,35,61382,6,32,73,No
1836,Sales,32,116354,6,47,83,No
1837,IT,47,100787,2,53,49,No
1838,Operations,48,48341,12,35,90,Yes
1839,Sales,32,102214,13,36,91,Yes
1840,Operations,59,39367,7,30,66,No
1841,Finance,55,94868,9,35,70,No
1842,Finance,40,37002,12,47,100,Yes
1843,Finance,27,110820,10,42,82,Yes
1844,HR,59,84949,11,60,100,Yes
1845,Operations,49,40700,1,51,56,No
1846,Sales,22,104305,8,48,85,Yes
1847,Sales,56,87543,2,36,61,No
1848,Marketing,29,54318,14,48,100,Yes
1849,Marketing,28,114859,1,38,35,No
1850,Marketing,32,52610,8,32,75,No
1851,Finance,25,97499,2,52,54,No
1852,Sales,46,98374,6,41,67,No
1853,Operations,33,90226,6,49,83,No
1854,Finance,47,70167,5,53,84,No
1855,HR,59,102779,8,59,93,Yes
1856,Marketing,33,52939,3,47,50,No
1857,Finance,58,86365,13,37,100,Yes
1858,Finance,45,92381,10,38,92,Yes
1859,HR,37,71710,4,42,55,No
1860,IT,34,41766,7,37,80,No
1861,Sales,46,37780,7,51,92,Yes
1862,Operations,25,73458,13,39,97,Yes
1863,IT,32,81221,12,46,100,Yes
1864,Marketing,53,26509,14,36,100,Yes
1865,Finance,28,114493,8,46,100,Yes
1866,HR,32,59346,2,52,79,No
1867,HR,49,107799,11,59,100,Yes
1868,Sales,44,71874,12,47,100,Yes
1869,IT,44,51148,2,53,71,No
1870,Sales,49,56533,4,31,47,No
1871,Finance,47,103467,13,32,100,Yes
1872,Sales,46,26359,10,58,89,Yes
1873,Operations,50,115068,13,57,100,Yes
1874,HR,40,85313,9,48,75,No
1875,HR,54,45344,10,30,83,Yes
1876,Marketing,57,94778,12,50,100,Yes
1877,Marketing,35,45601,9,50,92,Yes
1878,Finance,35,44116,13,39,100,Yes
1879,Operations,56,81985,13,50,100,Yes
1880,IT,51,55782,4,43,47,No
1881,Sales,49,74819,9,42,85,Yes
1882,Finance,38,109416,14,38,98,Yes
1883,Marketing,24,94035,3,35,54,No
1884,Sales,37,69458,12,35,94,Yes
1885,Marketing,51,116556,5,48,64,No
1886,Sales,50,33080,10,50,100,Yes
1887,IT,36,113743,9,39,84,Yes
1888,Finance,46,58957,6,52,77,No
1889,Sales,59,38908,3,32,44,No
1890,Operations,59,115570,10,47,100,Yes
1891,HR,44,116324,9,50,100,Yes
1892,Operations,46,103287,6,48,76,No
1893,Operations,28,72482,4,34,44,No
1894,HR,43,63314,14,54,100,Yes
1895,Operations,38,99921,4,40,55,No
1896,Sales,39,108768,8,39,84,Yes
1897,Sales,31,40831,7,46,88,Yes
1898,Sales,31,45125,1,33,30,No
1899,HR,28,87451,6,55,93,No
1900,Operations,59,70708,8,60,90,Yes
1901,HR,48,42682,3,50,58,No
1902,Sales,54,107824,14,47,100,Yes
1903,Operations,22,60794,9,57,87,Yes
1904,Operations,55,84372,10,47,87,Yes
1905,Marketing,25,64477,2,30,39,No
1906,Marketing,38,78863,14,43,100,Yes
1907,IT,25,114941,6,37,81,No
1908,Finance,47,63737,12,31,81,Yes
1909,Marketing,25,27620,1,48,54,No
1910,HR,22,60057,12,44,100,Yes
1911,Marketing,28,65138,11,57,100,Yes
1912,IT,51,104390,2,31,37,No
1913,Operations,30,78024,13,33,99,Yes
1914,IT,56,34677,5,59,78,No
1915,Operations,29,69111,1,30,24,No
1916,Operations,45,49074,8,48,94,Yes
1917,Finance,40,42824,1,50,49,No
1918,Marketing,57,25765,13,39,100,Yes
1919,HR,48,70439,9,30,82,Yes
1920,HR,53,73926,10,49,100,Yes
1921,Sales,35,61860,11,51,100,Yes
1922,Operations,39,37975,3,44,53,No
1923,HR,49,99877,12,33,100,Yes
1924,Finance,50,118677,2,36,53,No
1925,Operations,37,102870,1,59,60,No
1926,Finance,56,106371,9,36,76,No
1927,HR,52,51548,4,51,74,No
1928,HR,25,115575,12,54,100,Yes
1929,Sales,58,63736,1,47,49,No
1930,HR,38,86562,1,42,42,No
1931,Operations,47,65409,7,39,85,Yes
1932,Operations,25,109101,2,53,63,No
1933,Operations,51,34834,7,37,80,No
1934,Sales,51,25840,12,56,100,Yes
1935,Sales,43,104409,7,39,54,No
1936,HR,32,56568,10,43,92,Yes
1937,IT,23,35846,14,43,100,Yes
1938,IT,33,30899,9,56,91,Yes
1939,Sales,51,111038,13,49,94,Yes
1940,HR,57,91101,7,51,70,No
1941,IT,39,63773,13,40,100,Yes
1942,HR,47,99723,14,35,99,Yes
1943,HR,28,97762,1,50,46,No
1944,HR,22,29311,12,59,100,Yes
1945,Marketing,47,81888,13,30,88,Yes
1946,Operations,44,66616,8,48,100,Yes
1947,HR,47,77134,8,36,69,No
1948,Marketing,27,116225,4,53,88,No
1949,Sales,27,31083,13,47,100,Yes
1950,IT,29,37598,8,32,65,No
1951,Operations,45,107476,4,49,61,No
1952,IT,43,117416,8,59,100,Yes
1953,Operations,40,27580,5,40,71,No
1954,IT,58,82395,4,34,46,No
1955,Operations,39,67321,6,48,79,No
1956,IT,52,34386,2,50,36,No
1957,IT,58,78171,12,53,99,Yes
1958,IT,51,44522,2,53,55,No
1959,IT,54,90532,2,59,61,No
1960,Sales,31,116760,9,31,88,Yes
1961,HR,58,39635,14,51,100,Yes
1962,Finance,33,25671,10,33,68,No
1963,Marketing,51,58545,3,54,73,No
1964,Finance,48,79079,10,39,91,Yes
1965,Finance,30,51855,4,31,47,No
1966,Operations,42,60790,10,37,100,Yes
1967,HR,33,76012,12,30,96,Yes
1968,Operations,50,39260,8,56,100,Yes
1969,HR,54,90139,4,35,54,No
1970,HR,36,26074,11,40,89,Yes
1971,IT,23,67676,10,56,100,Yes
1972,Sales,39,34475,10,59,100,Yes
1973,IT,24,103414,13,57,100,Yes
1974,Sales,28,40120,7,39,71,No
1975,Operations,39,48147,5,42,71,No
1976,Sales,59,26986,9,30,84,Yes
1977,Operations,58,57430,4,31,45,No
1978,Finance,54,80479,3,32,43,No
1979,Finance,52,107966,13,38,100,Yes
1980,Sales,32,27176,2,34,26,No
1981,Sales,25,109258,1,39,48,No
1982,Operations,39,109153,11,39,82,Yes
1983,IT,25,86918,6,41,80,No
1984,Operations,55,52115,10,47,100,Yes
1985,IT,50,102442,2,55,58,No
1986,Finance,45,65002,8,50,76,No
1987,HR,43,82124,6,50,78,No
1988,Sales,23,31610,12,30,87,Yes
1989,IT,27,74752,12,32,98,Yes
1990,Operations,46,103947,5,34,61,No
1991,Finance,42,99716,13,54,100,Yes
1992,IT,37,72993,2,55,65,No
1993,Operations,52,35073,7,46,69,No
1994,Sales,35,62251,2,37,55,No
1995,Sales,49,96437,13,46,100,Yes
1996,Marketing,53,63897,14,38,96,Yes
1997,HR,49,75906,5,35,44,No
1998,Marketing,30,76616,2,46,51,No
1999,Finance,43,29482,11,37,79,No
2000,IT,53,115964,10,50,87,Yes
2001,Finance,26,97936,11,36,76,No
2002,Operations,44,64574,11,36,89,Yes
2003,Sales,26,68284,2,44,49,No
2004,Marketing,53,97932,7,36,74,No
2005,Marketing,31,32338,9,51,90,Yes
2006,Marketing,36,67718,5,56,68,No
2007,Finance,28,37500,7,37,71,No
2008,Sales,50,36545,4,38,47,No
2009,IT,24,86480,2,57,72,No
2010,Operations,40,30241,3,44,42,No
2011,IT,31,114314,2,31,19,No
2012,Finance,49,47821,5,36,44,No
2013,Operations,50,29695,6,44,69,No
2014,Marketing,36,102066,7,47,79,No
2015,HR,56,39318,3,51,67,No
2016,Finance,27,75934,4,47,61,No
2017,Finance,33,47331,8,39,70,No
2018,Sales,59,77672,4,51,85,No
2019,IT,34,116891,7,47,93,Yes
2020,Finance,50,101860,12,30,99,Yes
2021,Finance,40,118685,6,36,69,No
2022,Marketing,24,93754,7,32,70,No
2023,Marketing,29,110677,1,43,39,No
2024,Operations,29,27837,3,41,57,No
2025,HR,41,65077,6,43,63,No
2026,Sales,25,104915,3,58,62,No
2027,HR,42,29239,14,33,86,Yes
2028,Operations,24,111348,14,42,100,Yes
2029,Marketing,29,54669,7,45,81,Yes
2030,IT,44,73624,9,45,86,Yes
2031,Marketing,37,100147,3,51,61,No
2032,Sales,34,29150,14,34,85,Yes
2033,Marketing,24,36109,1,49,56,No
2034,Sales,30,51016,10,54,100,Yes
2035,Sales,35,36936,13,35,100,Yes
2036,Sales,34,36036,6,35,66,No
2037,Operations,28,64236,12,47,100,Yes
2038,Sales,36,39021,1,35,39,No
2039,Sales,28,61943,1,36,42,No
2040,IT,59,106007,14,53,100,Yes
2041,HR,55,75016,8,60,98,Yes
2042,Finance,43,48244,9,59,100,Yes
2043,HR,45,88027,2,53,58,No
2044,Sales,58,63985,9,45,88,Yes
2045,IT,22,26502,5,38,78,No
2046,Marketing,31,78836,13,55,100,Yes
2047,IT,37,28770,8,56,90,Yes
2048,Sales,29,67865,7,42,81,Yes
2049,IT,46,78811,7,41,63,No
2050,IT,33,29001,4,48,65,No
2051,Sales,46,85848,2,55,55,No
2052,Operations,38,77635,5,60,89,No
2053,IT,47,45946,14,52,100,Yes
2054,Finance,35,91134,11,52,100,Yes
2055,Finance,57,116103,11,30,92,Yes
2056,IT,44,117044,3,37,47,No
2057,Operations,27,68744,14,60,100,Yes
2058,Marketing,26,64159,9,33,77,No
2059,Sales,46,48671,6,50,71,No
2060,Finance,39,41450,1,59,63,No
2061,Marketing,34,39908,3,51,66,No
2062,IT,35,82275,12,48,100,Yes
2063,Marketing,49,69358,4,50,74,No
2064,HR,39,74047,9,55,83,Yes
2065,Finance,49,60518,11,34,76,No
2066,IT,48,82813,6,46,64,No
2067,Sales,53,31806,4,32,52,No
2068,Operations,30,65891,1,48,50,No
2069,IT,53,108551,8,30,47,No
2070,Sales,41,64220,14,58,100,Yes
2071,Operations,49,42158,11,52,87,Yes
2072,Operations,54,105992,2,30,40,No
2073,IT,25,52588,11,52,100,Yes
2074,Marketing,55,87576,11,49,96,Yes
2075,Marketing,24,113027,8,38,84,Yes
2076,Operations,47,49188,6,52,71,No
2077,Marketing,29,117615,8,34,75,No
2078,HR,27,83830,6,36,44,No
2079,Operations,37,29019,5,54,90,No
2080,Operations,45,37419,5,55,80,No
2081,Sales,51,58697,14,35,89,Yes
2082,Marketing,34,109932,14,46,100,Yes
2083,Operations,26,32973,10,51,100,Yes
2084,HR,46,111649,10,46,86,Yes
2085,Sales,41,36136,11,42,94,Yes
2086,IT,39,109739,8,41,75,No
2087,Operations,39,87502,7,33,60,No
2088,HR,23,56285,8,59,90,Yes
2089,Finance,31,48039,12,37,90,Yes
2090,HR,33,91720,8,34,68,No
2091,HR,34,113263,7,60,91,Yes
2092,Sales,32,84155,2,34,39,No
2093,IT,40,41911,11,42,100,Yes
2094,Finance,56,25916,9,55,100,Yes
2095,Marketing,47,84052,13,40,89,Yes
2096,Marketing,35,94110,7,37,66,No
2097,HR,45,42790,12,37,100,Yes
2098,Sales,22,108161,11,30,87,Yes
2099,Sales,43,30206,6,42,75,No
2100,Marketing,44,110053,9,58,100,Yes
2101,Finance,40,74950,13,34,96,Yes
2102,IT,39,81361,1,57,61,No
2103,Finance,33,86451,11,50,100,Yes
2104,Operations,49,62696,2,37,55,No
2105,Operations,49,106641,13,46,100,Yes
2106,IT,54,93226,1,52,55,No
2107,Marketing,40,71728,10,52,100,Yes
2108,IT,49,80401,12,42,98,Yes
2109,Sales,58,91226,3,38,52,No
2110,Operations,47,50103,11,31,82,Yes
2111,HR,56,59263,5,60,84,No
2112,HR,55,101621,1,48,49,No
2113,Marketing,56,75044,4,49,63,No
2114,Sales,37,82730,14,46,100,Yes
2115,Finance,59,50825,13,60,100,Yes
2116,Sales,34,101256,8,36,86,Yes
2117,HR,44,62271,6,59,95,No
2118,HR,43,102256,13,55,100,Yes
2119,Operations,37,71732,1,32,32,No
2120,Sales,49,91433,12,48,100,Yes
2121,Sales,56,107630,1,48,37,No
2122,HR,29,48572,3,53,70,No
2123,Finance,43,63546,14,38,100,Yes
2124,Marketing,42,40150,10,39,100,Yes
2125,Marketing,47,79165,8,58,94,Yes
2126,Sales,42,88690,11,43,90,Yes
2127,Marketing,46,78664,11,47,93,Yes
2128,HR,22,107335,14,55,100,Yes
2129,HR,27,100199,8,44,89,Yes
2130,Sales,44,61948,13,55,100,Yes
2131,Sales,44,62030,3,30,74,No
2132,Operations,44,52007,7,59,81,Yes
2133,Sales,53,116207,12,54,100,Yes
2134,Finance,51,115921,3,35,43,No
2135,Marketing,34,101772,4,59,82,No
2136,Sales,39,47024,9,44,100,Yes
2137,IT,44,64384,13,54,100,Yes
2138,Operations,36,107912,4,35,42,No
2139,IT,54,43157,3,47,68,No
2140,HR,42,110481,5,30,33,No
2141,Marketing,44,113553,7,59,70,No
2142,Sales,48,26756,5,53,75,No
2143,IT,39,93112,4,32,58,No
2144,Marketing,45,116003,8,46,89,Yes
2145,HR,28,83051,4,60,99,No
2146,Finance,41,89595,2,45,56,No
2147,Operations,48,103210,10,37,85,Yes
2148,Marketing,27,68094,13,57,100,Yes
2149,Marketing,48,112889,14,46,100,Yes
2150,Finance,30,29535,6,37,70,No
2151,Marketing,52,81035,2,46,60,No
2152,HR,42,72367,3,54,59,No
2153,HR,47,42118,1,59,67,No
2154,Finance,34,84812,5,38,84,No
2155,Operations,44,84884,9,41,97,Yes
2156,Sales,41,91168,2,58,59,No
2157,IT,58,38280,12,54,100,Yes
2158,Sales,49,39746,7,48,89,Yes
2159,Marketing,38,78251,5,33,62,No
2160,IT,49,109821,2,50,59,No
2161,Finance,23,108583,8,51,97,Yes
2162,Finance,46,35207,11,54,100,Yes
2163,Operations,27,96127,13,58,100,Yes
2164,IT,32,52757,13,40,100,Yes
2165,HR,59,41226,6,57,96,No
2166,IT,27,86407,4,33,61,No
2167,Marketing,32,52206,13,43,100,Yes
2168,HR,35,45256,4,43,47,No
2169,Finance,23,58822,2,35,45,No
2170,IT,24,66340,3,58,65,No
2171,Sales,56,77234,7,46,76,No
2172,Operations,54,68351,3,31,44,No
2173,Sales,45,73671,13,37,91,Yes
2174,Operations,40,100320,5,33,41,No
2175,Marketing,39,60157,10,39,91,Yes
2176,Sales,45,44937,6,36,66,No
2177,IT,56,79290,6,33,62,No
2178,IT,22,71707,14,45,100,Yes
2179,Sales,57,36219,4,43,56,No
2180,IT,46,34399,6,45,78,No
2181,Marketing,55,52657,3,54,82,No
2182,HR,46,45047,7,38,70,No
2183,Marketing,37,101095,7,33,86,Yes
2184,Operations,55,110693,4,58,78,No
2185,Marketing,50,97154,2,60,61,No
2186,Operations,40,69891,11,53,100,Yes
2187,IT,44,31780,7,35,68,No
2188,HR,40,52050,3,30,55,No
2189,IT,46,98551,1,60,69,No
2190,Finance,37,93666,2,36,42,No
2191,IT,30,118619,10,30,95,Yes
2192,Operations,22,107016,9,48,88,Yes
2193,IT,40,78010,12,37,75,No
2194,IT,54,63165,8,60,100,Yes
2195,HR,55,36528,14,54,100,Yes
2196,IT,37,74608,6,32,74,No
2197,HR,39,30914,14,30,91,Yes
2198,Sales,55,62136,6,30,57,No
2199,Finance,46,36179,14,36,100,Yes
2200,HR,27,111008,1,50,64,No
2201,Operations,42,37076,2,42,58,No
2202,Sales,27,49783,4,59,81,No
2203,HR,53,71716,3,30,47,No
2204,HR,52,75298,14,45,100,Yes
2205,Finance,31,79304,1,51,63,No
2206,Operations,51,104360,8,59,100,Yes
2207,Marketing,39,94835,7,51,100,Yes
2208,Marketing,45,33118,4,43,67,No
2209,HR,30,101292,12,33,99,Yes
2210,IT,52,81911,12,52,100,Yes
2211,Operations,36,98489,9,52,90,Yes
2212,Sales,25,40185,11,41,100,Yes
2213,IT,30,66792,14,54,100,Yes
2214,IT,30,105210,4,41,59,No
2215,Operations,47,75613,1,46,49,No
2216,HR,25,58927,10,50,99,Yes
2217,HR,38,25386,1,44,44,No
2218,HR,37,117153,1,39,46,No
2219,HR,36,97728,1,32,36,No
2220,Marketing,56,101281,4,52,70,No
2221,HR,26,55020,1,49,58,No
2222,Marketing,26,67678,2,49,59,No
2223,Marketing,41,111695,4,58,72,No
2224,HR,36,86394,7,41,68,No
2225,Finance,39,93945,2,30,40,No
2226,Sales,23,81414,8,30,62,No
2227,IT,50,79816,13,39,95,Yes
2228,Marketing,34,80918,7,47,73,No
2229,Operations,25,116281,9,44,91,Yes
2230,Operations,31,87694,14,31,100,Yes
2231,Sales,52,54455,6,46,79,No
2232,Operations,29,63735,4,37,65,No
2233,Finance,24,119702,6,51,80,No
2234,Operations,30,118608,4,51,72,No
2235,IT,51,37109,7,55,100,Yes
2236,IT,32,70802,9,55,100,Yes
2237,Marketing,56,93020,3,38,62,No
2238,HR,58,59622,3,50,62,No
2239,Finance,34,27597,2,60,69,No
2240,Marketing,57,65597,1,49,58,No
2241,Finance,34,65954,14,60,100,Yes
2242,HR,33,94519,1,40,21,No
2243,Operations,58,81115,13,35,100,Yes
2244,Operations,31,68151,3,53,77,No
2245,HR,30,42040,14,43,100,Yes
2246,Marketing,28,69772,7,30,59,No
2247,HR,23,88832,11,36,87,Yes
2248,Sales,44,52916,9,53,77,No
2249,IT,42,69871,14,38,100,Yes
2250,Marketing,44,51372,2,40,38,No
2251,Finance,50,86707,7,53,81,Yes
2252,Sales,35,64080,1,52,45,No
2253,Marketing,47,67722,2,45,42,No
2254,HR,26,54048,6,48,67,No
2255,HR,52,110205,11,31,92,Yes
2256,HR,46,34777,5,44,63,No
2257,HR,52,79711,8,32,60,No
2258,Finance,41,61331,12,33,100,Yes
2259,Sales,38,45968,11,49,100,Yes
2260,Operations,23,78969,2,51,37,No
2261,IT,46,36292,1,57,71,No
2262,Finance,34,65794,7,36,71,No
2263,Finance,49,104459,6,41,78,No
2264,Operations,27,75192,8,33,70,No
2265,Operations,24,52703,11,39,100,Yes
2266,IT,56,109193,13,35,96,Yes
2267,IT,39,94165,14,54,97,Yes
2268,Operations,32,92650,8,59,90,Yes
2269,HR,41,81516,2,51,66,No
2270,Finance,26,116110,14,43,100,Yes
2271,Marketing,40,47257,8,32,70,No
2272,IT,43,108509,6,46,66,No
2273,IT,40,116273,9,40,85,Yes
2274,Operations,37,76672,12,39,98,Yes
2275,Sales,45,88308,7,55,89,Yes
2276,Marketing,25,102583,2,58,73,No
2277,Marketing,36,47113,8,50,91,Yes
2278,IT,46,25694,9,39,81,Yes
2279,HR,56,40588,7,39,63,No
2280,Sales,35,86756,4,32,65,No
2281,Marketing,40,89085,9,53,100,Yes
2282,IT,59,86142,4,55,92,No
2283,Marketing,57,89373,12,44,100,Yes
2284,Sales,28,110603,4,46,49,No
2285,Sales,51,31704,9,56,83,Yes
2286,Finance,40,65136,14,47,100,Yes
2287,Operations,46,92507,8,48,87,Yes
2288,Operations,37,72361,4,48,67,No
2289,IT,29,83847,14,41,100,Yes
2290,Sales,39,36441,8,53,79,No
2291,Finance,49,39677,8,34,90,Yes
2292,Finance,37,52818,7,53,100,Yes
2293,Marketing,40,26868,10,56,92,Yes
2294,Marketing,38,108591,13,45,91,Yes
2295,Finance,34,92264,6,59,88,No
2296,Marketing,28,98168,8,44,96,Yes
2297,Sales,48,37043,7,44,78,No
2298,HR,31,96939,5,56,83,No
2299,Sales,55,40732,12,35,90,Yes
2300,Finance,57,80244,13,60,100,Yes
2301,Finance,46,43526,13,41,100,Yes
2302,Sales,27,34340,4,31,55,No
2303,Marketing,45,47394,14,56,100,Yes
2304,Marketing,39,29102,12,49,92,Yes
2305,Operations,44,44159,2,38,69,No
2306,Finance,27,90092,11,33,71,No
2307,IT,50,31212,8,34,75,No
2308,Operations,46,62405,9,50,93,Yes
2309,Marketing,38,102061,4,55,73,No
2310,Sales,45,119296,4,37,65,No
2311,Marketing,32,80186,5,51,68,No
2312,Sales,47,69239,2,39,44,No
2313,Operations,55,117993,7,36,59,No
2314,Finance,49,35532,5,51,87,No
2315,Marketing,24,104054,6,43,75,No
2316,Sales,32,97012,4,59,85,No
2317,Finance,59,110279,8,59,100,Yes
2318,IT,35,91540,8,34,93,Yes
2319,Sales,47,28271,12,45,100,Yes
2320,Operations,42,70482,5,44,72,No
2321,IT,51,25209,12,34,95,Yes
2322,IT,29,115999,6,32,56,No
2323,HR,41,30539,3,52,74,No
2324,Marketing,53,44977,1,58,70,No
2325,Sales,43,99142,9,39,76,No
2326,IT,28,93684,9,34,86,Yes
2327,HR,30,30607,3,52,77,No
2328,Operations,22,110122,4,44,52,No
2329,Finance,50,119786,13,47,100,Yes
2330,Sales,29,76939,7,54,88,Yes
2331,IT,25,43594,2,37,46,No
2332,Marketing,56,83382,12,60,100,Yes
2333,HR,24,32399,3,50,46,No
2334,IT,28,50117,6,31,53,No
2335,Marketing,48,58617,11,51,97,Yes
2336,IT,22,32498,8,37,80,No
2337,Sales,48,75624,1,52,60,No
2338,Sales,37,34628,4,37,60,No
2339,Sales,59,25329,1,33,24,No
2340,Operations,28,63619,2,59,57,No
2341,Operations,44,32032,8,48,81,Yes
2342,HR,32,73094,6,52,82,No
2343,Sales,54,63034,9,47,88,Yes
2344,Marketing,57,111158,2,59,72,No
2345,IT,58,80264,3,50,74,No
2346,Finance,38,119120,9,58,93,Yes
2347,Marketing,56,72850,9,52,87,Yes
2348,Operations,26,29722,13,30,96,Yes
2349,Operations,53,42772,6,49,78,No
2350,Marketing,24,111105,14,44,100,Yes
2351,Operations,56,66679,3,47,62,No
2352,Sales,35,93771,5,51,93,No
2353,HR,52,29576,2,41,35,No
2354,IT,52,51707,7,30,73,No
2355,HR,38,66632,10,36,87,Yes
2356,IT,45,66476,11,48,88,Yes
2357,IT,44,55285,8,57,76,No
2358,HR,39,49154,6,30,48,No
2359,Marketing,35,45054,8,60,100,Yes
2360,IT,36,42165,2,53,73,No
2361,HR,36,39439,3,36,49,No
2362,IT,27,69518,7,31,62,No
2363,Finance,48,113051,10,36,77,No
2364,Marketing,36,51962,12,48,100,Yes
2365,Sales,57,78934,1,60,60,No
2366,IT,29,62763,7,42,94,Yes
2367,Finance,36,89094,6,54,71,No
2368,Sales,24,44464,8,53,96,Yes
2369,Sales,34,67036,7,34,86,Yes
2370,IT,55,58270,4,52,79,No
2371,HR,45,67299,3,48,51,No
2372,IT,53,110805,3,30,29,No
2373,Finance,53,56541,4,30,52,No
2374,Sales,51,98545,9,60,100,Yes
2375,IT,34,107543,9,56,100,Yes
2376,HR,22,116998,13,47,100,Yes
2377,IT,55,102078,2,53,58,No
2378,Marketing,36,107970,5,30,49,No
2379,HR,35,54765,1,56,47,No
2380,Finance,50,48769,4,57,78,No
2381,Sales,55,113001,2,34,29,No
2382,IT,39,112404,8,38,87,Yes
2383,HR,28,45156,4,41,66,No
2384,Marketing,50,110836,5,38,68,No
2385,HR,52,75481,11,47,88,Yes
2386,Operations,46,38435,4,52,70,No
2387,Marketing,59,94650,5,40,61,No
2388,Finance,35,71336,5,30,56,No
2389,Sales,29,61135,5,48,78,No
2390,Finance,48,98631,11,51,100,Yes
2391,IT,23,62909,3,54,64,No
2392,HR,38,94487,7,39,80,No
2393,Operations,58,46468,3,31,34,No
2394,Marketing,35,117609,2,36,38,No
2395,Marketing,46,72655,3,60,75,No
2396,HR,51,59341,11,49,100,Yes
2397,Operations,50,89182,3,31,36,No
2398,HR,41,76786,8,48,100,Yes
2399,IT,42,93304,4,35,41,No
2400,Finance,43,71514,3,39,69,No
2401,Marketing,56,58979,10,38,99,Yes
2402,IT,58,115887,5,37,47,No
2403,Finance,37,105981,4,55,58,No
2404,IT,38,80107,9,59,100,Yes
2405,Operations,37,26160,8,40,76,No
2406,Marketing,23,112897,11,38,82,Yes
2407,HR,25,97577,7,49,100,Yes
2408,HR,42,109303,8,57,85,Yes
2409,Finance,55,35846,13,49,100,Yes
2410,Sales,51,44924,5,60,78,No
2411,Operations,27,38882,4,38,30,No
2412,Finance,38,105274,7,37,72,No
2413,Sales,46,111555,1,57,52,No
2414,IT,26,26095,6,44,82,No
2415,Operations,26,65983,8,31,80,No
2416,IT,41,39123,7,53,90,Yes
2417,Marketing,37,118668,2,30,42,No
2418,Operations,58,91615,14,38,100,Yes
2419,Sales,30,70278,13,38,95,Yes
2420,Marketing,26,115290,14,42,100,Yes
2421,HR,23,76999,7,60,100,Yes
2422,Sales,30,56153,13,37,100,Yes
2423,Finance,57,43344,6,56,88,No
2424,HR,43,62656,13,50,100,Yes
2425,HR,43,95515,5,34,58,No
2426,Finance,43,26212,4,58,79,No
2427,Operations,55,34001,1,32,42,No
2428,HR,50,103784,13,50,94,Yes
2429,Sales,59,106144,2,33,52,No
2430,Marketing,54,61427,7,46,89,Yes
2431,HR,39,56368,10,45,87,Yes
2432,Sales,28,95819,3,45,72,No
2433,IT,22,86160,5,54,56,No
2434,Sales,54,50854,8,60,100,Yes
2435,Marketing,22,35715,13,55,100,Yes
2436,Sales,45,106701,13,59,100,Yes
2437,Finance,25,83784,8,49,89,Yes
2438,Marketing,25,51797,6,32,67,No
2439,Operations,39,72573,5,35,41,No
2440,IT,48,101120,13,30,100,Yes
2441,Finance,53,39780,2,50,55,No
2442,Operations,54,62905,9,45,100,Yes
2443,Sales,49,46573,1,44,55,No
2444,Marketing,57,58359,11,36,86,Yes
2445,IT,27,91062,2,31,40,No
2446,Finance,37,98391,13,39,100,Yes
2447,Operations,55,68463,1,54,75,No
2448,Operations,44,41571,12,57,100,Yes
2449,IT,45,44142,4,44,59,No
2450,Sales,34,50104,4,35,39,No
2451,IT,39,33625,5,31,57,No
2452,Operations,34,64199,5,53,71,No
2453,HR,58,40926,8,53,87,Yes
2454,Finance,38,56218,11,46,100,Yes
2455,IT,36,69472,11,57,100,Yes
2456,Operations,39,116916,3,30,43,No
2457,Sales,44,45566,6,30,55,No
2458,Operations,51,81125,12,57,100,Yes
2459,Sales,55,58205,13,33,100,Yes
2460,IT,25,54717,12,49,91,Yes
2461,Sales,24,74984,3,45,66,No
2462,Marketing,28,50135,13,37,100,Yes
2463,Marketing,39,53164,2,30,50,No
2464,Marketing,28,99489,8,55,95,Yes
2465,HR,27,63562,1,48,41,No
2466,IT,43,94110,9,40,98,Yes
2467,Operations,22,45169,11,46,100,Yes
2468,Operations,25,84858,7,54,73,No
2469,HR,50,46604,12,39,95,Yes
2470,Sales,42,114670,10,41,78,No
2471,HR,47,113738,13,38,74,No
2472,Sales,35,25684,12,36,83,Yes
2473,Sales,30,33007,11,58,100,Yes
2474,Finance,33,66787,4,41,66,No
2475,Operations,27,74582,3,44,55,No
2476,Marketing,41,99791,6,37,80,No
2477,Sales,45,108629,9,46,100,Yes
2478,Finance,48,30782,9,34,77,No
2479,Operations,59,91770,4,60,77,No
2480,Marketing,29,82645,10,43,96,Yes
2481,Sales,22,56996,5,31,55,No
2482,Sales,45,54204,11,45,85,Yes
2483,HR,28,42152,13,58,100,Yes
2484,HR,40,80186,9,46,97,Yes
2485,Operations,43,115555,2,32,55,No
2486,Marketing,56,110024,2,52,71,No
2487,Sales,51,44689,5,30,58,No
2488,Operations,50,75690,1,56,75,No
2489,Operations,43,119042,8,47,91,Yes
2490,IT,32,108251,5,47,71,No
2491,HR,41,82320,12,33,100,Yes
2492,Marketing,50,89226,10,44,100,Yes
2493,Sales,55,81091,2,57,80,No
2494,Operations,22,104301,12,48,96,Yes
2495,Sales,52,46942,9,48,84,Yes
2496,IT,51,63712,2,39,40,No
2497,Marketing,39,90277,7,34,70,No
2498,Operations,38,74632,8,48,100,Yes
2499,Sales,59,63031,14,40,98,Yes
2500,HR,35,45478,6,36,75,No
2501,IT,44,47551,14,34,91,Yes
2502,Marketing,46,73068,11,49,100,Yes
2503,IT,36,118608,7,41,60,No
2504,HR,43,60561,11,48,100,Yes
2505,Marketing,24,27892,1,44,57,No
2506,IT,40,49395,4,41,67,No
2507,Finance,55,43756,13,33,89,Yes
2508,HR,56,112710,7,59,83,Yes
2509,HR,22,59651,1,60,77,No
2510,HR,42,91333,13,41,100,Yes
2511,Finance,50,98745,1,47,62,No
2512,Finance,27,74306,11,46,100,Yes
2513,Sales,58,46346,6,48,62,No
2514,Operations,22,53024,4,45,49,No
2515,IT,22,119950,3,40,48,No
2516,Sales,48,65818,12,31,86,Yes
2517,IT,42,30947,5,45,64,No
2518,Operations,37,100153,9,30,77,No
2519,Finance,47,111240,10,46,100,Yes
2520,Operations,37,119238,10,47,94,Yes
2521,Finance,49,92428,12,58,100,Yes
2522,Operations,22,54754,14,58,100,Yes
2523,Sales,57,88355,14,54,100,Yes
2524,Marketing,31,83241,12,58,100,Yes
2525,Sales,38,93960,11,42,93,Yes
2526,IT,44,38418,10,34,87,Yes
2527,Sales,28,113593,3,54,58,No
2528,HR,28,80184,5,53,85,No
2529,IT,36,29833,10,58,100,Yes
2530,Operations,55,100430,5,56,73,No
2531,IT,25,66833,9,35,85,Yes
2532,Marketing,35,25565,11,30,77,No
2533,Finance,35,65180,12,39,91,Yes
2534,Operations,37,43402,10,34,71,No
2535,IT,28,67845,11,57,94,Yes
2536,Operations,53,100851,4,30,55,No
2537,Operations,40,37834,1,52,68,No
2538,Operations,23,92850,10,55,100,Yes
2539,Finance,31,62180,5,59,76,No
2540,Sales,38,28883,1,40,26,No
2541,Operations,58,100587,6,53,61,No
2542,HR,33,36695,12,53,100,Yes
2543,Marketing,27,48123,10,36,66,No
2544,Finance,43,83481,10,47,85,Yes
2545,IT,53,98438,7,50,87,Yes
2546,Finance,41,42573,1,49,54,No
2547,IT,22,119910,10,50,100,Yes
2548,Finance,27,81494,4,39,59,No
2549,IT,40,37288,9,54,95,Yes
2550,Operations,39,71978,13,44,97,Yes
2551,Sales,27,97420,1,33,31,No
2552,IT,54,101095,9,45,87,Yes
2553,IT,44,79672,8,44,65,No
2554,HR,44,86821,5,44,61,No
2555,IT,47,108661,6,41,67,No
2556,HR,34,94224,7,37,65,No
2557,Marketing,28,114405,4,37,53,No
2558,Operations,36,79796,14,47,100,Yes
2559,HR,48,69706,14,59,100,Yes
2560,Sales,47,29023,6,35,80,No
2561,Operations,54,107636,7,34,53,No
2562,HR,36,61735,11,31,81,Yes
2563,Operations,57,97959,6,41,83,No
2564,Operations,48,64218,11,55,92,Yes
2565,Operations,26,37213,13,33,86,Yes
2566,Marketing,23,53460,12,52,100,Yes
2567,Sales,54,89680,6,42,92,No
2568,Finance,37,56017,2,46,46,No
2569,Finance,44,117038,5,60,95,No
2570,HR,59,55990,3,45,59,No
2571,Operations,37,44515,7,38,61,No
2572,HR,35,54991,4,55,100,No
2573,Marketing,50,32634,1,57,63,No
2574,Marketing,47,102034,12,30,93,Yes
2575,IT,56,101452,12,44,100,Yes
2576,Marketing,36,54377,6,41,75,No
2577,IT,24,58001,6,34,85,No
2578,Sales,44,26391,7,52,100,Yes
2579,HR,50,90206,11,53,98,Yes
2580,Sales,55,67215,8,47,100,Yes
2581,Marketing,54,104720,3,49,56,No
2582,Sales,44,52114,14,31,100,Yes
2583,Sales,28,36882,6,33,48,No
2584,Sales,24,42273,10,44,100,Yes
2585,Marketing,53,70647,2,35,41,No
2586,Operations,52,107665,13,51,100,Yes
2587,Sales,39,89892,14,41,100,Yes
2588,IT,28,67679,9,58,100,Yes
2589,Marketing,22,25427,2,47,71,No
2590,Sales,35,91267,3,56,55,No
2591,Operations,53,25799,12,49,100,Yes
2592,Marketing,27,80659,13,33,94,Yes
2593,Finance,31,119409,10,59,100,Yes
2594,Operations,28,32025,12,30,96,Yes
2595,IT,47,39481,12,44,100,Yes
2596,Sales,55,50411,2,59,69,No
2597,Finance,51,39961,9,47,91,Yes
2598,Finance,57,46767,1,43,41,No
2599,Marketing,42,76690,5,32,46,No
2600,Finance,38,77870,1,58,59,No
2601,IT,54,61135,5,44,80,No
2602,IT,31,89514,8,56,82,Yes
2603,HR,33,111928,8,34,87,Yes
2604,IT,37,103798,11,56,100,Yes
2605,Operations,53,95765,8,53,100,Yes
2606,Finance,36,48772,2,60,78,No
2607,IT,48,43799,8,51,100,Yes
2608,Marketing,49,48555,12,32,92,Yes
2609,HR,38,117152,5,51,76,No
2610,Finance,23,44333,1,36,49,No
2611,HR,57,29261,7,35,59,No
2612,Finance,28,94002,13,55,100,Yes
2613,Marketing,34,71553,6,51,76,No
2614,HR,36,28088,5,30,57,No
2615,Sales,46,70783,1,48,72,No
2616,Operations,44,26115,14,36,100,Yes
2617,Operations,43,95114,14,33,100,Yes
2618,Finance,47,93126,1,41,51,No
2619,Sales,54,97908,6,49,74,No
2620,HR,32,94109,10,52,100,Yes
2621,Sales,31,27978,12,54,100,Yes
2622,Sales,46,34422,7,59,96,Yes
2623,HR,58,68626,10,56,92,Yes
2624,Marketing,59,114233,10,58,92,Yes
2625,Sales,45,81174,1,58,68,No
2626,Sales,54,62743,9,60,100,Yes
2627,Marketing,38,95461,4,47,86,No
2628,Sales,45,82199,5,38,54,No
2629,Sales,58,54430,2,48,72,No
2630,Sales,23,53834,14,51,100,Yes
2631,Operations,53,49435,12,33,88,Yes
2632,IT,45,112212,10,30,93,Yes
2633,Marketing,30,80797,13,38,100,Yes
2634,Sales,25,68554,8,56,100,Yes
2635,Operations,38,79555,14,44,100,Yes
2636,Marketing,38,110350,2,51,72,No
2637,Finance,51,39716,3,37,30,No
2638,Finance,32,85261,12,44,100,Yes
2639,Sales,42,52528,9,44,73,No
2640,Operations,42,26995,2,47,58,No
2641,Operations,39,47414,14,36,100,Yes
2642,Marketing,50,38844,6,51,75,No
2643,Marketing,45,61659,12,47,96,Yes
2644,Operations,31,40522,4,45,59,No
2645,Marketing,38,99034,7,31,62,No
2646,Operations,39,67322,14,33,100,Yes
2647,IT,41,92638,14,49,100,Yes
2648,Operations,58,33524,6,45,80,No
2649,Finance,39,55846,10,32,78,No
2650,Marketing,38,98643,14,53,100,Yes
2651,Operations,30,85096,9,59,100,Yes
2652,Operations,35,108804,14,52,100,Yes
2653,Marketing,50,72703,9,31,72,No
2654,IT,52,49399,10,32,100,Yes
2655,IT,25,100160,4,55,79,No
2656,Marketing,39,117662,1,54,75,No
2657,HR,41,113667,2,58,61,No
2658,Marketing,30,73591,8,34,69,No
2659,Marketing,34,45714,14,31,98,Yes
2660,IT,36,60877,10,48,100,Yes
2661,IT,48,109106,8,53,90,Yes
2662,Marketing,36,103018,14,49,100,Yes
2663,Marketing,49,84136,2,59,82,No
2664,Marketing,58,58414,4,31,51,No
2665,IT,40,111576,1,31,33,No
2666,Marketing,47,103943,7,51,79,No
2667,Marketing,47,70468,4,53,77,No
2668,Sales,46,104702,11,52,100,Yes
2669,HR,47,97108,14,49,100,Yes
2670,Finance,47,117508,8,47,82,Yes
2671,HR,49,71835,9,54,89,Yes
2672,Sales,39,88333,12,49,68,No
2673,Finance,53,67464,9,54,89,Yes
2674,Marketing,24,47923,3,50,61,No
2675,Sales,23,86855,5,43,67,No
2676,Marketing,54,92445,6,57,84,No
2677,IT,40,92619,6,44,100,No
2678,Operations,38,71146,10,41,95,Yes
2679,Sales,54,85032,8,40,67,No
2680,IT,33,42140,6,40,76,No
2681,Sales,24,27670,6,59,92,No
2682,Sales,47,61519,4,36,45,No
2683,IT,56,69512,7,41,78,No
2684,Finance,29,82811,14,45,100,Yes
2685,HR,57,39691,14,34,100,Yes
2686,Marketing,28,59262,8,60,82,Yes
2687,Sales,57,79892,3,31,52,No
2688,Marketing,37,50595,7,51,100,Yes
2689,Operations,45,82207,3,45,78,No
2690,IT,22,58440,8,52,79,No
2691,Marketing,46,33630,1,59,62,No
2692,IT,31,56250,1,44,48,No
2693,Marketing,37,119334,14,40,100,Yes
2694,HR,37,102518,6,58,86,No
2695,HR,29,99191,10,35,77,No
2696,HR,50,89791,9,42,89,Yes
2697,HR,49,109118,12,59,100,Yes
2698,HR,27,88753,14,48,100,Yes
2699,HR,37,85520,4,39,50,No
2700,IT,41,29008,6,53,72,No
2701,Sales,37,69464,12,48,100,Yes
2702,Marketing,28,25496,5,59,100,No
2703,HR,35,48212,12,34,100,Yes
2704,IT,47,45637,1,54,58,No
2705,IT,47,70227,6,56,96,No
2706,IT,35,107413,9,50,88,Yes
2707,Sales,28,108346,12,60,100,Yes
2708,Marketing,54,34884,3,36,45,No
2709,Sales,47,93259,11,40,100,Yes
2710,Finance,41,74810,3,43,69,No
2711,IT,24,29761,14,52,100,Yes
2712,Finance,25,98166,2,50,57,No
2713,Operations,47,41375,13,45,100,Yes
2714,HR,32,50218,4,47,72,No
2715,HR,23,55565,10,50,100,Yes
2716,Sales,35,57975,3,52,70,No
2717,Marketing,51,52073,12,52,100,Yes
2718,Finance,33,94726,2,33,41,No
2719,Marketing,47,26883,1,30,34,No
2720,Sales,54,93422,3,51,45,No
2721,HR,34,74629,10,58,100,Yes
2722,Marketing,35,89170,6,44,76,No
2723,Marketing,45,99489,9,43,80,No
2724,HR,55,33381,11,48,92,Yes
2725,Finance,47,48238,5,56,62,No
2726,HR,42,38795,3,34,43,No
2727,Marketing,49,87999,14,33,100,Yes
2728,Finance,57,74907,5,60,70,No
2729,Finance,23,34638,5,42,74,No
2730,HR,30,95467,5,47,80,No
2731,Marketing,44,67623,12,41,100,Yes
2732,Sales,36,63492,12,60,100,Yes
2733,Marketing,34,51411,7,52,96,Yes
2734,IT,44,45534,5,59,87,No
2735,Operations,38,54181,7,50,85,Yes
2736,Sales,23,44996,9,44,97,Yes
2737,Finance,41,97089,5,59,96,No
2738,Sales,41,108609,2,52,63,No
2739,Finance,24,97666,5,38,75,No
2740,Finance,33,54405,8,33,100,Yes
2741,Sales,23,96325,12,34,94,Yes
2742,Finance,57,53930,4,38,58,No
2743,Finance,35,42529,2,42,51,No
2744,IT,37,78546,10,39,90,Yes
2745,Marketing,40,32942,3,56,83,No
2746,Marketing,55,32548,9,45,90,Yes
2747,Operations,27,43296,9,59,100,Yes
2748,Operations,34,76016,8,42,79,No
2749,IT,57,25296,8,33,77,No
2750,Operations,43,92945,8,50,84,Yes
2751,Sales,39,84980,8,42,69,No
2752,HR,33,81782,8,50,94,Yes
2753,HR,51,59229,1,37,61,No
2754,HR,28,78444,6,60,87,No
2755,IT,53,60036,12,42,91,Yes
2756,IT,40,64322,9,44,100,Yes
2757,Finance,27,52167,8,49,89,Yes
2758,HR,41,76667,3,49,73,No
2759,Sales,48,119527,11,42,89,Yes
2760,Operations,58,108337,1,52,57,No
2761,Sales,28,76468,2,56,80,No
2762,Operations,26,97894,11,34,90,Yes
2763,HR,32,78084,2,51,62,No
2764,HR,36,88138,7,51,71,No
2765,HR,24,47588,12,57,100,Yes
2766,IT,26,87901,6,35,57,No
2767,Operations,44,42671,11,59,100,Yes
2768,IT,58,108038,2,55,67,No
2769,IT,30,115664,8,34,76,No
2770,Marketing,36,56645,9,42,94,Yes
2771,Sales,24,32637,7,58,96,Yes
2772,Sales,50,25660,4,34,71,No
2773,Finance,27,31922,13,54,100,Yes
2774,IT,38,118697,13,42,94,Yes
2775,Operations,47,69721,1,53,56,No
2776,Marketing,42,82256,4,60,88,No
2777,Marketing,29,94506,4,49,59,No
2778,Sales,42,93943,8,52,76,No
2779,IT,32,52843,4,37,49,No
2780,Finance,59,34046,4,57,75,No
2781,IT,29,114336,13,38,62,No
2782,HR,45,88985,2,50,48,No
2783,IT,56,105083,12,48,90,Yes
2784,HR,35,55346,10,60,100,Yes
2785,HR,35,113284,7,58,100,Yes
2786,Finance,31,116384,4,49,71,No
2787,Operations,33,78526,11,44,100,Yes
2788,Sales,59,98143,6,55,90,No
2789,IT,55,61787,3,51,56,No
2790,HR,31,58583,7,39,86,Yes
2791,IT,38,37563,6,40,70,No
2792,Operations,38,71060,3,34,58,No
2793,Sales,24,58690,4,38,66,No
2794,Operations,52,119712,10,58,100,Yes
2795,Sales,22,39925,14,40,100,Yes
2796,Marketing,33,111787,5,56,83,No
2797,Sales,25,108184,9,59,100,Yes
2798,Finance,34,45108,14,48,100,Yes
2799,Operations,55,101515,6,31,63,No
2800,HR,42,93258,13,35,95,Yes
2801,Marketing,43,30355,4,58,84,No
2802,Finance,25,71069,11,52,100,Yes
2803,IT,39,119335,11,50,100,Yes
2804,Operations,26,79471,7,30,46,No
2805,HR,40,57705,2,32,42,No
2806,Sales,23,68909,4,32,44,No
2807,HR,33,113606,5,57,76,No
2808,IT,38,78739,4,43,68,No
2809,Marketing,31,101820,4,49,54,No
2810,Marketing,55,112273,11,59,100,Yes
2811,Operations,27,48241,13,55,100,Yes
2812,Marketing,29,52414,9,51,85,Yes
2813,Operations,32,75818,14,34,100,Yes
2814,Operations,33,45895,11,46,93,Yes
2815,Operations,30,117307,13,44,100,Yes
2816,Sales,23,87409,2,35,57,No
2817,Finance,29,80324,6,43,73,No
2818,Operations,32,91920,14,43,100,Yes
2819,Operations,57,78555,8,54,99,Yes
2820,Finance,31,90453,8,56,100,Yes
2821,HR,42,47689,11,46,100,Yes
2822,Operations,41,89356,7,37,61,No
2823,Sales,29,118011,10,37,84,Yes
2824,Marketing,57,33252,11,48,100,Yes
2825,Marketing,50,55844,4,60,82,No
2826,IT,33,48365,7,58,96,Yes
2827,IT,35,31026,13,38,100,Yes
2828,Marketing,42,53523,10,40,100,Yes
2829,Marketing,43,35482,6,42,82,No
2830,Sales,42,73888,11,42,100,Yes
2831,Finance,51,75110,6,56,73,No
2832,IT,41,115644,2,53,74,No
2833,Finance,45,25493,8,48,96,Yes
2834,Sales,44,81194,8,55,92,Yes
2835,Marketing,28,107001,14,50,100,Yes
2836,Operations,30,64767,11,48,100,Yes
2837,Finance,22,54550,7,34,64,No
2838,Marketing,47,38833,11,45,82,Yes
2839,Marketing,59,27970,9,38,71,No
2840,HR,59,107681,8,60,90,Yes
2841,Finance,43,74177,14,57,100,Yes
2842,Operations,31,92342,9,49,82,Yes
2843,Finance,27,96200,9,51,100,Yes
2844,Marketing,38,86501,6,32,66,No
2845,Operations,59,53900,2,48,48,No
2846,Sales,45,39126,12,34,87,Yes
2847,HR,31,95690,7,37,84,Yes
2848,Marketing,29,112744,3,43,70,No
2849,IT,42,104303,13,53,100,Yes
2850,IT,27,110579,7,32,78,No
2851,HR,42,72994,9,53,90,Yes
2852,Sales,45,92061,10,42,94,Yes
2853,Marketing,54,41978,14,40,95,Yes
2854,Finance,39,81344,10,58,100,Yes
2855,HR,49,71648,2,37,47,No
2856,Sales,53,26055,14,48,100,Yes
2857,Finance,33,100582,13,39,100,Yes
2858,IT,48,106214,6,60,97,No
2859,IT,31,69876,13,58,100,Yes
2860,Finance,53,117160,6,60,100,No
2861,HR,47,63725,9,55,100,Yes
2862,IT,46,30255,13,47,100,Yes
2863,Marketing,32,99947,9,55,83,Yes
2864,Operations,44,78380,13,47,100,Yes
2865,Finance,55,78333,5,54,84,No
2866,Finance,44,67459,14,36,92,Yes
2867,IT,50,61163,5,45,67,No
2868,HR,52,58971,9,35,80,No
2869,Marketing,28,90149,8,45,90,Yes
2870,HR,54,109730,7,45,88,Yes
2871,Sales,42,44476,8,52,86,Yes
2872,Sales,23,93580,6,53,85,No
2873,Operations,39,111593,3,57,77,No
2874,IT,54,94050,7,30,63,No
2875,IT,58,100526,8,53,88,Yes
2876,IT,55,32507,8,48,95,Yes
2877,Operations,41,95393,1,32,35,No
2878,Sales,56,37118,7,35,58,No
2879,HR,39,75529,3,33,61,No
2880,Operations,45,93682,2,33,32,No
2881,Operations,29,116937,14,33,100,Yes
2882,HR,51,79176,2,39,52,No
2883,IT,31,116713,14,38,100,Yes
2884,Marketing,44,29414,14,37,100,Yes
2885,HR,32,108030,8,48,58,No
2886,Sales,23,110973,9,46,83,Yes
2887,Finance,47,87137,3,46,63,No
2888,Finance,57,28937,14,30,98,Yes
2889,Operations,54,61731,3,49,69,No
2890,Finance,34,111862,6,43,83,No
2891,Marketing,46,63665,11,51,100,Yes
2892,IT,25,99510,10,49,91,Yes
2893,Sales,40,42500,1,56,55,No
2894,Marketing,39,26750,6,40,86,No
2895,Sales,58,90018,12,32,90,Yes
2896,Sales,51,29027,3,53,67,No
2897,IT,40,30745,11,59,100,Yes
2898,Operations,44,86731,4,37,69,No
2899,Finance,37,111984,9,51,86,Yes
2900,IT,22,53451,3,54,64,No
2901,Marketing,33,118743,1,57,45,No
2902,Operations,45,96474,3,39,51,No
2903,Marketing,55,86536,7,46,86,Yes
2904,Operations,29,37150,13,58,100,Yes
2905,Marketing,39,38406,7,37,89,Yes
2906,IT,26,44781,11,51,100,Yes
2907,Operations,47,82417,5,30,53,No
2908,Operations,51,43325,14,49,100,Yes
2909,Sales,34,93684,1,50,41,No
2910,Sales,40,119415,11,36,90,Yes
2911,HR,50,98469,8,53,96,Yes
2912,Marketing,24,34436,10,38,86,Yes
2913,Sales,47,42669,8,57,99,Yes
2914,HR,33,97010,10,41,84,Yes
2915,Sales,23,101764,12,51,98,Yes
2916,Marketing,32,26843,10,55,100,Yes
2917,Operations,49,90609,13,38,100,Yes
2918,Finance,39,75812,10,49,97,Yes
2919,Marketing,34,41059,2,53,65,No
2920,IT,58,111269,10,32,89,Yes
2921,Sales,43,65768,3,33,55,No
2922,Sales,33,50395,4,39,67,No
2923,Operations,23,45202,1,33,48,No
2924,IT,58,38273,4,51,75,No
2925,Operations,28,73889,5,60,88,No
2926,IT,47,98048,3,38,72,No
2927,Finance,47,118767,14,51,100,Yes
2928,Sales,45,113810,11,30,76,No
2929,Sales,33,70510,10,34,65,No
2930,Finance,37,112945,2,38,45,No
2931,HR,44,95649,13,34,100,Yes
2932,Operations,30,27881,6,35,74,No
2933,Finance,53,70913,8,48,75,No
2934,Operations,36,109785,7,37,79,No
2935,Marketing,58,90037,11,39,100,Yes
2936,Sales,34,87457,14,40,100,Yes
2937,Operations,26,60343,1,42,51,No
2938,IT,32,87389,4,49,67,No
2939,Operations,31,103250,3,33,43,No
2940,Marketing,34,33656,6,40,77,No
2941,Sales,36,30741,9,41,91,Yes
2942,Finance,28,41661,9,34,75,No
2943,Marketing,49,53690,7,59,100,Yes
2944,Sales,53,57833,12,39,83,Yes
2945,Operations,56,96240,9,60,100,Yes
2946,HR,36,102711,8,54,86,Yes
2947,HR,57,82141,5,58,86,No
2948,IT,42,103232,9,53,78,No
2949,Sales,27,64023,14,36,100,Yes
2950,HR,22,65209,7,50,95,Yes
2951,Finance,25,118590,5,38,65,No
2952,Sales,32,111612,8,38,74,No
2953,Finance,47,105522,7,39,81,Yes
2954,Finance,58,39440,9,39,87,Yes
2955,HR,44,32960,10,31,90,Yes
2956,Sales,50,47462,1,33,36,No
2957,Operations,42,42821,13,37,100,Yes
2958,Marketing,48,82772,9,58,100,Yes
2959,HR,34,52258,7,43,84,Yes
2960,HR,44,117889,1,46,49,No
2961,Operations,37,113952,1,42,50,No
2962,Sales,51,87524,5,60,86,No
2963,Sales,25,47115,8,50,94,Yes
2964,Finance,37,71433,9,53,100,Yes
2965,Operations,52,115504,12,47,100,Yes
2966,Operations,46,113267,6,47,70,No
2967,Sales,33,113321,12,42,100,Yes
2968,Finance,47,104364,13,37,96,Yes
2969,HR,58,95077,10,55,95,Yes
2970,IT,54,65644,12,41,100,Yes
2971,Marketing,49,87643,8,54,91,Yes
2972,HR,30,38311,6,52,63,No
2973,Sales,33,55531,11,53,100,Yes
2974,Marketing,26,39588,6,50,75,No
2975,IT,49,74416,4,30,55,No
2976,IT,56,37380,11,49,100,Yes
2977,Finance,26,67645,5,60,86,No
2978,Marketing,55,42818,14,47,96,Yes
2979,Finance,55,55857,2,32,22,No
2980,HR,34,46711,3,41,49,No
2981,Operations,35,30097,3,48,62,No
2982,Operations,32,53393,14,54,100,Yes
2983,Operations,59,47076,12,42,100,Yes
2984,Marketing,25,109274,11,60,100,Yes
2985,Operations,54,82609,5,39,49,No
2986,HR,28,54317,14,44,100,Yes
2987,Finance,29,83480,5,49,69,No
2988,Marketing,58,32044,6,31,63,No
2989,Finance,31,96033,5,48,90,No
2990,Marketing,36,80486,12,32,100,Yes
2991,Finance,59,80162,6,43,73,No
2992,IT,36,104287,8,36,84,Yes
2993,Finance,26,54882,2,37,49,No
2994,Operations,50,79078,4,58,67,No
2995,IT,40,83734,13,40,100,Yes
2996,Finance,31,68826,6,58,82,No
2997,Marketing,33,112985,12,51,100,Yes
2998,Marketing,25,69028,5,49,65,No
2999,Marketing,52,76331,1,35,41,No
3000,Sales,39,57543,9,58,100,Yes
3001,HR,37,54362,3,40,62,No
3002,Marketing,57,52315,2,46,59,No
3003,IT,46,52746,9,58,100,Yes
3004,Marketing,44,35057,7,39,95,Yes
3005,Sales,33,67915,5,53,73,No
3006,Operations,55,46061,12,46,100,Yes
3007,IT,57,76370,6,60,100,No
3008,Sales,58,59157,12,50,100,Yes
3009,Operations,24,36322,11,31,93,Yes
3010,IT,30,94812,4,60,61,No
3011,Finance,39,102842,1,35,34,No
3012,HR,56,59017,4,54,69,No
3013,HR,55,81792,9,34,92,Yes
3014,Sales,35,52742,1,33,30,No
3015,Operations,25,89808,10,59,100,Yes
3016,HR,50,42629,3,31,54,No
3017,Operations,36,33245,5,41,58,No
3018,Operations,49,68870,7,32,69,No
3019,Sales,37,89829,9,35,81,Yes
3020,Sales,33,35588,6,53,91,No
3021,Sales,26,25442,3,43,64,No
3022,HR,55,102339,13,37,100,Yes
3023,Sales,22,65721,7,50,87,Yes
3024,HR,53,62145,14,50,100,Yes
3025,Sales,47,35599,4,55,76,No
3026,Marketing,38,97594,3,43,58,No
3027,Operations,48,107742,14,58,100,Yes
3028,Sales,45,102430,7,32,62,No
3029,IT,56,27939,11,45,100,Yes
3030,Operations,47,47149,11,44,99,Yes
3031,Operations,59,91567,7,36,63,No
3032,Sales,44,35208,4,44,52,No
3033,Finance,43,91098,12,42,100,Yes
3034,Sales,25,74492,7,35,80,No
3035,Operations,30,45951,11,44,92,Yes
3036,IT,25,73920,14,46,100,Yes
3037,Operations,28,71766,2,33,51,No
3038,IT,44,82014,1,51,65,No
3039,HR,23,53351,12,56,100,Yes
3040,Marketing,45,109216,2,51,65,No
3041,Operations,52,74386,4,56,81,No
3042,Sales,52,112122,8,43,90,Yes
3043,HR,55,34308,3,44,48,No
3044,Marketing,45,84252,10,57,100,Yes
3045,Sales,47,100145,6,41,73,No
3046,Finance,37,108211,6,48,85,No
3047,Sales,34,53064,13,51,100,Yes
3048,IT,36,78879,9,57,100,Yes
3049,IT,48,33720,9,39,87,Yes
3050,Finance,25,67940,4,35,36,No
3051,HR,37,104993,9,57,92,Yes
3052,Marketing,51,93475,13,54,100,Yes
3053,Sales,51,72113,6,38,55,No
3054,IT,57,73926,2,31,42,No
3055,HR,24,63203,10,33,82,Yes
3056,Finance,43,113901,14,38,100,Yes
3057,Operations,43,30392,11,44,87,Yes
3058,IT,33,50905,6,59,91,No
3059,Finance,42,98508,2,42,43,No
3060,Sales,25,75385,8,49,71,No
3061,Marketing,52,55653,4,37,62,No
3062,IT,52,116865,5,55,86,No
3063,IT,44,109720,8,57,100,Yes
3064,Sales,41,39799,14,48,100,Yes
3065,Operations,36,85103,11,48,100,Yes
3066,HR,44,40052,8,54,99,Yes
3067,Marketing,49,31044,12,45,100,Yes
3068,IT,37,44871,14,40,100,Yes
3069,Marketing,58,114303,12,39,100,Yes
3070,IT,42,45234,6,37,77,No
3071,Marketing,36,46381,4,30,51,No
3072,Finance,38,42274,1,39,48,No
3073,IT,58,112840,12,59,100,Yes
3074,Marketing,34,108108,7,47,85,Yes
3075,HR,40,74892,8,32,83,Yes
3076,Finance,51,75521,9,59,100,Yes
3077,Finance,39,116501,2,40,43,No
3078,HR,35,108920,1,47,38,No
3079,Marketing,57,108391,4,32,52,No
3080,Sales,57,42920,13,37,90,Yes
3081,HR,41,41702,5,56,81,No
3082,Marketing,40,26894,10,56,100,Yes
3083,HR,28,55985,12,57,100,Yes
3084,HR,25,53287,1,43,53,No
3085,IT,55,98527,5,35,69,No
3086,Marketing,23,40439,6,44,69,No
3087,Sales,26,119620,3,43,73,No
3088,IT,31,67235,12,36,100,Yes
3089,HR,53,52659,7,39,78,No
3090,Operations,34,49976,14,44,95,Yes
3091,HR,26,107643,6,60,100,No
3092,HR,31,92865,4,58,95,No
3093,Marketing,31,93306,3,39,54,No
3094,Marketing,59,81697,5,51,76,No
3095,IT,48,95382,3,46,55,No
3096,Sales,42,41651,10,56,89,Yes
3097,IT,29,74044,9,48,87,Yes
3098,Finance,22,39633,9,58,100,Yes
3099,HR,49,104164,6,46,86,No
3100,Operations,35,25569,13,41,98,Yes
3101,HR,42,84900,11,44,93,Yes
3102,HR,51,92509,6,55,100,No
3103,IT,42,58038,12,41,90,Yes
3104,Operations,30,74088,14,54,100,Yes
3105,Operations,38,98177,4,58,73,No
3106,Operations,26,99466,4,38,44,No
3107,IT,52,97216,2,34,38,No
3108,HR,59,91793,10,33,77,No
3109,IT,40,98786,4,41,51,No
3110,Marketing,57,63138,8,45,98,Yes
3111,Marketing,54,88310,13,38,91,Yes
3112,IT,34,53757,10,54,100,Yes
3113,Operations,35,95394,2,60,61,No
3114,HR,54,104027,9,32,74,No
3115,IT,50,115830,14,50,100,Yes
3116,IT,57,81151,1,32,37,No
3117,IT,31,74272,13,55,100,Yes
3118,Finance,52,31908,2,47,71,No
3119,Marketing,27,35844,2,46,50,No
3120,Operations,22,76455,11,57,100,Yes
3121,Sales,28,93447,13,39,95,Yes
3122,Operations,48,99527,14,31,98,Yes
3123,Sales,42,102108,6,53,100,No
3124,Finance,49,68066,14,40,100,Yes
3125,IT,37,65004,7,53,100,Yes
3126,Finance,44,63333,13,32,94,Yes
3127,Finance,41,108029,3,52,72,No
3128,HR,59,64697,11,52,100,Yes
3129,Marketing,46,42634,9,31,79,No
3130,Sales,49,49561,5,38,52,No
3131,IT,26,43033,5,48,75,No
3132,Sales,42,97887,11,31,80,No
3133,Operations,39,80063,12,57,100,Yes
3134,Sales,27,50921,4,48,64,No
3135,Operations,50,44340,9,31,79,No
3136,Marketing,40,87781,8,44,94,Yes
3137,Operations,54,39901,12,53,100,Yes
3138,Sales,22,35638,4,50,69,No
3139,Sales,24,63596,4,32,60,No
3140,Operations,42,111914,2,34,44,No
3141,Finance,56,69324,9,40,88,Yes
3142,Marketing,24,113356,3,56,71,No
3143,HR,46,115596,4,53,75,No
3144,IT,59,57642,14,36,95,Yes
3145,Sales,41,50378,7,35,71,No
3146,IT,55,75867,10,43,100,Yes
3147,HR,42,98686,8,58,99,Yes
3148,IT,44,67875,8,30,61,No
3149,HR,27,114595,4,55,89,No
3150,Operations,34,108729,7,46,88,Yes
3151,Finance,44,89377,10,46,100,Yes
3152,Sales,30,79691,1,43,55,No
3153,HR,38,118337,6,39,57,No
3154,IT,23,89303,6,59,95,No
3155,Sales,40,85839,6,37,80,No
3156,Finance,40,74063,12,37,92,Yes
3157,Operations,28,116782,2,43,33,No
3158,Sales,41,103343,8,36,79,No
3159,HR,30,108071,14,35,100,Yes
3160,Finance,38,30492,5,33,42,No
3161,IT,48,56357,5,30,61,No
3162,Finance,23,96838,2,44,59,No
3163,Finance,57,57314,4,60,65,No
3164,Marketing,40,73697,12,54,100,Yes
3165,Finance,38,95283,9,44,96,Yes
3166,Finance,26,84567,9,30,56,No
3167,Sales,39,72006,6,49,87,No
3168,IT,28,85011,11,32,94,Yes
3169,Sales,38,35686,9,52,100,Yes
3170,Sales,57,62449,4,34,47,No
3171,HR,25,86606,11,34,97,Yes
3172,Sales,59,43891,1,33,35,No
3173,Marketing,46,77115,2,46,50,No
3174,Marketing,26,85719,13,50,100,Yes
3175,HR,51,98030,1,49,34,No
3176,Operations,33,61723,8,43,88,Yes
3177,IT,25,54877,9,55,97,Yes
3178,IT,45,118517,10,58,80,No
3179,Sales,50,39026,12,37,97,Yes
3180,Sales,30,45422,6,31,72,No
3181,Operations,25,34244,2,37,33,No
3182,Sales,45,58481,6,30,52,No
3183,IT,35,114180,9,58,100,Yes
3184,Finance,26,83031,12,33,67,No
3185,Marketing,39,33521,3,48,57,No
3186,Finance,40,26746,9,34,82,Yes
3187,Finance,33,108127,2,58,62,No
3188,IT,39,117254,11,34,76,No
3189,Finance,38,93232,5,50,62,No
3190,Operations,51,37012,11,57,95,Yes
3191,HR,45,105224,2,49,52,No
3192,Sales,32,48457,7,53,98,Yes
3193,HR,56,95572,11,48,100,Yes
3194,Marketing,44,54960,10,41,91,Yes
3195,Sales,38,112695,9,49,100,Yes
3196,Finance,22,32910,7,30,55,No
3197,Marketing,36,27693,12,36,75,No
3198,Sales,53,40858,5,46,89,No
3199,Operations,30,53810,4,60,74,No
3200,Operations,36,45092,12,31,98,Yes
3201,Operations,49,113779,4,40,61,No
3202,Operations,45,73700,10,36,95,Yes
3203,Finance,56,83105,8,46,95,Yes
3204,HR,43,55505,10,56,100,Yes
3205,Sales,48,98228,13,32,100,Yes
3206,Finance,40,53555,10,58,100,Yes
3207,Operations,33,96934,14,51,100,Yes
3208,HR,41,97788,10,35,100,Yes
3209,Marketing,22,102257,10,51,93,Yes
3210,Marketing,42,42939,10,40,90,Yes
3211,Marketing,22,36825,1,58,69,No
3212,Operations,31,115787,5,47,55,No
3213,Marketing,53,49151,14,47,100,Yes
3214,IT,43,25036,2,51,65,No
3215,Sales,39,118948,13,39,100,Yes
3216,Sales,53,108707,11,34,100,Yes
3217,Operations,48,64051,9,59,100,Yes
3218,IT,49,105738,7,52,100,Yes
3219,Finance,39,98596,10,52,100,Yes
3220,Finance,50,85071,8,50,92,Yes
3221,Marketing,39,98601,6,53,66,No
3222,HR,29,54873,9,55,85,Yes
3223,Finance,52,61648,6,51,81,No
3224,HR,55,96468,7,44,74,No
3225,Sales,28,51470,7,50,87,Yes
3226,HR,57,90129,9,49,100,Yes
3227,Sales,39,33328,11,52,100,Yes
3228,IT,59,31333,8,33,66,No
3229,IT,30,71638,13,50,100,Yes
3230,Operations,30,36268,1,50,45,No
3231,Operations,29,95603,4,30,38,No
3232,Marketing,56,42045,7,44,82,Yes
3233,Finance,39,65741,11,46,92,Yes
3234,Marketing,26,113306,8,48,81,Yes
3235,Sales,35,67770,7,60,100,Yes
3236,Marketing,49,32887,12,43,100,Yes
3237,HR,51,49918,3,56,67,No
3238,Sales,25,60497,4,48,51,No
3239,Operations,41,118562,12,47,99,Yes
3240,IT,46,86009,7,57,100,Yes
3241,Operations,49,36929,8,31,80,No
3242,Finance,33,86762,7,35,84,Yes
3243,Sales,23,104099,6,42,74,No
3244,Sales,35,53546,9,46,87,Yes
3245,HR,43,103424,9,35,89,Yes
3246,Finance,52,62338,11,50,100,Yes
3247,IT,44,59283,13,51,100,Yes
3248,Sales,41,107494,7,34,61,No
3249,Sales,59,103170,8,36,60,No
3250,HR,25,109787,6,30,52,No
3251,Marketing,36,71566,1,42,53,No
3252,IT,45,110464,1,48,47,No
3253,Operations,46,106991,6,51,90,No
3254,Finance,22,117680,2,30,59,No
3255,Sales,28,53013,14,42,100,Yes
3256,Sales,52,77132,8,40,79,No
3257,Operations,33,112412,1,56,66,No
3258,IT,26,117498,13,36,95,Yes
3259,Marketing,59,53084,2,49,52,No
3260,Sales,33,46143,8,32,65,No
3261,IT,39,116627,12,55,100,Yes
3262,Operations,23,39179,6,54,92,No
3263,HR,31,83726,12,30,85,Yes
3264,Marketing,36,35222,10,37,98,Yes
3265,Finance,51,84965,2,46,61,No
3266,Sales,38,89068,2,42,51,No
3267,IT,25,48949,11,43,100,Yes
3268,HR,28,41116,14,34,94,Yes
3269,Finance,52,76052,7,55,82,Yes
3270,IT,55,76369,5,53,85,No
3271,IT,27,73817,5,51,54,No
3272,Finance,59,108203,8,52,92,Yes
3273,HR,55,99311,12,56,100,Yes
3274,Operations,36,54655,12,53,100,Yes
3275,HR,35,82802,7,58,100,Yes
3276,Marketing,27,72632,12,35,93,Yes
3277,Sales,58,39193,14,56,100,Yes
3278,Finance,53,105212,9,51,87,Yes
3279,Operations,24,55776,4,56,71,No
3280,Finance,24,68225,10,35,98,Yes
3281,Finance,43,85010,4,50,69,No
3282,HR,43,107735,2,37,48,No
3283,Sales,31,90451,3,42,46,No
3284,Marketing,24,73812,1,47,56,No
3285,IT,33,105602,1,52,64,No
3286,IT,50,43895,7,60,100,Yes
3287,Finance,38,90782,14,33,90,Yes
3288,Sales,28,46209,14,46,100,Yes
3289,Operations,34,107336,5,58,73,No
3290,HR,23,86807,3,34,48,No
3291,Sales,25,48086,7,32,50,No
3292,Sales,31,110637,14,33,100,Yes
3293,HR,45,107027,2,52,51,No
3294,Finance,38,52207,3,34,44,No
3295,Sales,27,45897,1,43,48,No
3296,IT,40,88083,8,44,92,Yes
3297,HR,26,91957,2,49,66,No
3298,Operations,53,103506,7,46,57,No
3299,Marketing,31,32283,11,35,96,Yes
3300,Finance,30,119024,9,56,100,Yes
3301,HR,48,106481,6,39,63,No
3302,Marketing,34,25255,2,51,52,No
3303,Marketing,40,101555,2,52,61,No
3304,Operations,42,40487,9,45,92,Yes
3305,Sales,45,44346,10,46,99,Yes
3306,Operations,59,60050,8,43,81,Yes
3307,Sales,25,33744,14,49,93,Yes
3308,Sales,45,49756,14,41,100,Yes
3309,HR,56,86596,14,38,96,Yes
3310,HR,24,108397,9,44,100,Yes
3311,Finance,25,50146,4,41,61,No
3312,Sales,58,80032,4,43,70,No
3313,Marketing,56,67687,2,55,71,No
3314,IT,52,71103,14,51,100,Yes
3315,Finance,46,46976,10,47,92,Yes
3316,HR,34,87863,1,49,48,No
3317,Operations,25,25591,10,35,64,No
3318,Finance,35,31277,13,33,99,Yes
3319,Finance,34,86860,4,60,83,No
3320,Finance,48,27260,10,55,100,Yes
3321,Finance,27,90883,10,52,100,Yes
3322,IT,38,49741,11,41,83,Yes
3323,Operations,57,62211,8,42,79,No
3324,Operations,56,66542,2,48,51,No
3325,Operations,38,31869,13,51,100,Yes
3326,Sales,23,118618,12,42,100,Yes
3327,Marketing,34,112616,11,60,100,Yes
3328,Operations,23,89732,8,41,79,No
3329,Finance,49,119515,1,49,43,No
3330,Finance,47,44422,1,32,33,No
3331,Operations,43,60613,4,57,82,No
3332,Operations,24,82016,7,32,53,No
3333,Finance,56,85110,9,43,87,Yes
3334,Sales,33,113529,5,47,64,No
3335,HR,45,102922,2,56,52,No
3336,HR,26,59033,12,48,100,Yes
3337,Operations,41,70213,7,58,100,Yes
3338,IT,34,86993,11,57,100,Yes
3339,Operations,33,37938,2,59,66,No
3340,Operations,34,101695,9,39,63,No
3341,HR,31,27274,9,46,75,No
3342,Finance,54,109390,3,44,47,No
3343,Operations,37,56815,13,48,100,Yes
3344,Finance,56,101018,8,38,76,No
3345,Finance,24,43961,11,33,91,Yes
3346,IT,26,45044,4,44,70,No
3347,Finance,47,46975,3,48,65,No
3348,HR,32,39706,1,45,39,No
3349,Sales,28,30974,5,37,65,No
3350,Sales,31,101464,13,46,100,Yes
3351,Marketing,55,46213,14,50,100,Yes
3352,Operations,24,26950,11,30,66,No
3353,HR,29,110013,4,36,67,No
3354,Finance,52,35411,1,50,55,No
3355,Sales,32,112231,10,60,82,Yes
3356,HR,28,71156,8,47,100,Yes
3357,Sales,23,87744,8,41,76,No
3358,Finance,27,42771,13,45,100,Yes
3359,Sales,53,94810,8,59,100,Yes
3360,Operations,41,60053,3,30,42,No
3361,Operations,55,77076,6,56,87,No
3362,Marketing,37,32045,12,44,96,Yes
3363,Marketing,46,82623,12,36,96,Yes
3364,Sales,33,54714,7,57,100,Yes
3365,HR,28,59386,9,46,82,Yes
3366,Operations,38,33562,5,32,62,No
3367,HR,32,80048,9,40,77,No
3368,HR,27,118295,6,60,88,No
3369,Sales,44,37026,10,35,100,Yes
3370,HR,48,56589,10,60,100,Yes
3371,Operations,27,51844,10,35,92,Yes
3372,Finance,59,48447,4,44,64,No
3373,Marketing,23,115415,13,36,100,Yes
3374,Finance,43,102502,1,40,35,No
3375,HR,41,108268,1,59,48,No
3376,Finance,46,79708,14,56,100,Yes
3377,Operations,36,88925,10,46,92,Yes
3378,Operations,50,95825,5,52,81,No
3379,HR,29,76574,13,47,100,Yes
3380,Sales,58,110548,14,51,100,Yes
3381,Finance,54,43812,3,58,95,No
3382,Sales,43,80309,5,53,79,No
3383,Sales,26,89230,5,58,75,No
3384,IT,39,66628,1,50,31,No
3385,HR,59,65581,14,55,100,Yes
3386,Marketing,58,71628,8,48,65,No
3387,Operations,51,113628,5,56,84,No
3388,Operations,52,50105,5,37,76,No
3389,HR,31,104830,9,53,97,Yes
3390,Marketing,36,94157,8,49,90,Yes
3391,Operations,39,57442,13,37,100,Yes
3392,HR,44,112235,1,50,61,No
3393,Operations,54,27347,3,58,84,No
3394,Sales,37,72650,12,40,99,Yes
3395,Finance,59,42110,7,50,62,No
3396,Finance,56,87170,1,32,48,No
3397,Operations,55,29923,1,60,62,No
3398,IT,49,76801,5,52,68,No
3399,Marketing,23,87771,9,56,100,Yes
3400,Marketing,51,106147,6,43,74,No
3401,Marketing,34,73135,10,56,98,Yes
3402,Sales,37,44199,2,38,35,No
3403,Marketing,26,34066,11,54,100,Yes
3404,Finance,49,77136,9,30,66,No
3405,Sales,41,117290,6,30,61,No
3406,HR,45,61575,5,55,83,No
3407,Marketing,48,114796,5,57,91,No
3408,Marketing,51,71733,12,41,100,Yes
3409,HR,48,41991,3,40,57,No
3410,Marketing,47,47553,14,60,100,Yes
3411,HR,28,114710,6,50,96,No
3412,Sales,59,112493,13,30,100,Yes
3413,Finance,26,25634,4,49,70,No
3414,HR,44,37771,13,41,100,Yes
3415,IT,49,43298,12,46,100,Yes
3416,HR,55,104876,10,44,95,Yes
3417,Marketing,36,60999,14,31,99,Yes
3418,Sales,53,96887,2,47,47,No
3419,Operations,47,84648,13,45,100,Yes
3420,Sales,52,87668,3,33,65,No
3421,Operations,40,94374,9,37,73,No
3422,HR,30,92509,11,31,83,Yes
3423,Finance,50,100783,11,43,89,Yes
3424,IT,25,69440,9,54,100,Yes
3425,Sales,24,56655,6,44,82,No
3426,Marketing,50,68039,10,57,94,Yes
3427,Operations,32,80255,10,38,67,No
3428,Marketing,54,97219,14,31,100,Yes
3429,Finance,59,79989,9,46,77,No
3430,Operations,32,36244,4,55,83,No
3431,Sales,48,119594,11,60,100,Yes
3432,HR,54,83595,5,39,70,No
3433,Marketing,42,64551,10,38,92,Yes
3434,Finance,52,88230,6,60,84,No
3435,Sales,59,53371,13,31,87,Yes
3436,Sales,23,94358,9,53,100,Yes
3437,Sales,48,53878,13,59,100,Yes
3438,Sales,57,61157,5,48,84,No
3439,Operations,32,30914,8,46,77,No
3440,Sales,39,108700,11,40,98,Yes
3441,Marketing,22,52180,1,46,47,No
3442,Finance,56,28688,5,39,64,No
3443,Operations,56,105219,10,47,89,Yes
3444,Sales,52,103616,1,52,55,No
3445,IT,49,34916,10,57,81,Yes
3446,IT,22,81363,14,35,96,Yes
3447,Finance,46,52360,6,45,69,No
3448,HR,59,62805,7,57,91,Yes
3449,HR,41,38453,12,56,100,Yes
3450,Operations,24,47703,14,47,100,Yes
3451,Operations,23,84021,5,49,88,No
3452,Operations,39,99176,1,47,43,No
3453,HR,31,119799,6,30,48,No
3454,IT,26,106614,10,57,88,Yes
3455,HR,30,113919,5,32,63,No
3456,Marketing,23,106072,6,44,74,No
3457,Sales,55,32410,11,49,100,Yes
3458,Operations,59,106462,10,39,90,Yes
3459,IT,52,73268,7,50,84,Yes
3460,Finance,31,59248,7,34,71,No
3461,Finance,33,56159,2,44,75,No
3462,Sales,57,67039,12,52,100,Yes
3463,IT,42,72800,3,43,78,No
3464,HR,27,65761,12,44,100,Yes
3465,HR,24,119626,6,39,72,No
3466,Marketing,31,111103,3,53,73,No
3467,Marketing,26,68663,2,38,16,No
3468,HR,47,105903,4,41,58,No
3469,Finance,42,65412,5,36,54,No
3470,Operations,47,60367,11,34,100,Yes
3471,Finance,59,30813,10,54,100,Yes
3472,Marketing,47,84894,9,53,97,Yes
3473,Sales,29,76444,3,39,53,No
3474,HR,26,59269,3,54,55,No
3475,Marketing,36,86748,6,55,79,No
3476,Marketing,37,66190,5,37,70,No
3477,Operations,22,65318,6,51,59,No
3478,HR,37,62018,7,49,87,Yes
3479,Operations,58,64759,11,54,99,Yes
3480,HR,24,41498,3,45,72,No
3481,Operations,52,50989,13,41,100,Yes
3482,Finance,34,50568,5,38,47,No
3483,Sales,37,91577,8,39,74,No
3484,Sales,42,55099,4,45,69,No
3485,HR,23,114900,10,39,85,Yes
3486,IT,48,65639,2,38,49,No
3487,Marketing,59,48482,4,59,78,No
3488,Marketing,47,94212,2,55,73,No
3489,HR,59,80261,3,32,51,No
3490,Operations,46,112317,4,56,75,No
3491,IT,32,55048,4,57,77,No
3492,Finance,29,28065,10,60,99,Yes
3493,Operations,29,27036,9,48,100,Yes
3494,Operations,54,60814,10,40,100,Yes
3495,HR,28,84694,6,35,61,No
3496,HR,59,41924,9,35,80,No
3497,Marketing,42,85204,4,44,74,No
3498,HR,29,57844,9,58,100,Yes
3499,HR,42,106943,11,44,100,Yes
3500,HR,41,46518,13,42,97,Yes
3501,Marketing,29,42059,9,51,100,Yes
3502,Finance,52,48052,6,34,70,No
3503,Finance,50,94803,5,43,70,No
3504,HR,30,96524,3,50,57,No
3505,Marketing,36,118510,14,31,100,Yes
3506,Finance,51,114572,5,59,65,No
3507,Operations,47,33680,3,52,74,No
3508,Finance,31,92021,5,41,75,No
3509,Finance,50,105249,5,49,76,No
3510,Marketing,37,45043,2,43,43,No
3511,Operations,57,27419,14,48,100,Yes
3512,Marketing,41,81892,14,53,100,Yes
3513,HR,58,42140,9,49,86,Yes
3514,Sales,43,68484,7,44,88,Yes
3515,Finance,28,88869,14,56,100,Yes
3516,Sales,44,70210,6,49,76,No
3517,Marketing,50,82600,5,53,72,No
3518,Marketing,37,103497,4,46,64,No
3519,Marketing,59,31487,8,54,84,Yes
3520,Sales,49,85692,2,43,55,No
3521,Marketing,59,87112,8,52,97,Yes
3522,HR,52,56110,1,60,76,No
3523,Marketing,35,41360,10,57,100,Yes
3524,IT,54,74410,1,47,55,No
3525,Sales,30,115418,3,56,68,No
3526,IT,48,108038,5,57,73,No
3527,Marketing,45,98167,14,51,100,Yes
3528,HR,34,28017,6,53,97,No
3529,Finance,47,111261,4,56,82,No
3530,Operations,50,85124,7,34,73,No
3531,Operations,49,115298,7,51,67,No
3532,Marketing,49,75949,2,41,54,No
3533,HR,29,83268,2,39,35,No
3534,Sales,44,91320,2,37,34,No
3535,IT,50,118556,14,58,100,Yes
3536,IT,26,106301,2,35,37,No
3537,IT,28,56127,13,57,100,Yes
3538,Sales,57,28196,9,54,100,Yes
3539,Operations,48,100088,14,44,100,Yes
3540,HR,23,66300,5,41,60,No
3541,Sales,46,74714,11,54,100,Yes
3542,IT,30,56921,8,54,100,Yes
3543,Marketing,48,29746,5,35,61,No
3544,Finance,22,93535,13,41,94,Yes
3545,Sales,44,90350,11,44,94,Yes
3546,Sales,31,75345,5,41,89,No
3547,HR,46,74220,1,38,30,No
3548,HR,24,106131,6,48,81,No
3549,Sales,27,47063,4,50,91,No
3550,IT,27,96736,3,31,43,No
3551,Finance,23,113913,6,57,100,No
3552,HR,39,103946,2,42,45,No
3553,IT,44,70971,8,42,62,No
3554,Marketing,23,28598,1,37,36,No
3555,HR,33,35564,12,56,100,Yes
3556,IT,43,74725,9,42,70,No
3557,IT,58,111134,8,33,68,No
3558,Finance,41,84940,1,35,49,No
3559,Finance,45,87085,10,35,79,No
3560,Marketing,41,42862,12,50,100,Yes
3561,IT,22,35265,9,41,99,Yes
3562,Operations,22,34705,2,41,43,No
3563,IT,38,80279,3,46,67,No
3564,Finance,22,87471,2,56,48,No
3565,Operations,51,116080,13,36,91,Yes
3566,HR,24,104834,14,55,100,Yes
3567,HR,32,87979,8,44,96,Yes
3568,Sales,45,80828,2,53,53,No
3569,Finance,43,71104,10,46,86,Yes
3570,Sales,47,65934,2,39,51,No
3571,Operations,34,31050,1,52,61,No
3572,Finance,22,68952,7,49,73,No
3573,Marketing,45,111570,12,35,89,Yes
3574,IT,31,33484,2,38,58,No
3575,Marketing,56,87648,10,44,82,Yes
3576,Operations,45,84945,5,45,73,No
3577,Finance,49,78678,5,50,69,No
3578,Operations,57,56323,3,37,66,No
3579,IT,37,111332,3,45,65,No
3580,HR,37,119605,13,34,100,Yes
3581,HR,38,112363,12,47,100,Yes
3582,Operations,36,60361,3,49,72,No
3583,Sales,37,35315,6,43,80,No
3584,Finance,36,72968,14,31,100,Yes
3585,Finance,55,51519,4,52,69,No
3586,HR,32,34107,13,52,100,Yes
3587,Marketing,22,80781,3,59,55,No
3588,IT,36,28869,2,60,87,No
3589,Marketing,47,105983,13,32,90,Yes
3590,Marketing,25,52370,3,43,54,No
3591,Operations,26,87695,4,58,64,No
3592,HR,56,85422,6,36,72,No
3593,HR,34,32971,4,44,69,No
3594,HR,31,50651,8,46,83,Yes
3595,Operations,32,81974,3,30,21,No
3596,Sales,39,48446,12,38,90,Yes
3597,Marketing,55,63108,3,51,70,No
3598,Operations,44,100179,3,58,75,No
3599,Finance,28,28823,8,43,82,Yes
3600,IT,24,38454,4,45,60,No
3601,Sales,33,28932,1,57,46,No
3602,Finance,28,35220,2,50,69,No
3603,Marketing,47,99090,13,42,92,Yes
3604,HR,54,92965,14,35,100,Yes
3605,Marketing,58,53208,10,51,90,Yes
3606,Operations,36,97980,13,30,100,Yes
3607,IT,23,35510,13,50,100,Yes
3608,Operations,28,69045,14,54,100,Yes
3609,Sales,53,35537,2,33,49,No
3610,Sales,25,97683,14,32,87,Yes
3611,IT,41,94134,3,46,60,No
3612,Finance,57,97254,6,59,78,No
3613,Finance,53,38782,8,60,100,Yes
3614,Sales,49,90587,12,31,94,Yes
3615,Sales,34,107238,1,48,59,No
3616,HR,22,100720,9,49,88,Yes
3617,Finance,56,103004,1,52,64,No
3618,IT,51,47072,10,51,89,Yes
3619,Finance,57,106015,2,56,56,No
3620,HR,46,119003,3,37,50,No
3621,Operations,37,113938,7,59,84,Yes
3622,Sales,40,97746,9,54,100,Yes
3623,Sales,22,70702,3,44,54,No
3624,HR,26,31057,8,35,64,No
3625,IT,43,55916,9,52,84,Yes
3626,Sales,45,52268,10,49,100,Yes
3627,Marketing,58,68978,7,31,40,No
3628,Sales,57,48259,4,54,63,No
3629,Marketing,57,78583,4,54,88,No
3630,HR,25,104400,4,44,60,No
3631,HR,57,59293,6,49,86,No
3632,Sales,39,32043,4,41,65,No
3633,Finance,37,75430,5,32,55,No
3634,Marketing,39,63893,9,39,67,No
3635,IT,43,65642,12,43,89,Yes
3636,Sales,23,103065,7,56,77,No
3637,IT,42,55868,8,51,95,Yes
3638,Sales,57,51309,5,59,90,No
3639,Finance,50,48284,5,43,59,No
3640,Finance,47,94000,13,32,96,Yes
3641,Finance,42,109179,11,30,85,Yes
3642,Operations,38,87107,7,49,84,Yes
3643,Finance,37,90049,11,30,77,No
3644,HR,52,54265,13,31,100,Yes
3645,HR,30,106490,14,48,100,Yes
3646,Operations,52,48880,12,53,100,Yes
3647,Marketing,35,109579,8,39,73,No
3648,IT,58,25255,9,33,69,No
3649,Sales,23,26502,14,33,100,Yes
3650,Sales,35,95192,2,42,47,No
3651,Operations,54,90424,3,55,71,No
3652,HR,56,100838,12,38,79,No
3653,Sales,41,95966,12,36,90,Yes
3654,HR,23,66366,2,45,53,No
3655,Marketing,40,52425,10,47,100,Yes
3656,IT,58,77328,7,32,57,No
3657,Marketing,39,92396,12,49,94,Yes
3658,Operations,37,96694,2,49,63,No
3659,Finance,25,30806,12,39,98,Yes
3660,Finance,33,111274,14,53,100,Yes
3661,Finance,50,42106,2,55,48,No
3662,Marketing,28,81731,14,59,100,Yes
3663,Sales,35,100010,14,55,100,Yes
3664,IT,33,107533,2,51,74,No
3665,Finance,56,57599,12,45,94,Yes
3666,Operations,26,96326,13,32,100,Yes
3667,Operations,38,100706,4,40,40,No
3668,Finance,53,34004,1,54,62,No
3669,Finance,31,76364,2,39,64,No
3670,IT,38,50792,3,45,61,No
3671,Finance,26,89912,7,37,65,No
3672,IT,30,79645,10,38,100,Yes
3673,Operations,54,32232,1,44,52,No
3674,Finance,57,103210,6,50,81,No
3675,Marketing,57,79766,3,32,36,No
3676,Marketing,39,106588,3,33,51,No
3677,Operations,30,73542,4,59,72,No
3678,IT,50,30913,13,42,100,Yes
3679,Marketing,35,118449,4,41,61,No
3680,IT,46,35567,7,50,95,Yes
3681,Marketing,36,63379,3,38,47,No
3682,Marketing,27,99968,8,54,92,Yes
3683,IT,50,25319,8,43,90,Yes
3684,Sales,36,115005,11,48,100,Yes
3685,Marketing,50,117026,13,36,100,Yes
3686,Finance,25,111120,7,45,75,No
3687,Operations,39,29791,2,51,59,No
3688,Sales,37,25329,5,60,91,No
3689,IT,32,99387,6,49,97,No
3690,Sales,35,86032,12,34,77,No
3691,HR,24,69078,10,59,96,Yes
3692,HR,59,113662,4,60,78,No
3693,Marketing,39,46300,13,39,100,Yes
3694,Marketing,41,100700,10,47,94,Yes
3695,Finance,46,75945,5,40,59,No
3696,Operations,59,80609,14,36,93,Yes
3697,Sales,34,85562,9,43,81,Yes
3698,HR,25,115045,11,49,100,Yes
3699,Marketing,35,86901,7,47,82,Yes
3700,Operations,54,30703,2,40,56,No
3701,Sales,49,117645,11,51,93,Yes
3702,Marketing,58,88115,1,56,75,No
3703,Marketing,29,113090,2,41,45,No
3704,HR,55,52676,3,47,66,No
3705,HR,26,86710,11,55,100,Yes
3706,Marketing,26,85077,2,31,35,No
3707,IT,52,114340,11,52,100,Yes
3708,Marketing,30,70440,3,30,51,No
3709,Operations,53,61923,10,52,100,Yes
3710,Marketing,54,54802,11,39,100,Yes
3711,Finance,24,115331,11,50,100,Yes
3712,Finance,51,87904,12,30,100,Yes
3713,Finance,33,85162,14,35,100,Yes
3714,IT,50,90169,12,36,95,Yes
3715,IT,24,93147,9,46,94,Yes
3716,Marketing,47,47075,4,38,66,No
3717,Finance,51,107015,12,60,100,Yes
3718,IT,30,99716,9,36,65,No
3719,HR,47,34304,11,46,82,Yes
3720,Marketing,23,84622,3,32,60,No
3721,Operations,24,79215,12,45,97,Yes
3722,Sales,25,105146,1,34,22,No
3723,Marketing,46,98973,11,49,86,Yes
3724,Sales,34,37521,5,47,90,No
3725,Finance,56,49028,10,60,100,Yes
3726,Sales,44,64328,10,30,72,No
3727,Finance,30,52301,14,33,95,Yes
3728,HR,23,63015,2,52,62,No
3729,Sales,52,112276,4,40,68,No
3730,Marketing,23,61845,2,49,56,No
3731,Finance,53,111818,2,38,40,No
3732,Marketing,39,101394,13,59,100,Yes
3733,IT,34,69159,3,37,51,No
3734,Finance,26,68714,5,37,60,No
3735,Sales,31,105722,4,34,59,No
3736,Finance,46,50230,2,41,29,No
3737,Marketing,55,117554,11,60,100,Yes
3738,HR,58,74262,14,30,100,Yes
3739,Finance,51,115201,14,44,100,Yes
3740,Sales,28,66722,10,54,84,Yes
3741,IT,27,71359,2,47,51,No
3742,Operations,24,87796,14,35,100,Yes
3743,HR,34,65159,6,39,71,No
3744,IT,24,112052,7,43,95,Yes
3745,Finance,47,115209,12,50,100,Yes
3746,Marketing,45,30239,10,55,91,Yes
3747,Marketing,27,116951,6,58,85,No
3748,Sales,33,75886,7,60,82,Yes
3749,Marketing,57,52195,1,37,40,No
3750,HR,23,119859,6,56,100,No
3751,Marketing,32,59674,11,32,91,Yes
3752,Sales,55,43105,3,51,58,No
3753,Operations,47,54739,1,51,61,No
3754,Finance,39,56969,8,55,87,Yes
3755,Finance,42,39497,4,48,40,No
3756,Marketing,57,26816,10,41,78,No
3757,IT,43,117019,8,41,85,Yes
3758,Finance,51,84254,10,44,100,Yes
3759,Operations,51,112695,14,57,100,Yes
3760,Marketing,29,94385,11,36,94,Yes
3761,Sales,55,112148,4,56,89,No
3762,Operations,30,58826,4,33,59,No
3763,Marketing,41,88365,12,50,100,Yes
3764,Operations,46,109242,14,38,100,Yes
3765,Finance,40,75100,10,51,100,Yes
3766,Sales,26,115099,4,45,75,No
3767,Marketing,32,29359,6,55,78,No
3768,HR,36,37809,14,60,100,Yes
3769,Sales,29,89450,9,42,93,Yes
3770,HR,40,63428,5,33,61,No
3771,Operations,44,119990,12,53,100,Yes
3772,IT,48,97790,13,38,90,Yes
3773,Sales,53,115321,10,55,100,Yes
3774,Operations,47,27093,14,50,100,Yes
3775,HR,48,69498,8,47,92,Yes
3776,Finance,40,65985,8,44,73,No
3777,Finance,50,57009,4,44,56,No
3778,IT,54,107094,11,35,96,Yes
3779,Sales,40,42718,10,40,90,Yes
3780,Sales,58,41705,9,60,100,Yes
3781,Sales,40,112618,9,57,98,Yes
3782,Operations,54,87598,5,37,69,No
3783,IT,37,102878,6,58,87,No
3784,Sales,44,37239,5,50,67,No
3785,Operations,28,71622,3,46,70,No
3786,Finance,47,71665,11,53,98,Yes
3787,HR,53,57274,8,54,94,Yes
3788,Operations,33,36419,9,46,92,Yes
3789,Finance,29,40003,4,53,71,No
3790,Finance,26,55866,9,55,100,Yes
3791,HR,49,46988,9,57,100,Yes
3792,Finance,26,80894,7,47,86,Yes
3793,IT,47,115444,8,33,73,No
3794,HR,26,30674,3,58,91,No
3795,Finance,43,95538,5,60,99,No
3796,Marketing,36,118103,3,44,68,No
3797,Operations,34,91446,7,31,73,No
3798,Finance,49,54072,6,31,54,No
3799,IT,54,58717,11,39,93,Yes
3800,Sales,44,112345,3,32,53,No
3801,Finance,54,51651,9,59,100,Yes
3802,Sales,39,69291,12,37,100,Yes
3803,Marketing,51,88350,1,49,59,No
3804,Finance,47,107020,10,36,100,Yes
3805,HR,37,29646,3,41,54,No
3806,Sales,34,64713,11,55,100,Yes
3807,Marketing,54,92936,10,48,100,Yes
3808,HR,47,69331,11,55,100,Yes
3809,HR,22,47185,7,57,96,Yes
3810,HR,59,109263,3,59,78,No
3811,HR,23,77107,14,44,100,Yes
3812,Finance,27,91554,3,43,62,No
3813,Operations,59,42563,2,45,62,No
3814,Finance,45,95729,9,58,100,Yes
3815,Finance,39,40701,11,56,92,Yes
3816,Marketing,48,94072,4,43,47,No
3817,Marketing,29,73217,10,32,73,No
3818,Operations,49,69610,13,47,100,Yes
3819,Marketing,31,109422,6,58,80,No
3820,IT,38,75131,2,57,73,No
3821,Operations,50,54410,9,51,100,Yes
3822,Marketing,27,83715,7,35,83,Yes
3823,Operations,35,63665,10,46,99,Yes
3824,Finance,43,40957,5,52,87,No
3825,Finance,27,73127,7,57,86,Yes
3826,Operations,47,88589,14,43,100,Yes
3827,IT,33,71008,4,43,51,No
3828,IT,56,86920,13,49,100,Yes
3829,Operations,35,57875,10,42,100,Yes
3830,Marketing,43,26626,13,56,100,Yes
3831,Sales,44,115815,7,57,70,No
3832,IT,28,88822,2,32,32,No
3833,HR,46,96765,7,42,70,No
3834,Finance,34,97413,4,58,64,No
3835,Operations,42,58642,4,53,62,No
3836,HR,31,63311,1,31,38,No
3837,Operations,30,57356,12,38,100,Yes
3838,Finance,36,28809,3,42,36,No
3839,Finance,23,68371,5,37,56,No
3840,IT,46,59875,5,45,70,No
3841,IT,34,34465,2,53,52,No
3842,HR,55,91095,4,58,80,No
3843,Operations,55,98844,1,32,35,No
3844,Finance,56,90250,9,42,82,Yes
3845,HR,59,111889,1,33,29,No
3846,Sales,24,40250,6,47,79,No
3847,HR,27,71023,7,31,58,No
3848,Marketing,40,71624,3,49,46,No
3849,HR,24,41427,12,51,100,Yes
3850,Marketing,39,58276,1,50,42,No
3851,Marketing,30,96643,7,44,62,No
3852,Marketing,33,104012,3,46,62,No
3853,Sales,26,28439,13,58,100,Yes
3854,HR,24,110848,10,39,80,No
3855,HR,32,112331,12,30,92,Yes
3856,Sales,51,103672,12,60,100,Yes
3857,Finance,25,104703,6,35,67,No
3858,IT,26,42300,13,32,99,Yes
3859,HR,22,85289,12,48,91,Yes
3860,IT,48,42182,14,36,100,Yes
3861,Operations,49,95507,6,42,77,No
3862,Operations,50,75912,14,42,100,Yes
3863,Sales,39,51909,12,46,100,Yes
3864,Operations,33,44659,4,30,51,No
3865,Operations,34,56403,12,43,100,Yes
3866,Finance,23,58586,11,58,100,Yes
3867,Finance,58,35360,6,55,65,No
3868,Finance,37,46424,11,32,72,No
3869,Operations,45,73791,10,43,70,No
3870,Sales,56,28065,4,53,73,No
3871,Marketing,43,93795,13,30,100,Yes
3872,Marketing,57,37300,8,45,88,Yes
3873,IT,32,58370,9,39,81,Yes
3874,Marketing,50,94831,2,42,56,No
3875,Marketing,56,52209,7,33,65,No
3876,Finance,36,45927,9,38,90,Yes
3877,Finance,52,59579,9,43,99,Yes
3878,Operations,37,34032,12,33,83,Yes
3879,IT,31,118254,5,39,61,No
3880,HR,53,103413,1,37,40,No
3881,IT,23,65731,6,52,96,No
3882,IT,45,117202,8,32,63,No
3883,Sales,44,78767,1,52,67,No
3884,Operations,23,97302,2,60,55,No
3885,Sales,59,74954,13,36,100,Yes
3886,IT,52,113365,13,39,100,Yes
3887,IT,47,110757,1,32,35,No
3888,IT,50,50102,5,31,65,No
3889,Marketing,24,59433,2,44,48,No
3890,Sales,35,40932,10,38,78,No
3891,IT,46,50714,10,44,100,Yes
3892,Finance,22,82803,14,46,100,Yes
3893,Operations,24,64743,4,59,85,No
3894,Operations,47,27552,1,36,52,No
3895,Finance,39,81627,7,49,92,Yes
3896,Operations,30,70987,8,47,92,Yes
3897,Marketing,59,104810,5,44,75,No
3898,Marketing,44,70380,2,47,67,No
3899,HR,42,54250,8,53,96,Yes
3900,HR,22,93344,1,52,56,No
3901,HR,42,89686,7,41,62,No
3902,Operations,48,70028,1,52,60,No
3903,Marketing,27,40295,12,50,100,Yes
3904,Marketing,57,80248,6,59,77,No
3905,Marketing,49,105205,13,55,100,Yes
3906,Finance,38,35523,6,37,71,No
3907,Marketing,24,70530,5,59,99,No
3908,Finance,33,38769,2,31,29,No
3909,HR,33,88042,2,31,48,No
3910,HR,23,69645,9,34,75,No
3911,Operations,43,115743,5,60,78,No
3912,HR,44,87142,5,30,45,No
3913,Operations,51,50557,7,51,79,No
3914,IT,26,104782,6,33,67,No
3915,IT,30,103382,2,35,42,No
3916,Sales,42,62085,11,52,100,Yes
3917,Operations,32,75708,1,42,35,No
3918,Sales,26,76357,5,48,79,No
3919,Sales,56,38470,4,40,64,No
3920,IT,48,103712,12,42,86,Yes
3921,Operations,23,104082,3,37,67,No
3922,IT,45,31805,2,36,49,No
3923,Sales,52,107324,10,42,99,Yes
3924,Operations,54,119884,2,30,51,No
3925,Sales,51,87028,14,35,100,Yes
3926,Marketing,58,75772,4,36,54,No
3927,Operations,49,77104,2,45,62,No
3928,Operations,52,98616,4,59,60,No
3929,Sales,32,114300,3,56,74,No
3930,Marketing,44,31630,9,44,100,Yes
3931,Finance,23,40701,7,49,77,No
3932,IT,48,39859,14,59,100,Yes
3933,Sales,56,46183,13,31,100,Yes
3934,Operations,23,65438,11,55,100,Yes
3935,IT,58,67244,12,54,100,Yes
3936,IT,42,99312,3,52,51,No
3937,IT,26,40021,13,45,100,Yes
3938,Finance,42,94863,14,46,100,Yes
3939,HR,50,80565,8,53,100,Yes
3940,Sales,41,73043,9,44,93,Yes
3941,HR,59,98150,13,32,94,Yes
3942,HR,41,89361,7,33,70,No
3943,HR,46,26245,6,41,88,No
3944,IT,23,66011,4,34,52,No
3945,Marketing,53,35355,5,46,77,No
3946,IT,47,73692,8,60,100,Yes
3947,IT,27,74004,3,35,43,No
3948,Operations,24,54714,2,39,43,No
3949,Operations,54,42198,3,51,81,No
3950,HR,22,91951,12,47,100,Yes
3951,IT,26,26652,7,56,84,Yes
3952,HR,34,68625,8,39,75,No
3953,Operations,40,110982,1,35,30,No
3954,Marketing,33,43740,13,53,100,Yes
3955,Sales,46,28810,7,35,67,No
3956,HR,56,41569,9,49,91,Yes
3957,Marketing,33,104120,12,44,100,Yes
3958,Sales,51,51783,13,33,81,Yes
3959,Finance,26,103047,14,54,100,Yes
3960,HR,55,34471,14,45,100,Yes
3961,HR,43,31163,3,51,63,No
3962,Finance,34,88087,3,53,62,No
3963,Finance,24,87071,8,37,69,No
3964,HR,41,41065,4,36,58,No
3965,Finance,52,108456,14,48,100,Yes
3966,IT,26,73348,8,55,96,Yes
3967,Sales,45,44154,5,46,65,No
3968,Sales,54,45229,14,50,100,Yes
3969,Sales,29,77587,3,42,58,No
3970,IT,45,74713,4,44,59,No
3971,Finance,41,51997,14,55,100,Yes
3972,Marketing,37,46101,4,55,73,No
3973,Finance,33,65391,8,60,100,Yes
3974,HR,34,100863,6,31,53,No
3975,Operations,46,97723,7,57,84,Yes
3976,Sales,53,84405,9,39,67,No
3977,Finance,45,59948,6,42,67,No
3978,Marketing,30,78031,3,47,59,No
3979,HR,44,62921,13,59,100,Yes
3980,IT,34,97571,3,52,73,No
3981,IT,53,102007,11,40,100,Yes
3982,Marketing,36,53460,3,42,68,No
3983,HR,57,46071,12,48,99,Yes
3984,Sales,26,91118,10,58,100,Yes
3985,Finance,43,73282,2,53,52,No
3986,HR,37,116725,1,54,63,No
3987,IT,31,83445,11,59,100,Yes
3988,Marketing,45,106067,10,58,96,Yes
3989,Marketing,39,107208,1,53,64,No
3990,Finance,39,79816,4,51,81,No
3991,Marketing,28,110779,3,34,40,No
3992,Marketing,25,28060,5,32,61,No
3993,HR,47,38731,12,48,100,Yes
3994,Sales,26,102830,9,52,95,Yes
3995,Finance,37,45719,12,42,98,Yes
3996,HR,56,72042,13,34,96,Yes
3997,Sales,47,74116,8,41,92,Yes
3998,HR,39,51325,12,43,100,Yes
3999,Operations,50,47597,9,35,73,No
4000,HR,44,92439,13,59,100,Yes
